Date,Close,High,Low,Open,Volume,Interval,Ticker,Symbol
2023-07-31 02:00:00+00:00,61404.68359375,62341.13671875,61270.90234375,62207.359375,0,1h,VCB,VCB.VN
2023-07-31 03:00:00+00:00,61471.5703125,61605.3515625,61337.79296875,61404.68359375,128504,1h,VCB,VCB.VN
2023-07-31 04:00:00+00:00,61404.68359375,61538.4609375,61404.68359375,61471.5703125,54401,1h,VCB,VCB.VN
2023-07-31 06:00:00+00:00,61538.4609375,61672.2421875,61404.68359375,61404.68359375,327312,1h,VCB,VCB.VN
2023-07-31 07:00:00+00:00,61270.90234375,62073.578125,61270.90234375,61538.4609375,0,1h,VCB,VCB.VN
2023-08-01 02:00:00+00:00,61739.12890625,61806.01953125,61270.90234375,61270.90234375,123604,1h,VCB,VCB.VN
2023-08-01 03:00:00+00:00,61806.01953125,62073.578125,61672.2421875,61806.01953125,225403,1h,VCB,VCB.VN
2023-08-01 04:00:00+00:00,61872.91015625,61872.91015625,61739.12890625,61806.01953125,90704,1h,VCB,VCB.VN
2023-08-01 06:00:00+00:00,61605.3515625,61872.91015625,61538.4609375,61872.91015625,370405,1h,VCB,VCB.VN
2023-08-01 07:00:00+00:00,61003.34375,61739.12890625,61003.34375,61605.3515625,0,1h,VCB,VCB.VN
2023-08-02 02:00:00+00:00,61137.125,61204.01171875,61003.34375,61003.34375,128204,1h,VCB,VCB.VN
2023-08-02 03:00:00+00:00,61003.34375,61204.01171875,61003.34375,61137.125,111103,1h,VCB,VCB.VN
2023-08-02 04:00:00+00:00,61070.234375,61070.234375,61003.34375,61003.34375,73603,1h,VCB,VCB.VN
2023-08-02 06:00:00+00:00,61003.34375,61070.234375,60936.453125,61070.234375,339111,1h,VCB,VCB.VN
2023-08-02 07:00:00+00:00,61204.01171875,61204.01171875,60869.56640625,61070.234375,0,1h,VCB,VCB.VN
2023-08-03 02:00:00+00:00,61070.234375,61204.01171875,61003.34375,61204.01171875,69407,1h,VCB,VCB.VN
2023-08-03 03:00:00+00:00,60869.56640625,61003.34375,60668.89453125,61003.34375,243104,1h,VCB,VCB.VN
2023-08-03 04:00:00+00:00,60802.67578125,60869.56640625,60735.78515625,60869.56640625,58601,1h,VCB,VCB.VN
2023-08-03 06:00:00+00:00,60802.67578125,60936.453125,60735.78515625,60869.56640625,261005,1h,VCB,VCB.VN
2023-08-03 07:00:00+00:00,60602.0078125,60869.56640625,60535.1171875,60869.56640625,0,1h,VCB,VCB.VN
2023-08-04 02:00:00+00:00,60602.0078125,60936.453125,60535.1171875,60668.89453125,89105,1h,VCB,VCB.VN
2023-08-04 03:00:00+00:00,60602.0078125,60668.89453125,60468.2265625,60602.0078125,59003,1h,VCB,VCB.VN
2023-08-04 04:00:00+00:00,60535.1171875,60602.0078125,60468.2265625,60602.0078125,21301,1h,VCB,VCB.VN
2023-08-04 06:00:00+00:00,60535.1171875,60602.0078125,60334.44921875,60535.1171875,274905,1h,VCB,VCB.VN
2023-08-04 07:00:00+00:00,60267.55859375,60668.89453125,60267.55859375,60468.2265625,787286,1h,VCB,VCB.VN
2023-08-07 02:00:00+00:00,60602.0078125,60602.0078125,60200.66796875,60267.55859375,0,1h,VCB,VCB.VN
2023-08-07 03:00:00+00:00,60468.2265625,60668.89453125,60401.3359375,60602.0078125,157203,1h,VCB,VCB.VN
2023-08-07 04:00:00+00:00,60334.44921875,60468.2265625,60267.55859375,60468.2265625,101100,1h,VCB,VCB.VN
2023-08-07 06:00:00+00:00,60401.3359375,60468.2265625,60334.44921875,60334.44921875,186516,1h,VCB,VCB.VN
2023-08-07 07:00:00+00:00,60735.78515625,60735.78515625,60267.55859375,60334.44921875,0,1h,VCB,VCB.VN
2023-08-08 02:00:00+00:00,60936.453125,61003.34375,60735.78515625,60735.78515625,143204,1h,VCB,VCB.VN
2023-08-08 03:00:00+00:00,60735.78515625,60936.453125,60735.78515625,60936.453125,173205,1h,VCB,VCB.VN
2023-08-08 04:00:00+00:00,60802.67578125,60802.67578125,60735.78515625,60802.67578125,20504,1h,VCB,VCB.VN
2023-08-08 06:00:00+00:00,60401.3359375,60869.56640625,60267.55859375,60735.78515625,223808,1h,VCB,VCB.VN
2023-08-08 07:00:00+00:00,60668.89453125,60668.89453125,60334.44921875,60468.2265625,0,1h,VCB,VCB.VN
2023-08-09 02:00:00+00:00,60401.3359375,60802.67578125,60401.3359375,60668.89453125,79705,1h,VCB,VCB.VN
2023-08-09 03:00:00+00:00,60602.0078125,60602.0078125,60401.3359375,60401.3359375,93910,1h,VCB,VCB.VN
2023-08-09 04:00:00+00:00,60334.44921875,60535.1171875,60334.44921875,60535.1171875,19402,1h,VCB,VCB.VN
2023-08-09 06:00:00+00:00,60334.44921875,60401.3359375,60267.55859375,60334.44921875,217813,1h,VCB,VCB.VN
2023-08-09 07:00:00+00:00,60334.44921875,60602.0078125,60334.44921875,60401.3359375,0,1h,VCB,VCB.VN
2023-08-10 02:00:00+00:00,60267.55859375,60535.1171875,60267.55859375,60535.1171875,66204,1h,VCB,VCB.VN
2023-08-10 03:00:00+00:00,60200.66796875,60334.44921875,60133.77734375,60334.44921875,188205,1h,VCB,VCB.VN
2023-08-10 04:00:00+00:00,60200.66796875,60334.44921875,60133.77734375,60200.66796875,71901,1h,VCB,VCB.VN
2023-08-10 06:00:00+00:00,59799.33203125,60200.66796875,59665.55078125,60200.66796875,568015,1h,VCB,VCB.VN
2023-08-10 07:00:00+00:00,59197.32421875,59799.33203125,59197.32421875,59799.33203125,0,1h,VCB,VCB.VN
2023-08-11 02:00:00+00:00,59531.7734375,59665.55078125,59197.32421875,59197.32421875,112508,1h,VCB,VCB.VN
2023-08-11 03:00:00+00:00,59397.9921875,59598.66015625,59331.1015625,59531.7734375,120808,1h,VCB,VCB.VN
2023-08-11 04:00:00+00:00,59264.21484375,59464.8828125,59197.32421875,59331.1015625,70900,1h,VCB,VCB.VN
2023-08-11 06:00:00+00:00,59464.8828125,59598.66015625,59197.32421875,59264.21484375,231411,1h,VCB,VCB.VN
2023-08-11 07:00:00+00:00,60468.2265625,60468.2265625,59464.8828125,59464.8828125,405173,1h,VCB,VCB.VN
2023-08-14 02:00:00+00:00,60000.0,60401.3359375,59665.55078125,60401.3359375,0,1h,VCB,VCB.VN
2023-08-14 03:00:00+00:00,60066.890625,60200.66796875,59866.21875,60200.66796875,123012,1h,VCB,VCB.VN
2023-08-14 04:00:00+00:00,59933.109375,60066.890625,59866.21875,59933.109375,85503,1h,VCB,VCB.VN
2023-08-14 06:00:00+00:00,59732.44140625,60066.890625,59665.55078125,60066.890625,526111,1h,VCB,VCB.VN
2023-08-14 07:00:00+00:00,59531.7734375,59866.21875,59531.7734375,59732.44140625,0,1h,VCB,VCB.VN
2023-08-15 02:00:00+00:00,59531.7734375,60200.66796875,59397.9921875,60200.66796875,265404,1h,VCB,VCB.VN
2023-08-15 03:00:00+00:00,59331.1015625,59531.7734375,59264.21484375,59531.7734375,194004,1h,VCB,VCB.VN
2023-08-15 04:00:00+00:00,59264.21484375,59531.7734375,59197.32421875,59331.1015625,89902,1h,VCB,VCB.VN
2023-08-15 06:00:00+00:00,59397.9921875,59464.8828125,59197.32421875,59331.1015625,353903,1h,VCB,VCB.VN
2023-08-15 07:00:00+00:00,59464.8828125,59598.66015625,59331.1015625,59397.9921875,0,1h,VCB,VCB.VN
2023-08-16 02:00:00+00:00,59799.33203125,59799.33203125,59331.1015625,59397.9921875,70007,1h,VCB,VCB.VN
2023-08-16 03:00:00+00:00,59732.44140625,59799.33203125,59531.7734375,59799.33203125,142413,1h,VCB,VCB.VN
2023-08-16 04:00:00+00:00,59732.44140625,59732.44140625,59598.66015625,59732.44140625,41102,1h,VCB,VCB.VN
2023-08-16 06:00:00+00:00,59531.7734375,59732.44140625,59464.8828125,59665.55078125,222011,1h,VCB,VCB.VN
2023-08-16 07:00:00+00:00,59665.55078125,59732.44140625,59464.8828125,59531.7734375,0,1h,VCB,VCB.VN
2023-08-17 02:00:00+00:00,59464.8828125,59665.55078125,59264.21484375,59665.55078125,187507,1h,VCB,VCB.VN
2023-08-17 03:00:00+00:00,59665.55078125,59732.44140625,59531.7734375,59531.7734375,234302,1h,VCB,VCB.VN
2023-08-17 04:00:00+00:00,59732.44140625,59732.44140625,59665.55078125,59665.55078125,157502,1h,VCB,VCB.VN
2023-08-17 06:00:00+00:00,59933.109375,60000.0,59665.55078125,59732.44140625,799104,1h,VCB,VCB.VN
2023-08-17 07:00:00+00:00,59799.33203125,60066.890625,59732.44140625,59933.109375,786685,1h,VCB,VCB.VN
2023-08-18 02:00:00+00:00,60000.0,60401.3359375,59799.33203125,60066.890625,0,1h,VCB,VCB.VN
2023-08-18 03:00:00+00:00,59933.109375,60000.0,59665.55078125,60000.0,311500,1h,VCB,VCB.VN
2023-08-18 04:00:00+00:00,59866.21875,60066.890625,59799.33203125,59933.109375,126200,1h,VCB,VCB.VN
2023-08-18 06:00:00+00:00,59732.44140625,60000.0,59531.7734375,59933.109375,966600,1h,VCB,VCB.VN
2023-08-18 07:00:00+00:00,59866.21875,59866.21875,59531.7734375,59799.33203125,709396,1h,VCB,VCB.VN
2023-08-21 02:00:00+00:00,59866.21875,60200.66796875,59732.44140625,60000.0,0,1h,VCB,VCB.VN
2023-08-21 03:00:00+00:00,59799.33203125,59866.21875,59665.55078125,59866.21875,237104,1h,VCB,VCB.VN
2023-08-21 04:00:00+00:00,59799.33203125,59933.109375,59799.33203125,59799.33203125,107703,1h,VCB,VCB.VN
2023-08-21 06:00:00+00:00,59799.33203125,59866.21875,59665.55078125,59866.21875,347714,1h,VCB,VCB.VN
2023-08-21 07:00:00+00:00,60066.890625,60334.44921875,59732.44140625,59799.33203125,0,1h,VCB,VCB.VN
2023-08-22 02:00:00+00:00,59799.33203125,60000.0,59799.33203125,59866.21875,124703,1h,VCB,VCB.VN
2023-08-22 03:00:00+00:00,59264.21484375,59866.21875,59264.21484375,59799.33203125,281306,1h,VCB,VCB.VN
2023-08-22 04:00:00+00:00,59331.1015625,59598.66015625,59197.32421875,59264.21484375,208403,1h,VCB,VCB.VN
2023-08-22 06:00:00+00:00,59130.43359375,59331.1015625,58729.09765625,59331.1015625,823612,1h,VCB,VCB.VN
2023-08-22 07:00:00+00:00,59130.43359375,59397.9921875,58862.875,59264.21484375,0,1h,VCB,VCB.VN
2023-08-23 02:00:00+00:00,58795.98828125,59464.8828125,58795.98828125,59464.8828125,204301,1h,VCB,VCB.VN
2023-08-23 03:00:00+00:00,58394.6484375,59063.546875,58394.6484375,58795.98828125,227401,1h,VCB,VCB.VN
2023-08-23 04:00:00+00:00,57926.421875,58662.20703125,57859.53125,58394.6484375,252001,1h,VCB,VCB.VN
2023-08-23 06:00:00+00:00,57859.53125,58461.5390625,57591.97265625,57926.421875,517608,1h,VCB,VCB.VN
2023-08-23 07:00:00+00:00,57725.75390625,58260.87109375,57591.97265625,57725.75390625,0,1h,VCB,VCB.VN
2023-08-24 02:00:00+00:00,57525.08203125,58193.98046875,57525.08203125,57725.75390625,121601,1h,VCB,VCB.VN
2023-08-24 03:00:00+00:00,58060.19921875,58260.87109375,57525.08203125,57525.08203125,192100,1h,VCB,VCB.VN
2023-08-24 04:00:00+00:00,58060.19921875,58193.98046875,57792.640625,58060.19921875,63000,1h,VCB,VCB.VN
2023-08-24 06:00:00+00:00,58729.09765625,58996.65625,57792.640625,57792.640625,344102,1h,VCB,VCB.VN
2023-08-24 07:00:00+00:00,58193.98046875,58795.98828125,57859.53125,58662.20703125,0,1h,VCB,VCB.VN
2023-08-25 02:00:00+00:00,57792.640625,58127.08984375,57525.08203125,57658.86328125,132100,1h,VCB,VCB.VN
2023-08-25 03:00:00+00:00,57725.75390625,58193.98046875,57725.75390625,58060.19921875,339200,1h,VCB,VCB.VN
2023-08-25 04:00:00+00:00,57658.86328125,57859.53125,57591.97265625,57859.53125,108000,1h,VCB,VCB.VN
2023-08-25 06:00:00+00:00,57725.75390625,57993.3125,57525.08203125,57658.86328125,391400,1h,VCB,VCB.VN
2023-08-25 07:00:00+00:00,57658.86328125,58060.19921875,57591.97265625,57725.75390625,495900,1h,VCB,VCB.VN
2023-08-28 02:00:00+00:00,57993.3125,58461.5390625,57792.640625,57792.640625,0,1h,VCB,VCB.VN
2023-08-28 03:00:00+00:00,58060.19921875,58127.08984375,57658.86328125,57993.3125,200900,1h,VCB,VCB.VN
2023-08-28 04:00:00+00:00,57926.421875,58060.19921875,57792.640625,57859.53125,66600,1h,VCB,VCB.VN
2023-08-28 06:00:00+00:00,58127.08984375,58193.98046875,57792.640625,57859.53125,485200,1h,VCB,VCB.VN
2023-08-28 07:00:00+00:00,58193.98046875,58528.4296875,58060.19921875,58193.98046875,0,1h,VCB,VCB.VN
2023-08-29 02:00:00+00:00,58595.31640625,58662.20703125,58127.08984375,58193.98046875,182700,1h,VCB,VCB.VN
2023-08-29 03:00:00+00:00,58528.4296875,58595.31640625,58461.5390625,58595.31640625,156501,1h,VCB,VCB.VN
2023-08-29 04:00:00+00:00,58528.4296875,58662.20703125,58461.5390625,58595.31640625,166200,1h,VCB,VCB.VN
2023-08-29 06:00:00+00:00,59130.43359375,59130.43359375,58461.5390625,58528.4296875,586902,1h,VCB,VCB.VN
2023-08-29 07:00:00+00:00,59130.43359375,59197.32421875,58996.65625,59063.546875,0,1h,VCB,VCB.VN
2023-08-30 02:00:00+00:00,59866.21875,59866.21875,59197.32421875,59197.32421875,204600,1h,VCB,VCB.VN
2023-08-30 03:00:00+00:00,59799.33203125,59866.21875,59598.66015625,59866.21875,221301,1h,VCB,VCB.VN
2023-08-30 04:00:00+00:00,59665.55078125,59866.21875,59665.55078125,59799.33203125,167200,1h,VCB,VCB.VN
2023-08-30 06:00:00+00:00,59665.55078125,59799.33203125,59598.66015625,59665.55078125,453101,1h,VCB,VCB.VN
2023-08-30 07:00:00+00:00,59598.66015625,59732.44140625,59598.66015625,59665.55078125,354798,1h,VCB,VCB.VN
2023-08-31 02:00:00+00:00,59531.7734375,59598.66015625,59063.546875,59598.66015625,0,1h,VCB,VCB.VN
2023-08-31 03:00:00+00:00,59799.33203125,59866.21875,59531.7734375,59531.7734375,243200,1h,VCB,VCB.VN
2023-08-31 04:00:00+00:00,59799.33203125,59866.21875,59665.55078125,59799.33203125,119200,1h,VCB,VCB.VN
2023-08-31 06:00:00+00:00,59799.33203125,59933.109375,59732.44140625,59866.21875,434700,1h,VCB,VCB.VN
2023-08-31 07:00:00+00:00,59598.66015625,59866.21875,59598.66015625,59799.33203125,612500,1h,VCB,VCB.VN
2023-09-05 02:00:00+00:00,59866.21875,59933.109375,59598.66015625,59598.66015625,0,1h,VCB,VCB.VN
2023-09-05 03:00:00+00:00,60000.0,60066.890625,59866.21875,59933.109375,309100,1h,VCB,VCB.VN
2023-09-05 04:00:00+00:00,60000.0,60000.0,59933.109375,60000.0,166100,1h,VCB,VCB.VN
2023-09-05 06:00:00+00:00,60468.2265625,60668.89453125,59933.109375,60000.0,746602,1h,VCB,VCB.VN
2023-09-05 07:00:00+00:00,60267.55859375,60401.3359375,60200.66796875,60401.3359375,570798,1h,VCB,VCB.VN
2023-09-06 02:00:00+00:00,60133.77734375,60334.44921875,60000.0,60334.44921875,0,1h,VCB,VCB.VN
2023-09-06 03:00:00+00:00,60267.55859375,60267.55859375,60066.890625,60133.77734375,256900,1h,VCB,VCB.VN
2023-09-06 04:00:00+00:00,60133.77734375,60267.55859375,60066.890625,60267.55859375,144200,1h,VCB,VCB.VN
2023-09-06 06:00:00+00:00,60200.66796875,60267.55859375,60066.890625,60066.890625,794802,1h,VCB,VCB.VN
2023-09-06 07:00:00+00:00,60334.44921875,60334.44921875,60133.77734375,60200.66796875,628897,1h,VCB,VCB.VN
2023-09-07 02:00:00+00:00,60535.1171875,60602.0078125,60200.66796875,60200.66796875,0,1h,VCB,VCB.VN
2023-09-07 03:00:00+00:00,60334.44921875,60735.78515625,60334.44921875,60535.1171875,252000,1h,VCB,VCB.VN
2023-09-07 04:00:00+00:00,60200.66796875,60334.44921875,60200.66796875,60334.44921875,147501,1h,VCB,VCB.VN
2023-09-07 06:00:00+00:00,60200.66796875,60267.55859375,60066.890625,60200.66796875,719500,1h,VCB,VCB.VN
2023-09-07 07:00:00+00:00,59866.21875,60200.66796875,59866.21875,60200.66796875,586698,1h,VCB,VCB.VN
2023-09-08 02:00:00+00:00,59799.33203125,59866.21875,59598.66015625,59866.21875,0,1h,VCB,VCB.VN
2023-09-08 03:00:00+00:00,59799.33203125,59866.21875,59799.33203125,59799.33203125,222603,1h,VCB,VCB.VN
2023-09-08 04:00:00+00:00,59799.33203125,59866.21875,59732.44140625,59799.33203125,199600,1h,VCB,VCB.VN
2023-09-08 06:00:00+00:00,59799.33203125,59866.21875,59732.44140625,59799.33203125,435002,1h,VCB,VCB.VN
2023-09-08 07:00:00+00:00,59866.21875,59866.21875,59732.44140625,59799.33203125,254995,1h,VCB,VCB.VN
2023-09-11 02:00:00+00:00,60133.77734375,60200.66796875,59933.109375,59933.109375,0,1h,VCB,VCB.VN
2023-09-11 03:00:00+00:00,60066.890625,60200.66796875,60000.0,60133.77734375,231500,1h,VCB,VCB.VN
2023-09-11 04:00:00+00:00,60066.890625,60066.890625,60000.0,60066.890625,102900,1h,VCB,VCB.VN
2023-09-11 06:00:00+00:00,59531.7734375,60066.890625,59531.7734375,60066.890625,445300,1h,VCB,VCB.VN
2023-09-11 07:00:00+00:00,59197.32421875,59598.66015625,58862.875,59531.7734375,722600,1h,VCB,VCB.VN
2023-09-12 02:00:00+00:00,59598.66015625,59665.55078125,59464.8828125,59531.7734375,0,1h,VCB,VCB.VN
2023-09-12 03:00:00+00:00,59866.21875,59866.21875,59598.66015625,59598.66015625,236900,1h,VCB,VCB.VN
2023-09-12 04:00:00+00:00,59732.44140625,59866.21875,59665.55078125,59866.21875,137900,1h,VCB,VCB.VN
2023-09-12 06:00:00+00:00,59732.44140625,59799.33203125,59665.55078125,59732.44140625,456000,1h,VCB,VCB.VN
2023-09-12 07:00:00+00:00,60133.77734375,60200.66796875,59732.44140625,59732.44140625,595900,1h,VCB,VCB.VN
2023-09-13 02:00:00+00:00,60066.890625,60200.66796875,60000.0,60200.66796875,0,1h,VCB,VCB.VN
2023-09-13 03:00:00+00:00,59799.33203125,60133.77734375,59531.7734375,60066.890625,315300,1h,VCB,VCB.VN
2023-09-13 04:00:00+00:00,59665.55078125,59866.21875,59598.66015625,59799.33203125,115700,1h,VCB,VCB.VN
2023-09-13 06:00:00+00:00,59665.55078125,60066.890625,59531.7734375,59732.44140625,397200,1h,VCB,VCB.VN
2023-09-13 07:00:00+00:00,59598.66015625,60066.890625,59464.8828125,59665.55078125,545000,1h,VCB,VCB.VN
2023-09-14 02:00:00+00:00,59598.66015625,59866.21875,59531.7734375,59531.7734375,0,1h,VCB,VCB.VN
2023-09-14 03:00:00+00:00,59331.1015625,59665.55078125,59264.21484375,59598.66015625,180300,1h,VCB,VCB.VN
2023-09-14 04:00:00+00:00,59264.21484375,59331.1015625,59197.32421875,59331.1015625,108600,1h,VCB,VCB.VN
2023-09-14 06:00:00+00:00,58996.65625,59264.21484375,58929.765625,59264.21484375,452100,1h,VCB,VCB.VN
2023-09-14 07:00:00+00:00,59598.66015625,59598.66015625,58996.65625,58996.65625,652000,1h,VCB,VCB.VN
2023-09-15 02:00:00+00:00,59464.8828125,59598.66015625,59264.21484375,59464.8828125,0,1h,VCB,VCB.VN
2023-09-15 03:00:00+00:00,59331.1015625,59531.7734375,59264.21484375,59464.8828125,149100,1h,VCB,VCB.VN
2023-09-15 04:00:00+00:00,59464.8828125,59531.7734375,59331.1015625,59331.1015625,65300,1h,VCB,VCB.VN
2023-09-15 06:00:00+00:00,59464.8828125,59531.7734375,59331.1015625,59464.8828125,232200,1h,VCB,VCB.VN
2023-09-15 07:00:00+00:00,60066.890625,60066.890625,59331.1015625,59464.8828125,1652100,1h,VCB,VCB.VN
2023-09-18 02:00:00+00:00,59598.66015625,60000.0,59397.9921875,59866.21875,0,1h,VCB,VCB.VN
2023-09-18 03:00:00+00:00,59665.55078125,59665.55078125,59397.9921875,59598.66015625,71101,1h,VCB,VCB.VN
2023-09-18 04:00:00+00:00,59264.21484375,59665.55078125,59197.32421875,59665.55078125,75000,1h,VCB,VCB.VN
2023-09-18 06:00:00+00:00,59130.43359375,59397.9921875,59063.546875,59264.21484375,313700,1h,VCB,VCB.VN
2023-09-18 07:00:00+00:00,59397.9921875,59531.7734375,59063.546875,59197.32421875,0,1h,VCB,VCB.VN
2023-09-19 02:00:00+00:00,59197.32421875,59665.55078125,59197.32421875,59397.9921875,38300,1h,VCB,VCB.VN
2023-09-19 03:00:00+00:00,58862.875,59264.21484375,58862.875,59197.32421875,147200,1h,VCB,VCB.VN
2023-09-19 04:00:00+00:00,58795.98828125,58862.875,58595.31640625,58862.875,73000,1h,VCB,VCB.VN
2023-09-19 06:00:00+00:00,58193.98046875,58929.765625,57525.08203125,58862.875,501803,1h,VCB,VCB.VN
2023-09-19 07:00:00+00:00,58929.765625,58929.765625,58127.08984375,58193.98046875,449897,1h,VCB,VCB.VN
2023-09-20 02:00:00+00:00,58862.875,58929.765625,57792.640625,58929.765625,0,1h,VCB,VCB.VN
2023-09-20 03:00:00+00:00,58996.65625,59130.43359375,58795.98828125,58862.875,337505,1h,VCB,VCB.VN
2023-09-20 04:00:00+00:00,58996.65625,58996.65625,58862.875,58996.65625,57200,1h,VCB,VCB.VN
2023-09-20 06:00:00+00:00,58795.98828125,58996.65625,58729.09765625,58929.765625,215612,1h,VCB,VCB.VN
2023-09-20 07:00:00+00:00,58862.875,58862.875,58662.20703125,58862.875,316777,1h,VCB,VCB.VN
2023-09-21 02:00:00+00:00,58729.09765625,58862.875,58394.6484375,58862.875,0,1h,VCB,VCB.VN
2023-09-21 03:00:00+00:00,58193.98046875,58729.09765625,58060.19921875,58729.09765625,346602,1h,VCB,VCB.VN
2023-09-21 04:00:00+00:00,58394.6484375,58394.6484375,58193.98046875,58260.87109375,105600,1h,VCB,VCB.VN
2023-09-21 06:00:00+00:00,58327.7578125,58461.5390625,58260.87109375,58394.6484375,250405,1h,VCB,VCB.VN
2023-09-21 07:00:00+00:00,58193.98046875,58862.875,58193.98046875,58327.7578125,312590,1h,VCB,VCB.VN
2023-09-22 02:00:00+00:00,57859.53125,57926.421875,57792.640625,57792.640625,0,1h,VCB,VCB.VN
2023-09-22 03:00:00+00:00,57591.97265625,57926.421875,57525.08203125,57792.640625,545103,1h,VCB,VCB.VN
2023-09-22 04:00:00+00:00,57591.97265625,57658.86328125,57525.08203125,57525.08203125,183300,1h,VCB,VCB.VN
2023-09-22 06:00:00+00:00,58862.875,59130.43359375,57525.08203125,57591.97265625,612203,1h,VCB,VCB.VN
2023-09-22 07:00:00+00:00,59732.44140625,59866.21875,58729.09765625,58795.98828125,957091,1h,VCB,VCB.VN
2023-09-25 02:00:00+00:00,59531.7734375,59732.44140625,59063.546875,59531.7734375,0,1h,VCB,VCB.VN
2023-09-25 03:00:00+00:00,59665.55078125,59866.21875,59464.8828125,59531.7734375,185206,1h,VCB,VCB.VN
2023-09-25 04:00:00+00:00,59732.44140625,59866.21875,59665.55078125,59665.55078125,100800,1h,VCB,VCB.VN
2023-09-25 06:00:00+00:00,59732.44140625,59866.21875,59665.55078125,59665.55078125,1025809,1h,VCB,VCB.VN
2023-09-25 07:00:00+00:00,59732.44140625,59799.33203125,59397.9921875,59732.44140625,882680,1h,VCB,VCB.VN
2023-09-26 02:00:00+00:00,59464.8828125,59732.44140625,59197.32421875,59665.55078125,0,1h,VCB,VCB.VN
2023-09-26 03:00:00+00:00,59665.55078125,59799.33203125,59331.1015625,59464.8828125,339205,1h,VCB,VCB.VN
2023-09-26 04:00:00+00:00,59531.7734375,59732.44140625,59464.8828125,59665.55078125,179201,1h,VCB,VCB.VN
2023-09-26 06:00:00+00:00,59130.43359375,59665.55078125,59130.43359375,59531.7734375,476501,1h,VCB,VCB.VN
2023-09-26 07:00:00+00:00,58193.98046875,59531.7734375,58127.08984375,59197.32421875,425785,1h,VCB,VCB.VN
2023-09-27 02:00:00+00:00,58327.7578125,58595.31640625,58193.98046875,58595.31640625,0,1h,VCB,VCB.VN
2023-09-27 03:00:00+00:00,58929.765625,59531.7734375,58327.7578125,58327.7578125,334100,1h,VCB,VCB.VN
2023-09-27 04:00:00+00:00,58996.65625,59197.32421875,58862.875,58929.765625,201700,1h,VCB,VCB.VN
2023-09-27 06:00:00+00:00,58862.875,59130.43359375,58729.09765625,58996.65625,309101,1h,VCB,VCB.VN
2023-09-27 07:00:00+00:00,58729.09765625,58862.875,58193.98046875,58729.09765625,405399,1h,VCB,VCB.VN
2023-09-28 02:00:00+00:00,58327.7578125,58662.20703125,58260.87109375,58327.7578125,0,1h,VCB,VCB.VN
2023-09-28 03:00:00+00:00,58127.08984375,58327.7578125,57993.3125,58260.87109375,282100,1h,VCB,VCB.VN
2023-09-28 04:00:00+00:00,57993.3125,58127.08984375,57926.421875,58127.08984375,69700,1h,VCB,VCB.VN
2023-09-28 06:00:00+00:00,58729.09765625,58929.765625,57993.3125,58060.19921875,164801,1h,VCB,VCB.VN
2023-09-28 07:00:00+00:00,58862.875,59063.546875,58193.98046875,58729.09765625,416898,1h,VCB,VCB.VN
2023-09-29 02:00:00+00:00,58528.4296875,59063.546875,58327.7578125,59063.546875,0,1h,VCB,VCB.VN
2023-09-29 03:00:00+00:00,58662.20703125,58795.98828125,58327.7578125,58528.4296875,71804,1h,VCB,VCB.VN
2023-09-29 04:00:00+00:00,58795.98828125,58795.98828125,58394.6484375,58729.09765625,26303,1h,VCB,VCB.VN
2023-09-29 06:00:00+00:00,58662.20703125,58862.875,58394.6484375,58795.98828125,227703,1h,VCB,VCB.VN
2023-09-29 07:00:00+00:00,58528.4296875,58862.875,58528.4296875,58795.98828125,231185,1h,VCB,VCB.VN
2023-10-02 02:00:00+00:00,58060.19921875,58260.87109375,57926.421875,58260.87109375,0,1h,VCB,VCB.VN
2023-10-02 03:00:00+00:00,58060.19921875,58127.08984375,57993.3125,58060.19921875,138405,1h,VCB,VCB.VN
2023-10-02 04:00:00+00:00,58127.08984375,58127.08984375,57993.3125,58060.19921875,20401,1h,VCB,VCB.VN
2023-10-02 06:00:00+00:00,57993.3125,58327.7578125,57926.421875,58193.98046875,204106,1h,VCB,VCB.VN
2023-10-02 07:00:00+00:00,57859.53125,58060.19921875,57859.53125,57993.3125,221484,1h,VCB,VCB.VN
2023-10-03 02:00:00+00:00,57926.421875,57993.3125,57591.97265625,57859.53125,0,1h,VCB,VCB.VN
2023-10-03 03:00:00+00:00,57591.97265625,57993.3125,57591.97265625,57993.3125,139500,1h,VCB,VCB.VN
2023-10-03 04:00:00+00:00,57725.75390625,57792.640625,57525.08203125,57658.86328125,74400,1h,VCB,VCB.VN
2023-10-03 06:00:00+00:00,57725.75390625,57859.53125,57525.08203125,57658.86328125,363600,1h,VCB,VCB.VN
2023-10-03 07:00:00+00:00,57725.75390625,57792.640625,57391.3046875,57725.75390625,366700,1h,VCB,VCB.VN
2023-10-04 02:00:00+00:00,57257.5234375,57725.75390625,57056.85546875,57725.75390625,0,1h,VCB,VCB.VN
2023-10-04 03:00:00+00:00,57391.3046875,57658.86328125,57257.5234375,57257.5234375,112700,1h,VCB,VCB.VN
2023-10-04 04:00:00+00:00,57324.4140625,57391.3046875,57123.74609375,57391.3046875,71700,1h,VCB,VCB.VN
2023-10-04 06:00:00+00:00,57324.4140625,57324.4140625,57123.74609375,57324.4140625,216600,1h,VCB,VCB.VN
2023-10-04 07:00:00+00:00,57725.75390625,57725.75390625,57190.63671875,57324.4140625,424700,1h,VCB,VCB.VN
2023-10-05 02:00:00+00:00,57190.63671875,57525.08203125,56923.078125,57525.08203125,0,1h,VCB,VCB.VN
2023-10-05 03:00:00+00:00,57123.74609375,57458.1953125,57056.85546875,57190.63671875,106300,1h,VCB,VCB.VN
2023-10-05 04:00:00+00:00,57123.74609375,57190.63671875,57123.74609375,57123.74609375,14000,1h,VCB,VCB.VN
2023-10-05 06:00:00+00:00,56923.078125,57190.63671875,56856.1875,57123.74609375,326400,1h,VCB,VCB.VN
2023-10-05 07:00:00+00:00,56521.73828125,57458.1953125,56521.73828125,56923.078125,450200,1h,VCB,VCB.VN
2023-10-06 02:00:00+00:00,56120.40234375,56789.296875,55852.84375,56521.73828125,0,1h,VCB,VCB.VN
2023-10-06 03:00:00+00:00,56053.51171875,56187.2890625,55986.62109375,56053.51171875,91800,1h,VCB,VCB.VN
2023-10-06 04:00:00+00:00,56053.51171875,56120.40234375,55852.84375,56053.51171875,94000,1h,VCB,VCB.VN
2023-10-06 06:00:00+00:00,56053.51171875,56120.40234375,55919.73046875,56053.51171875,194900,1h,VCB,VCB.VN
2023-10-06 07:00:00+00:00,57123.74609375,57123.74609375,56053.51171875,56053.51171875,286800,1h,VCB,VCB.VN
2023-10-09 02:00:00+00:00,56454.84765625,57123.74609375,56387.9609375,57123.74609375,0,1h,VCB,VCB.VN
2023-10-09 03:00:00+00:00,56321.0703125,56454.84765625,56254.1796875,56454.84765625,156700,1h,VCB,VCB.VN
2023-10-09 04:00:00+00:00,56254.1796875,56387.9609375,56254.1796875,56321.0703125,61100,1h,VCB,VCB.VN
2023-10-09 06:00:00+00:00,56254.1796875,56321.0703125,56187.2890625,56254.1796875,316100,1h,VCB,VCB.VN
2023-10-09 07:00:00+00:00,56588.62890625,56588.62890625,56187.2890625,56187.2890625,593900,1h,VCB,VCB.VN
2023-10-10 02:00:00+00:00,57391.3046875,57525.08203125,56588.62890625,56588.62890625,0,1h,VCB,VCB.VN
2023-10-10 03:00:00+00:00,57658.86328125,57658.86328125,57324.4140625,57391.3046875,191100,1h,VCB,VCB.VN
2023-10-10 04:00:00+00:00,57525.08203125,57658.86328125,57458.1953125,57658.86328125,59100,1h,VCB,VCB.VN
2023-10-10 06:00:00+00:00,57525.08203125,57591.97265625,57391.3046875,57525.08203125,252500,1h,VCB,VCB.VN
2023-10-10 07:00:00+00:00,57591.97265625,57591.97265625,57458.1953125,57525.08203125,186399,1h,VCB,VCB.VN
2023-10-11 02:00:00+00:00,57525.08203125,57658.86328125,57458.1953125,57658.86328125,0,1h,VCB,VCB.VN
2023-10-11 03:00:00+00:00,57458.1953125,57525.08203125,57391.3046875,57525.08203125,86900,1h,VCB,VCB.VN
2023-10-11 04:00:00+00:00,57525.08203125,57591.97265625,57458.1953125,57458.1953125,113800,1h,VCB,VCB.VN
2023-10-11 06:00:00+00:00,57591.97265625,57591.97265625,57324.4140625,57525.08203125,238300,1h,VCB,VCB.VN
2023-10-11 07:00:00+00:00,57859.53125,57859.53125,57525.08203125,57591.97265625,0,1h,VCB,VCB.VN
2023-10-12 02:00:00+00:00,57658.86328125,58127.08984375,57391.3046875,58127.08984375,152900,1h,VCB,VCB.VN
2023-10-12 03:00:00+00:00,57525.08203125,57725.75390625,57324.4140625,57658.86328125,196600,1h,VCB,VCB.VN
2023-10-12 04:00:00+00:00,57591.97265625,57725.75390625,57525.08203125,57525.08203125,64900,1h,VCB,VCB.VN
2023-10-12 06:00:00+00:00,57525.08203125,57658.86328125,57458.1953125,57591.97265625,228700,1h,VCB,VCB.VN
2023-10-12 07:00:00+00:00,57525.08203125,57725.75390625,57458.1953125,57525.08203125,239000,1h,VCB,VCB.VN
2023-10-13 02:00:00+00:00,57458.1953125,57591.97265625,57190.63671875,57525.08203125,0,1h,VCB,VCB.VN
2023-10-13 03:00:00+00:00,57591.97265625,57725.75390625,57458.1953125,57525.08203125,188700,1h,VCB,VCB.VN
2023-10-13 04:00:00+00:00,57591.97265625,57658.86328125,57525.08203125,57658.86328125,68400,1h,VCB,VCB.VN
2023-10-13 06:00:00+00:00,57591.97265625,57591.97265625,57458.1953125,57525.08203125,223500,1h,VCB,VCB.VN
2023-10-13 07:00:00+00:00,57926.421875,57926.421875,57525.08203125,57591.97265625,206500,1h,VCB,VCB.VN
2023-10-16 02:00:00+00:00,57658.86328125,57926.421875,57257.5234375,57257.5234375,0,1h,VCB,VCB.VN
2023-10-16 03:00:00+00:00,57458.1953125,57725.75390625,57391.3046875,57725.75390625,89900,1h,VCB,VCB.VN
2023-10-16 04:00:00+00:00,57525.08203125,57591.97265625,57391.3046875,57458.1953125,29300,1h,VCB,VCB.VN
2023-10-16 06:00:00+00:00,57525.08203125,57591.97265625,57391.3046875,57525.08203125,218800,1h,VCB,VCB.VN
2023-10-16 07:00:00+00:00,57591.97265625,57591.97265625,57391.3046875,57525.08203125,172800,1h,VCB,VCB.VN
2023-10-17 02:00:00+00:00,57458.1953125,57859.53125,57391.3046875,57591.97265625,0,1h,VCB,VCB.VN
2023-10-17 03:00:00+00:00,57725.75390625,57725.75390625,57458.1953125,57458.1953125,66500,1h,VCB,VCB.VN
2023-10-17 04:00:00+00:00,57725.75390625,57725.75390625,57591.97265625,57725.75390625,0,1h,VCB,VCB.VN
2023-10-17 06:00:00+00:00,57591.97265625,57725.75390625,57458.1953125,57725.75390625,278800,1h,VCB,VCB.VN
2023-10-17 07:00:00+00:00,57458.1953125,57658.86328125,57190.63671875,57591.97265625,129600,1h,VCB,VCB.VN
2023-10-18 02:00:00+00:00,56989.96484375,57391.3046875,56856.1875,57190.63671875,0,1h,VCB,VCB.VN
2023-10-18 03:00:00+00:00,56923.078125,57056.85546875,56856.1875,56923.078125,199200,1h,VCB,VCB.VN
2023-10-18 04:00:00+00:00,56989.96484375,57056.85546875,56923.078125,56923.078125,145700,1h,VCB,VCB.VN
2023-10-18 06:00:00+00:00,57056.85546875,57123.74609375,56856.1875,56989.96484375,231600,1h,VCB,VCB.VN
2023-10-18 07:00:00+00:00,57458.1953125,57525.08203125,56989.96484375,56989.96484375,599500,1h,VCB,VCB.VN
2023-10-19 02:00:00+00:00,57458.1953125,57458.1953125,56856.1875,57190.63671875,0,1h,VCB,VCB.VN
2023-10-19 03:00:00+00:00,57123.74609375,57525.08203125,57123.74609375,57391.3046875,304100,1h,VCB,VCB.VN
2023-10-19 04:00:00+00:00,57056.85546875,57391.3046875,56989.96484375,57123.74609375,159500,1h,VCB,VCB.VN
2023-10-19 06:00:00+00:00,56521.73828125,57123.74609375,56387.9609375,57056.85546875,450400,1h,VCB,VCB.VN
2023-10-19 07:00:00+00:00,56521.73828125,57391.3046875,56254.1796875,56588.62890625,434700,1h,VCB,VCB.VN
2023-10-20 02:00:00+00:00,55986.62109375,56387.9609375,55852.84375,55852.84375,0,1h,VCB,VCB.VN
2023-10-20 03:00:00+00:00,55451.50390625,56053.51171875,55451.50390625,56053.51171875,198200,1h,VCB,VCB.VN
2023-10-20 04:00:00+00:00,55384.61328125,56120.40234375,55317.7265625,55451.50390625,140100,1h,VCB,VCB.VN
2023-10-20 06:00:00+00:00,55919.73046875,56521.73828125,55384.61328125,55451.50390625,300700,1h,VCB,VCB.VN
2023-10-20 07:00:00+00:00,56722.40625,57056.85546875,55852.84375,55852.84375,217500,1h,VCB,VCB.VN
2023-10-23 02:00:00+00:00,55652.171875,56521.73828125,55585.28515625,56521.73828125,0,1h,VCB,VCB.VN
2023-10-23 03:00:00+00:00,55518.39453125,55652.171875,55451.50390625,55652.171875,204800,1h,VCB,VCB.VN
2023-10-23 04:00:00+00:00,55317.7265625,55518.39453125,55317.7265625,55518.39453125,91500,1h,VCB,VCB.VN
2023-10-23 06:00:00+00:00,55317.7265625,55451.50390625,55183.9453125,55384.61328125,388400,1h,VCB,VCB.VN
2023-10-23 07:00:00+00:00,56521.73828125,56521.73828125,55250.8359375,55250.8359375,0,1h,VCB,VCB.VN
2023-10-24 02:00:00+00:00,56521.73828125,56856.1875,56120.40234375,56521.73828125,74400,1h,VCB,VCB.VN
2023-10-24 03:00:00+00:00,56454.84765625,56588.62890625,56454.84765625,56521.73828125,88100,1h,VCB,VCB.VN
2023-10-24 04:00:00+00:00,56722.40625,56722.40625,56387.9609375,56454.84765625,60500,1h,VCB,VCB.VN
2023-10-24 06:00:00+00:00,57391.3046875,57458.1953125,56521.73828125,56588.62890625,258200,1h,VCB,VCB.VN
2023-10-24 07:00:00+00:00,57525.08203125,57859.53125,57257.5234375,57391.3046875,512800,1h,VCB,VCB.VN
2023-10-25 02:00:00+00:00,56655.51953125,57123.74609375,56655.51953125,56923.078125,0,1h,VCB,VCB.VN
2023-10-25 03:00:00+00:00,56856.1875,56856.1875,56588.62890625,56722.40625,143700,1h,VCB,VCB.VN
2023-10-25 04:00:00+00:00,57123.74609375,57123.74609375,56856.1875,56856.1875,21300,1h,VCB,VCB.VN
2023-10-25 06:00:00+00:00,57056.85546875,57324.4140625,56789.296875,57123.74609375,370800,1h,VCB,VCB.VN
2023-10-25 07:00:00+00:00,57391.3046875,57391.3046875,56856.1875,57123.74609375,0,1h,VCB,VCB.VN
2023-10-26 02:00:00+00:00,56588.62890625,56856.1875,55852.84375,56789.296875,246900,1h,VCB,VCB.VN
2023-10-26 03:00:00+00:00,56923.078125,57525.08203125,56588.62890625,56588.62890625,233900,1h,VCB,VCB.VN
2023-10-26 04:00:00+00:00,56722.40625,57190.63671875,56588.62890625,56856.1875,201400,1h,VCB,VCB.VN
2023-10-26 06:00:00+00:00,56856.1875,57458.1953125,56655.51953125,56722.40625,353400,1h,VCB,VCB.VN
2023-10-26 07:00:00+00:00,56521.73828125,57190.63671875,56521.73828125,56722.40625,384700,1h,VCB,VCB.VN
2023-10-27 02:00:00+00:00,56254.1796875,56588.62890625,56120.40234375,56588.62890625,0,1h,VCB,VCB.VN
2023-10-27 03:00:00+00:00,56254.1796875,56521.73828125,56187.2890625,56254.1796875,91900,1h,VCB,VCB.VN
2023-10-27 04:00:00+00:00,56387.9609375,56856.1875,56254.1796875,56521.73828125,67000,1h,VCB,VCB.VN
2023-10-27 06:00:00+00:00,56187.2890625,56789.296875,56053.51171875,56387.9609375,387400,1h,VCB,VCB.VN
2023-10-27 07:00:00+00:00,56856.1875,56856.1875,56120.40234375,56187.2890625,282400,1h,VCB,VCB.VN
2023-10-30 02:00:00+00:00,56254.1796875,56655.51953125,55852.84375,55852.84375,0,1h,VCB,VCB.VN
2023-10-30 03:00:00+00:00,56789.296875,56856.1875,56254.1796875,56321.0703125,59800,1h,VCB,VCB.VN
2023-10-30 04:00:00+00:00,56856.1875,57391.3046875,56655.51953125,56789.296875,79300,1h,VCB,VCB.VN
2023-10-30 06:00:00+00:00,57391.3046875,57391.3046875,56789.296875,56856.1875,148900,1h,VCB,VCB.VN
2023-10-30 07:00:00+00:00,57458.1953125,57525.08203125,57056.85546875,57391.3046875,293100,1h,VCB,VCB.VN
2023-10-31 02:00:00+00:00,57056.85546875,57458.1953125,56789.296875,57458.1953125,0,1h,VCB,VCB.VN
2023-10-31 03:00:00+00:00,57525.08203125,57525.08203125,56923.078125,56989.96484375,153300,1h,VCB,VCB.VN
2023-10-31 04:00:00+00:00,57859.53125,57859.53125,57458.1953125,57525.08203125,158300,1h,VCB,VCB.VN
2023-10-31 06:00:00+00:00,57993.3125,58060.19921875,57725.75390625,57792.640625,386600,1h,VCB,VCB.VN
2023-10-31 07:00:00+00:00,58060.19921875,58127.08984375,57391.3046875,57993.3125,635300,1h,VCB,VCB.VN
2023-11-01 02:00:00+00:00,57993.3125,58060.19921875,57591.97265625,58060.19921875,0,1h,VCB,VCB.VN
2023-11-01 03:00:00+00:00,58193.98046875,58260.87109375,58060.19921875,58060.19921875,245400,1h,VCB,VCB.VN
2023-11-01 04:00:00+00:00,58060.19921875,58260.87109375,57993.3125,58193.98046875,154900,1h,VCB,VCB.VN
2023-11-01 06:00:00+00:00,58127.08984375,58327.7578125,58060.19921875,58060.19921875,414700,1h,VCB,VCB.VN
2023-11-01 07:00:00+00:00,58729.09765625,58729.09765625,58060.19921875,58260.87109375,0,1h,VCB,VCB.VN
2023-11-02 02:00:00+00:00,58595.31640625,58996.65625,58528.4296875,58862.875,77400,1h,VCB,VCB.VN
2023-11-02 03:00:00+00:00,58595.31640625,58595.31640625,58394.6484375,58528.4296875,109900,1h,VCB,VCB.VN
2023-11-02 04:00:00+00:00,58193.98046875,58662.20703125,58193.98046875,58595.31640625,165400,1h,VCB,VCB.VN
2023-11-02 06:00:00+00:00,58127.08984375,58327.7578125,57926.421875,58193.98046875,274700,1h,VCB,VCB.VN
2023-11-02 07:00:00+00:00,59531.7734375,59531.7734375,58060.19921875,58127.08984375,487100,1h,VCB,VCB.VN
2023-11-03 02:00:00+00:00,59464.8828125,59531.7734375,58929.765625,59531.7734375,0,1h,VCB,VCB.VN
2023-11-03 03:00:00+00:00,59531.7734375,59531.7734375,59397.9921875,59464.8828125,159300,1h,VCB,VCB.VN
2023-11-03 04:00:00+00:00,59397.9921875,59531.7734375,59397.9921875,59531.7734375,123500,1h,VCB,VCB.VN
2023-11-03 06:00:00+00:00,59665.55078125,59799.33203125,59264.21484375,59397.9921875,352700,1h,VCB,VCB.VN
2023-11-03 07:00:00+00:00,59464.8828125,59799.33203125,59464.8828125,59598.66015625,371200,1h,VCB,VCB.VN
2023-11-06 02:00:00+00:00,59933.109375,60066.890625,59464.8828125,59464.8828125,0,1h,VCB,VCB.VN
2023-11-06 03:00:00+00:00,59598.66015625,60000.0,59598.66015625,59933.109375,139000,1h,VCB,VCB.VN
2023-11-06 04:00:00+00:00,59531.7734375,59665.55078125,59197.32421875,59665.55078125,63200,1h,VCB,VCB.VN
2023-11-06 06:00:00+00:00,59598.66015625,59732.44140625,59264.21484375,59264.21484375,176300,1h,VCB,VCB.VN
2023-11-06 07:00:00+00:00,59866.21875,59866.21875,59331.1015625,59598.66015625,190000,1h,VCB,VCB.VN
2023-11-07 02:00:00+00:00,59331.1015625,59732.44140625,59197.32421875,59531.7734375,0,1h,VCB,VCB.VN
2023-11-07 03:00:00+00:00,59197.32421875,59331.1015625,59063.546875,59264.21484375,86700,1h,VCB,VCB.VN
2023-11-07 04:00:00+00:00,59197.32421875,59264.21484375,59197.32421875,59197.32421875,27000,1h,VCB,VCB.VN
2023-11-07 06:00:00+00:00,59264.21484375,59397.9921875,59197.32421875,59197.32421875,143400,1h,VCB,VCB.VN
2023-11-07 07:00:00+00:00,59063.546875,59331.1015625,59063.546875,59264.21484375,145100,1h,VCB,VCB.VN
2023-11-08 02:00:00+00:00,58996.65625,59130.43359375,58862.875,58862.875,0,1h,VCB,VCB.VN
2023-11-08 03:00:00+00:00,58996.65625,59130.43359375,58929.765625,58996.65625,96900,1h,VCB,VCB.VN
2023-11-08 04:00:00+00:00,58996.65625,59063.546875,58996.65625,58996.65625,30700,1h,VCB,VCB.VN
2023-11-08 06:00:00+00:00,59531.7734375,59866.21875,58795.98828125,58996.65625,367400,1h,VCB,VCB.VN
2023-11-08 07:00:00+00:00,59866.21875,60000.0,59598.66015625,59598.66015625,768499,1h,VCB,VCB.VN
2023-11-09 02:00:00+00:00,59464.8828125,59866.21875,59397.9921875,59866.21875,0,1h,VCB,VCB.VN
2023-11-09 03:00:00+00:00,59331.1015625,59531.7734375,59197.32421875,59464.8828125,282700,1h,VCB,VCB.VN
2023-11-09 04:00:00+00:00,59531.7734375,59531.7734375,59331.1015625,59331.1015625,118600,1h,VCB,VCB.VN
2023-11-09 06:00:00+00:00,58996.65625,59665.55078125,58862.875,59464.8828125,353000,1h,VCB,VCB.VN
2023-11-09 07:00:00+00:00,58795.98828125,59464.8828125,58795.98828125,59063.546875,0,1h,VCB,VCB.VN
2023-11-10 02:00:00+00:00,57792.640625,58528.4296875,57725.75390625,58260.87109375,296900,1h,VCB,VCB.VN
2023-11-10 03:00:00+00:00,57725.75390625,57859.53125,57591.97265625,57792.640625,220800,1h,VCB,VCB.VN
2023-11-10 04:00:00+00:00,57792.640625,57792.640625,57725.75390625,57725.75390625,107000,1h,VCB,VCB.VN
2023-11-10 06:00:00+00:00,57792.640625,58060.19921875,57658.86328125,57792.640625,359400,1h,VCB,VCB.VN
2023-11-10 07:00:00+00:00,57525.08203125,57859.53125,57525.08203125,57792.640625,426900,1h,VCB,VCB.VN
2023-11-13 02:00:00+00:00,57391.3046875,57591.97265625,57324.4140625,57525.08203125,0,1h,VCB,VCB.VN
2023-11-13 03:00:00+00:00,57257.5234375,57391.3046875,57257.5234375,57391.3046875,147500,1h,VCB,VCB.VN
2023-11-13 04:00:00+00:00,57324.4140625,57458.1953125,57257.5234375,57257.5234375,148800,1h,VCB,VCB.VN
2023-11-13 06:00:00+00:00,57324.4140625,57391.3046875,57257.5234375,57324.4140625,348200,1h,VCB,VCB.VN
2023-11-13 07:00:00+00:00,57190.63671875,57324.4140625,57123.74609375,57257.5234375,2464786,1h,VCB,VCB.VN
2023-11-14 02:00:00+00:00,57591.97265625,57859.53125,57458.1953125,57525.08203125,0,1h,VCB,VCB.VN
2023-11-14 03:00:00+00:00,57391.3046875,57725.75390625,57324.4140625,57525.08203125,354400,1h,VCB,VCB.VN
2023-11-14 04:00:00+00:00,57391.3046875,57525.08203125,57391.3046875,57458.1953125,45300,1h,VCB,VCB.VN
2023-11-14 06:00:00+00:00,57190.63671875,57458.1953125,57123.74609375,57458.1953125,367400,1h,VCB,VCB.VN
2023-11-14 07:00:00+00:00,57525.08203125,57525.08203125,57123.74609375,57190.63671875,178800,1h,VCB,VCB.VN
2023-11-15 02:00:00+00:00,58260.87109375,58394.6484375,57859.53125,57859.53125,0,1h,VCB,VCB.VN
2023-11-15 03:00:00+00:00,58528.4296875,58662.20703125,58193.98046875,58260.87109375,385400,1h,VCB,VCB.VN
2023-11-15 04:00:00+00:00,58595.31640625,58662.20703125,58528.4296875,58528.4296875,113300,1h,VCB,VCB.VN
2023-11-15 06:00:00+00:00,58060.19921875,58662.20703125,57993.3125,58595.31640625,2877400,1h,VCB,VCB.VN
2023-11-15 07:00:00+00:00,58662.20703125,58662.20703125,57993.3125,58127.08984375,522200,1h,VCB,VCB.VN
2023-11-16 02:00:00+00:00,58193.98046875,58595.31640625,58193.98046875,58193.98046875,0,1h,VCB,VCB.VN
2023-11-16 03:00:00+00:00,58127.08984375,58260.87109375,58060.19921875,58260.87109375,199400,1h,VCB,VCB.VN
2023-11-16 04:00:00+00:00,58127.08984375,58193.98046875,58060.19921875,58060.19921875,81800,1h,VCB,VCB.VN
2023-11-16 06:00:00+00:00,58127.08984375,58327.7578125,57993.3125,58127.08984375,348500,1h,VCB,VCB.VN
2023-11-16 07:00:00+00:00,58862.875,58862.875,57993.3125,58127.08984375,578800,1h,VCB,VCB.VN
2023-11-17 02:00:00+00:00,58461.5390625,58795.98828125,58461.5390625,58729.09765625,0,1h,VCB,VCB.VN
2023-11-17 03:00:00+00:00,58327.7578125,58528.4296875,58260.87109375,58461.5390625,184100,1h,VCB,VCB.VN
2023-11-17 04:00:00+00:00,58127.08984375,58327.7578125,58127.08984375,58327.7578125,183400,1h,VCB,VCB.VN
2023-11-17 06:00:00+00:00,57591.97265625,58260.87109375,57458.1953125,58127.08984375,571000,1h,VCB,VCB.VN
2023-11-17 07:00:00+00:00,57257.5234375,58127.08984375,57190.63671875,57591.97265625,627400,1h,VCB,VCB.VN
2023-11-20 02:00:00+00:00,57324.4140625,57859.53125,56856.1875,57257.5234375,0,1h,VCB,VCB.VN
2023-11-20 03:00:00+00:00,57458.1953125,57658.86328125,57257.5234375,57324.4140625,144500,1h,VCB,VCB.VN
2023-11-20 04:00:00+00:00,57591.97265625,57725.75390625,57391.3046875,57458.1953125,84100,1h,VCB,VCB.VN
2023-11-20 06:00:00+00:00,57926.421875,57926.421875,57458.1953125,57591.97265625,320400,1h,VCB,VCB.VN
2023-11-20 07:00:00+00:00,57591.97265625,58193.98046875,57525.08203125,57926.421875,356400,1h,VCB,VCB.VN
2023-11-21 02:00:00+00:00,57525.08203125,57859.53125,57391.3046875,57591.97265625,0,1h,VCB,VCB.VN
2023-11-21 03:00:00+00:00,57993.3125,57993.3125,57525.08203125,57525.08203125,179200,1h,VCB,VCB.VN
2023-11-21 04:00:00+00:00,57792.640625,57993.3125,57725.75390625,57993.3125,97700,1h,VCB,VCB.VN
2023-11-21 06:00:00+00:00,57859.53125,57993.3125,57658.86328125,57792.640625,545200,1h,VCB,VCB.VN
2023-11-21 07:00:00+00:00,57926.421875,57926.421875,57725.75390625,57859.53125,278200,1h,VCB,VCB.VN
2023-11-22 02:00:00+00:00,57525.08203125,57725.75390625,57458.1953125,57725.75390625,0,1h,VCB,VCB.VN
2023-11-22 03:00:00+00:00,57591.97265625,57859.53125,57391.3046875,57525.08203125,153800,1h,VCB,VCB.VN
2023-11-22 04:00:00+00:00,57525.08203125,57658.86328125,57525.08203125,57591.97265625,52100,1h,VCB,VCB.VN
2023-11-22 06:00:00+00:00,57324.4140625,57525.08203125,57190.63671875,57525.08203125,365100,1h,VCB,VCB.VN
2023-11-22 07:00:00+00:00,57993.3125,57993.3125,57257.5234375,57257.5234375,390800,1h,VCB,VCB.VN
2023-11-23 02:00:00+00:00,57926.421875,58060.19921875,57926.421875,57993.3125,0,1h,VCB,VCB.VN
2023-11-23 03:00:00+00:00,57725.75390625,58060.19921875,57658.86328125,57993.3125,124000,1h,VCB,VCB.VN
2023-11-23 04:00:00+00:00,57859.53125,57926.421875,57725.75390625,57725.75390625,59300,1h,VCB,VCB.VN
2023-11-23 06:00:00+00:00,57792.640625,57926.421875,57725.75390625,57859.53125,139300,1h,VCB,VCB.VN
2023-11-23 07:00:00+00:00,57190.63671875,57993.3125,57190.63671875,57725.75390625,366400,1h,VCB,VCB.VN
2023-11-24 02:00:00+00:00,57190.63671875,57324.4140625,57123.74609375,57190.63671875,0,1h,VCB,VCB.VN
2023-11-24 03:00:00+00:00,57190.63671875,57257.5234375,57056.85546875,57190.63671875,94000,1h,VCB,VCB.VN
2023-11-24 04:00:00+00:00,57391.3046875,57458.1953125,57123.74609375,57190.63671875,46000,1h,VCB,VCB.VN
2023-11-24 06:00:00+00:00,57190.63671875,57525.08203125,57190.63671875,57391.3046875,99800,1h,VCB,VCB.VN
2023-11-24 07:00:00+00:00,57525.08203125,57525.08203125,56856.1875,57257.5234375,397200,1h,VCB,VCB.VN
2023-11-27 02:00:00+00:00,57056.85546875,57525.08203125,56923.078125,57525.08203125,0,1h,VCB,VCB.VN
2023-11-27 03:00:00+00:00,56989.96484375,57123.74609375,56989.96484375,57056.85546875,66600,1h,VCB,VCB.VN
2023-11-27 04:00:00+00:00,57056.85546875,57123.74609375,56989.96484375,56989.96484375,30500,1h,VCB,VCB.VN
2023-11-27 06:00:00+00:00,57190.63671875,57190.63671875,57056.85546875,57056.85546875,170700,1h,VCB,VCB.VN
2023-11-27 07:00:00+00:00,57391.3046875,57391.3046875,57056.85546875,57190.63671875,172700,1h,VCB,VCB.VN
2023-11-28 02:00:00+00:00,56989.96484375,57190.63671875,56989.96484375,57190.63671875,0,1h,VCB,VCB.VN
2023-11-28 03:00:00+00:00,56856.1875,57123.74609375,56856.1875,57056.85546875,130000,1h,VCB,VCB.VN
2023-11-28 04:00:00+00:00,56789.296875,56856.1875,56722.40625,56856.1875,180400,1h,VCB,VCB.VN
2023-11-28 06:00:00+00:00,56856.1875,57190.63671875,56722.40625,56722.40625,231200,1h,VCB,VCB.VN
2023-11-28 07:00:00+00:00,57391.3046875,57458.1953125,56856.1875,56856.1875,0,1h,VCB,VCB.VN
2023-11-29 02:00:00+00:00,57458.1953125,57458.1953125,57123.74609375,57123.74609375,60400,1h,VCB,VCB.VN
2023-11-29 03:00:00+00:00,56989.96484375,57391.3046875,56989.96484375,57391.3046875,140500,1h,VCB,VCB.VN
2023-11-29 04:00:00+00:00,56923.078125,57123.74609375,56923.078125,56989.96484375,73700,1h,VCB,VCB.VN
2023-11-29 06:00:00+00:00,57257.5234375,57391.3046875,56923.078125,56989.96484375,282100,1h,VCB,VCB.VN
2023-11-29 07:00:00+00:00,56923.078125,57458.1953125,56923.078125,57257.5234375,281400,1h,VCB,VCB.VN
2023-11-30 02:00:00+00:00,56989.96484375,57123.74609375,56856.1875,56923.078125,0,1h,VCB,VCB.VN
2023-11-30 03:00:00+00:00,56923.078125,57056.85546875,56856.1875,56989.96484375,185000,1h,VCB,VCB.VN
2023-11-30 04:00:00+00:00,56856.1875,56923.078125,56789.296875,56923.078125,55700,1h,VCB,VCB.VN
2023-11-30 06:00:00+00:00,56856.1875,56923.078125,56722.40625,56856.1875,237300,1h,VCB,VCB.VN
2023-11-30 07:00:00+00:00,56655.51953125,56923.078125,56655.51953125,56789.296875,410300,1h,VCB,VCB.VN
2023-12-01 02:00:00+00:00,56521.73828125,56856.1875,56521.73828125,56789.296875,0,1h,VCB,VCB.VN
2023-12-01 03:00:00+00:00,56387.9609375,56588.62890625,56387.9609375,56588.62890625,151300,1h,VCB,VCB.VN
2023-12-01 04:00:00+00:00,56387.9609375,56454.84765625,56321.0703125,56454.84765625,73800,1h,VCB,VCB.VN
2023-12-01 06:00:00+00:00,56387.9609375,56454.84765625,56254.1796875,56387.9609375,209700,1h,VCB,VCB.VN
2023-12-01 07:00:00+00:00,56856.1875,56856.1875,56387.9609375,56387.9609375,251600,1h,VCB,VCB.VN
2023-12-04 02:00:00+00:00,56856.1875,57123.74609375,56722.40625,57123.74609375,0,1h,VCB,VCB.VN
2023-12-04 03:00:00+00:00,57391.3046875,57658.86328125,56789.296875,56856.1875,255500,1h,VCB,VCB.VN
2023-12-04 04:00:00+00:00,57391.3046875,57658.86328125,57391.3046875,57391.3046875,118900,1h,VCB,VCB.VN
2023-12-04 06:00:00+00:00,57458.1953125,57525.08203125,57123.74609375,57391.3046875,184300,1h,VCB,VCB.VN
2023-12-04 07:00:00+00:00,57525.08203125,57658.86328125,57190.63671875,57458.1953125,324900,1h,VCB,VCB.VN
2023-12-05 02:00:00+00:00,57324.4140625,57591.97265625,57324.4140625,57525.08203125,0,1h,VCB,VCB.VN
2023-12-05 03:00:00+00:00,57190.63671875,57391.3046875,57123.74609375,57324.4140625,191200,1h,VCB,VCB.VN
2023-12-05 04:00:00+00:00,56989.96484375,57190.63671875,56989.96484375,57123.74609375,86600,1h,VCB,VCB.VN
2023-12-05 06:00:00+00:00,57056.85546875,57123.74609375,56989.96484375,57056.85546875,1518660,1h,VCB,VCB.VN
2023-12-05 07:00:00+00:00,57123.74609375,57123.74609375,56722.40625,57123.74609375,390499,1h,VCB,VCB.VN
2023-12-06 02:00:00+00:00,56923.078125,57123.74609375,56856.1875,57056.85546875,0,1h,VCB,VCB.VN
2023-12-06 03:00:00+00:00,57257.5234375,57391.3046875,56856.1875,56923.078125,173200,1h,VCB,VCB.VN
2023-12-06 04:00:00+00:00,57123.74609375,57324.4140625,57056.85546875,57257.5234375,43600,1h,VCB,VCB.VN
2023-12-06 06:00:00+00:00,57190.63671875,57257.5234375,57056.85546875,57123.74609375,181100,1h,VCB,VCB.VN
2023-12-06 07:00:00+00:00,57458.1953125,57525.08203125,57056.85546875,57190.63671875,253500,1h,VCB,VCB.VN
2023-12-07 02:00:00+00:00,57123.74609375,57458.1953125,56989.96484375,57324.4140625,0,1h,VCB,VCB.VN
2023-12-07 03:00:00+00:00,57123.74609375,57257.5234375,56856.1875,57123.74609375,224000,1h,VCB,VCB.VN
2023-12-07 04:00:00+00:00,56989.96484375,57257.5234375,56989.96484375,57123.74609375,82700,1h,VCB,VCB.VN
2023-12-07 06:00:00+00:00,57056.85546875,57257.5234375,56923.078125,56989.96484375,1552460,1h,VCB,VCB.VN
2023-12-07 07:00:00+00:00,56989.96484375,57525.08203125,56989.96484375,57123.74609375,296100,1h,VCB,VCB.VN
2023-12-08 02:00:00+00:00,56989.96484375,57190.63671875,56923.078125,56989.96484375,0,1h,VCB,VCB.VN
2023-12-08 03:00:00+00:00,56923.078125,57056.85546875,56856.1875,56989.96484375,221300,1h,VCB,VCB.VN
2023-12-08 04:00:00+00:00,56923.078125,56989.96484375,56856.1875,56923.078125,159400,1h,VCB,VCB.VN
2023-12-08 06:00:00+00:00,56989.96484375,57123.74609375,56856.1875,56923.078125,464400,1h,VCB,VCB.VN
2023-12-08 07:00:00+00:00,56856.1875,57190.63671875,56856.1875,57123.74609375,319200,1h,VCB,VCB.VN
2023-12-11 02:00:00+00:00,56655.51953125,57056.85546875,56521.73828125,56856.1875,0,1h,VCB,VCB.VN
2023-12-11 03:00:00+00:00,56454.84765625,56655.51953125,56454.84765625,56588.62890625,148700,1h,VCB,VCB.VN
2023-12-11 04:00:00+00:00,56454.84765625,56521.73828125,56387.9609375,56521.73828125,96700,1h,VCB,VCB.VN
2023-12-11 06:00:00+00:00,56321.0703125,56521.73828125,56254.1796875,56454.84765625,526200,1h,VCB,VCB.VN
2023-12-11 07:00:00+00:00,56321.0703125,56588.62890625,56321.0703125,56387.9609375,1661000,1h,VCB,VCB.VN
2023-12-12 02:00:00+00:00,56254.1796875,56655.51953125,56187.2890625,56655.51953125,0,1h,VCB,VCB.VN
2023-12-12 03:00:00+00:00,56254.1796875,56321.0703125,56254.1796875,56321.0703125,175100,1h,VCB,VCB.VN
2023-12-12 04:00:00+00:00,56187.2890625,56321.0703125,56187.2890625,56321.0703125,136500,1h,VCB,VCB.VN
2023-12-12 06:00:00+00:00,56321.0703125,56321.0703125,56187.2890625,56254.1796875,361000,1h,VCB,VCB.VN
2023-12-12 07:00:00+00:00,56321.0703125,56454.84765625,56254.1796875,56254.1796875,0,1h,VCB,VCB.VN
2023-12-13 02:00:00+00:00,56387.9609375,56521.73828125,56254.1796875,56321.0703125,143800,1h,VCB,VCB.VN
2023-12-13 03:00:00+00:00,56321.0703125,56454.84765625,56321.0703125,56387.9609375,129600,1h,VCB,VCB.VN
2023-12-13 04:00:00+00:00,56254.1796875,56387.9609375,56254.1796875,56321.0703125,63600,1h,VCB,VCB.VN
2023-12-13 06:00:00+00:00,56254.1796875,56521.73828125,56254.1796875,56454.84765625,1565600,1h,VCB,VCB.VN
2023-12-13 07:00:00+00:00,55986.62109375,56387.9609375,55986.62109375,56321.0703125,618400,1h,VCB,VCB.VN
2023-12-14 02:00:00+00:00,56187.2890625,56321.0703125,56187.2890625,56187.2890625,0,1h,VCB,VCB.VN
2023-12-14 03:00:00+00:00,56321.0703125,56387.9609375,56187.2890625,56187.2890625,192600,1h,VCB,VCB.VN
2023-12-14 04:00:00+00:00,56454.84765625,56521.73828125,56321.0703125,56321.0703125,87500,1h,VCB,VCB.VN
2023-12-14 06:00:00+00:00,56387.9609375,56454.84765625,56321.0703125,56454.84765625,346400,1h,VCB,VCB.VN
2023-12-14 07:00:00+00:00,56454.84765625,56454.84765625,56187.2890625,56387.9609375,234100,1h,VCB,VCB.VN
2023-12-15 02:00:00+00:00,56254.1796875,56454.84765625,56120.40234375,56187.2890625,0,1h,VCB,VCB.VN
2023-12-15 03:00:00+00:00,56254.1796875,56387.9609375,56187.2890625,56254.1796875,118000,1h,VCB,VCB.VN
2023-12-15 04:00:00+00:00,56187.2890625,56321.0703125,56120.40234375,56254.1796875,82000,1h,VCB,VCB.VN
2023-12-15 06:00:00+00:00,56053.51171875,56321.0703125,56053.51171875,56187.2890625,373300,1h,VCB,VCB.VN
2023-12-15 07:00:00+00:00,54983.27734375,56321.0703125,54983.27734375,56120.40234375,1977599,1h,VCB,VCB.VN
2023-12-18 02:00:00+00:00,55317.7265625,55451.50390625,55183.9453125,55384.61328125,0,1h,VCB,VCB.VN
2023-12-18 03:00:00+00:00,54849.5,55317.7265625,54849.5,55250.8359375,264100,1h,VCB,VCB.VN
2023-12-18 04:00:00+00:00,54648.828125,54983.27734375,54515.05078125,54916.38671875,314300,1h,VCB,VCB.VN
2023-12-18 06:00:00+00:00,54715.71875,54849.5,54515.05078125,54648.828125,658600,1h,VCB,VCB.VN
2023-12-18 07:00:00+00:00,54515.05078125,54983.27734375,54515.05078125,54715.71875,0,1h,VCB,VCB.VN
2023-12-19 02:00:00+00:00,54314.3828125,54515.05078125,54314.3828125,54515.05078125,211800,1h,VCB,VCB.VN
2023-12-19 03:00:00+00:00,54180.6015625,54381.26953125,54180.6015625,54314.3828125,218800,1h,VCB,VCB.VN
2023-12-19 04:00:00+00:00,54247.4921875,54381.26953125,54180.6015625,54247.4921875,103800,1h,VCB,VCB.VN
2023-12-19 06:00:00+00:00,53913.04296875,54247.4921875,53779.265625,54180.6015625,768900,1h,VCB,VCB.VN
2023-12-19 07:00:00+00:00,54314.3828125,54314.3828125,53578.59375,53846.15234375,776100,1h,VCB,VCB.VN
2023-12-20 02:00:00+00:00,54046.82421875,54314.3828125,54046.82421875,54314.3828125,0,1h,VCB,VCB.VN
2023-12-20 03:00:00+00:00,53979.93359375,54113.7109375,53979.93359375,54046.82421875,284100,1h,VCB,VCB.VN
2023-12-20 04:00:00+00:00,53913.04296875,54046.82421875,53913.04296875,54046.82421875,155100,1h,VCB,VCB.VN
2023-12-20 06:00:00+00:00,54046.82421875,54046.82421875,53846.15234375,53913.04296875,524700,1h,VCB,VCB.VN
2023-12-20 07:00:00+00:00,54247.4921875,54381.26953125,53913.04296875,53913.04296875,643500,1h,VCB,VCB.VN
2023-12-21 02:00:00+00:00,53979.93359375,54180.6015625,53913.04296875,54180.6015625,0,1h,VCB,VCB.VN
2023-12-21 03:00:00+00:00,53846.15234375,54046.82421875,53846.15234375,53979.93359375,443900,1h,VCB,VCB.VN
2023-12-21 04:00:00+00:00,53779.265625,53979.93359375,53779.265625,53846.15234375,284800,1h,VCB,VCB.VN
2023-12-21 06:00:00+00:00,53846.15234375,53913.04296875,53712.375,53779.265625,757800,1h,VCB,VCB.VN
2023-12-21 07:00:00+00:00,54113.7109375,54180.6015625,53779.265625,53846.15234375,0,1h,VCB,VCB.VN
2023-12-22 02:00:00+00:00,53979.93359375,54113.7109375,53846.15234375,54113.7109375,210300,1h,VCB,VCB.VN
2023-12-22 03:00:00+00:00,53913.04296875,53979.93359375,53846.15234375,53979.93359375,183500,1h,VCB,VCB.VN
2023-12-22 04:00:00+00:00,53846.15234375,53979.93359375,53779.265625,53979.93359375,100400,1h,VCB,VCB.VN
2023-12-22 06:00:00+00:00,53913.04296875,54113.7109375,53846.15234375,53913.04296875,569200,1h,VCB,VCB.VN
2023-12-22 07:00:00+00:00,54113.7109375,54247.4921875,53846.15234375,53846.15234375,658400,1h,VCB,VCB.VN
2023-12-25 02:00:00+00:00,54581.94140625,54715.71875,53979.93359375,54113.7109375,0,1h,VCB,VCB.VN
2023-12-25 03:00:00+00:00,54381.26953125,54648.828125,54314.3828125,54581.94140625,197500,1h,VCB,VCB.VN
2023-12-25 04:00:00+00:00,54381.26953125,54515.05078125,54314.3828125,54448.16015625,80200,1h,VCB,VCB.VN
2023-12-25 06:00:00+00:00,54381.26953125,54581.94140625,54314.3828125,54381.26953125,526600,1h,VCB,VCB.VN
2023-12-25 07:00:00+00:00,54715.71875,54715.71875,54381.26953125,54381.26953125,424900,1h,VCB,VCB.VN
2023-12-26 02:00:00+00:00,55250.8359375,55317.7265625,54849.5,54849.5,0,1h,VCB,VCB.VN
2023-12-26 03:00:00+00:00,55117.05859375,55250.8359375,55050.16796875,55183.9453125,137000,1h,VCB,VCB.VN
2023-12-26 04:00:00+00:00,55117.05859375,55183.9453125,55050.16796875,55117.05859375,46400,1h,VCB,VCB.VN
2023-12-26 06:00:00+00:00,55117.05859375,55183.9453125,54983.27734375,55050.16796875,341100,1h,VCB,VCB.VN
2023-12-26 07:00:00+00:00,55384.61328125,55384.61328125,55050.16796875,55117.05859375,294800,1h,VCB,VCB.VN
2023-12-27 02:00:00+00:00,55384.61328125,55518.39453125,55183.9453125,55451.50390625,0,1h,VCB,VCB.VN
2023-12-27 03:00:00+00:00,55518.39453125,55585.28515625,55317.7265625,55384.61328125,182700,1h,VCB,VCB.VN
2023-12-27 04:00:00+00:00,55518.39453125,55585.28515625,55451.50390625,55518.39453125,54700,1h,VCB,VCB.VN
2023-12-27 06:00:00+00:00,55652.171875,55652.171875,55384.61328125,55451.50390625,362800,1h,VCB,VCB.VN
2023-12-27 07:00:00+00:00,55317.7265625,55652.171875,55317.7265625,55585.28515625,269300,1h,VCB,VCB.VN
2023-12-28 02:00:00+00:00,55117.05859375,55384.61328125,55117.05859375,55317.7265625,0,1h,VCB,VCB.VN
2023-12-28 03:00:00+00:00,55183.9453125,55250.8359375,55117.05859375,55117.05859375,105800,1h,VCB,VCB.VN
2023-12-28 04:00:00+00:00,55384.61328125,55384.61328125,55183.9453125,55183.9453125,57600,1h,VCB,VCB.VN
2023-12-28 06:00:00+00:00,55518.39453125,55585.28515625,55317.7265625,55384.61328125,494000,1h,VCB,VCB.VN
2023-12-28 07:00:00+00:00,55384.61328125,55518.39453125,55384.61328125,55451.50390625,219900,1h,VCB,VCB.VN
2023-12-29 02:00:00+00:00,56053.51171875,56120.40234375,55518.39453125,55852.84375,0,1h,VCB,VCB.VN
2023-12-29 03:00:00+00:00,55919.73046875,56120.40234375,55785.953125,56053.51171875,389900,1h,VCB,VCB.VN
2023-12-29 04:00:00+00:00,55852.84375,56053.51171875,55852.84375,56053.51171875,151300,1h,VCB,VCB.VN
2023-12-29 06:00:00+00:00,55785.953125,56053.51171875,55585.28515625,55986.62109375,621626,1h,VCB,VCB.VN
2023-12-29 07:00:00+00:00,53712.375,55986.62109375,53712.375,55785.953125,411600,1h,VCB,VCB.VN
2024-01-02 02:00:00+00:00,55518.39453125,55518.39453125,55183.9453125,55451.50390625,0,1h,VCB,VCB.VN
2024-01-02 03:00:00+00:00,55317.7265625,55518.39453125,55250.8359375,55451.50390625,400600,1h,VCB,VCB.VN
2024-01-02 04:00:00+00:00,55250.8359375,55384.61328125,54983.27734375,55317.7265625,206700,1h,VCB,VCB.VN
2024-01-02 06:00:00+00:00,55652.171875,55719.0625,55250.8359375,55250.8359375,508100,1h,VCB,VCB.VN
2024-01-02 07:00:00+00:00,55852.84375,55919.73046875,55652.171875,55652.171875,470199,1h,VCB,VCB.VN
2024-01-03 02:00:00+00:00,55719.0625,55919.73046875,55384.61328125,55852.84375,0,1h,VCB,VCB.VN
2024-01-03 03:00:00+00:00,55919.73046875,55986.62109375,55785.953125,55785.953125,165200,1h,VCB,VCB.VN
2024-01-03 04:00:00+00:00,56120.40234375,56187.2890625,55919.73046875,55986.62109375,205400,1h,VCB,VCB.VN
2024-01-03 06:00:00+00:00,56120.40234375,56187.2890625,55919.73046875,56120.40234375,482800,1h,VCB,VCB.VN
2024-01-03 07:00:00+00:00,56521.73828125,56521.73828125,56053.51171875,56120.40234375,518800,1h,VCB,VCB.VN
2024-01-04 02:00:00+00:00,56254.1796875,56655.51953125,56187.2890625,56521.73828125,0,1h,VCB,VCB.VN
2024-01-04 03:00:00+00:00,56521.73828125,56588.62890625,56254.1796875,56321.0703125,320100,1h,VCB,VCB.VN
2024-01-04 04:00:00+00:00,57123.74609375,57190.63671875,56521.73828125,56521.73828125,410300,1h,VCB,VCB.VN
2024-01-04 06:00:00+00:00,57525.08203125,57591.97265625,57056.85546875,57123.74609375,1228500,1h,VCB,VCB.VN
2024-01-04 07:00:00+00:00,57458.1953125,57658.86328125,57324.4140625,57525.08203125,575600,1h,VCB,VCB.VN
2024-01-05 02:00:00+00:00,57458.1953125,57525.08203125,57324.4140625,57458.1953125,0,1h,VCB,VCB.VN
2024-01-05 03:00:00+00:00,57525.08203125,57525.08203125,57324.4140625,57458.1953125,274300,1h,VCB,VCB.VN
2024-01-05 04:00:00+00:00,57525.08203125,57525.08203125,57391.3046875,57525.08203125,109000,1h,VCB,VCB.VN
2024-01-05 06:00:00+00:00,57458.1953125,57525.08203125,57391.3046875,57525.08203125,310200,1h,VCB,VCB.VN
2024-01-05 07:00:00+00:00,57658.86328125,57658.86328125,57391.3046875,57458.1953125,461300,1h,VCB,VCB.VN
2024-01-08 02:00:00+00:00,57859.53125,57926.421875,57725.75390625,57725.75390625,0,1h,VCB,VCB.VN
2024-01-08 03:00:00+00:00,57859.53125,57993.3125,57792.640625,57859.53125,329100,1h,VCB,VCB.VN
2024-01-08 04:00:00+00:00,57792.640625,57926.421875,57725.75390625,57859.53125,83800,1h,VCB,VCB.VN
2024-01-08 06:00:00+00:00,58060.19921875,58060.19921875,57725.75390625,57792.640625,562800,1h,VCB,VCB.VN
2024-01-08 07:00:00+00:00,58060.19921875,58060.19921875,57725.75390625,58060.19921875,447000,1h,VCB,VCB.VN
2024-01-09 02:00:00+00:00,58394.6484375,58528.4296875,58060.19921875,58060.19921875,0,1h,VCB,VCB.VN
2024-01-09 03:00:00+00:00,58461.5390625,58528.4296875,58260.87109375,58394.6484375,252000,1h,VCB,VCB.VN
2024-01-09 04:00:00+00:00,58327.7578125,58461.5390625,58327.7578125,58394.6484375,154500,1h,VCB,VCB.VN
2024-01-09 06:00:00+00:00,58528.4296875,58595.31640625,58327.7578125,58327.7578125,646600,1h,VCB,VCB.VN
2024-01-09 07:00:00+00:00,58729.09765625,58795.98828125,58528.4296875,58595.31640625,567000,1h,VCB,VCB.VN
2024-01-10 02:00:00+00:00,58528.4296875,58862.875,58327.7578125,58729.09765625,0,1h,VCB,VCB.VN
2024-01-10 03:00:00+00:00,59264.21484375,59531.7734375,58461.5390625,58528.4296875,493400,1h,VCB,VCB.VN
2024-01-10 04:00:00+00:00,59397.9921875,59531.7734375,59264.21484375,59264.21484375,173300,1h,VCB,VCB.VN
2024-01-10 06:00:00+00:00,59665.55078125,59732.44140625,59197.32421875,59397.9921875,727700,1h,VCB,VCB.VN
2024-01-10 07:00:00+00:00,59866.21875,59866.21875,59531.7734375,59665.55078125,300900,1h,VCB,VCB.VN
2024-01-11 02:00:00+00:00,59665.55078125,59866.21875,59264.21484375,59866.21875,0,1h,VCB,VCB.VN
2024-01-11 03:00:00+00:00,60133.77734375,60200.66796875,59665.55078125,59665.55078125,391000,1h,VCB,VCB.VN
2024-01-11 04:00:00+00:00,60000.0,60200.66796875,59933.109375,60133.77734375,187000,1h,VCB,VCB.VN
2024-01-11 06:00:00+00:00,59732.44140625,60000.0,59531.7734375,59933.109375,597900,1h,VCB,VCB.VN
2024-01-11 07:00:00+00:00,59732.44140625,59799.33203125,59331.1015625,59665.55078125,0,1h,VCB,VCB.VN
2024-01-12 02:00:00+00:00,58662.20703125,58996.65625,58461.5390625,58929.765625,261900,1h,VCB,VCB.VN
2024-01-12 03:00:00+00:00,59130.43359375,59531.7734375,58528.4296875,58662.20703125,377000,1h,VCB,VCB.VN
2024-01-12 04:00:00+00:00,59464.8828125,59464.8828125,58996.65625,59130.43359375,240500,1h,VCB,VCB.VN
2024-01-12 06:00:00+00:00,59799.33203125,59866.21875,59063.546875,59397.9921875,726400,1h,VCB,VCB.VN
2024-01-12 07:00:00+00:00,59331.1015625,59866.21875,59331.1015625,59799.33203125,348700,1h,VCB,VCB.VN
2024-01-15 02:00:00+00:00,59732.44140625,59866.21875,59531.7734375,59531.7734375,0,1h,VCB,VCB.VN
2024-01-15 03:00:00+00:00,59732.44140625,59732.44140625,59598.66015625,59665.55078125,104600,1h,VCB,VCB.VN
2024-01-15 04:00:00+00:00,59531.7734375,59799.33203125,59531.7734375,59732.44140625,81200,1h,VCB,VCB.VN
2024-01-15 06:00:00+00:00,60200.66796875,60267.55859375,59464.8828125,59531.7734375,929100,1h,VCB,VCB.VN
2024-01-15 07:00:00+00:00,60200.66796875,60267.55859375,59933.109375,60267.55859375,715900,1h,VCB,VCB.VN
2024-01-16 02:00:00+00:00,59598.66015625,59866.21875,59464.8828125,59531.7734375,0,1h,VCB,VCB.VN
2024-01-16 03:00:00+00:00,59933.109375,59933.109375,59598.66015625,59665.55078125,205600,1h,VCB,VCB.VN
2024-01-16 04:00:00+00:00,60200.66796875,60200.66796875,59799.33203125,59933.109375,113400,1h,VCB,VCB.VN
2024-01-16 06:00:00+00:00,60066.890625,60267.55859375,59933.109375,60200.66796875,477000,1h,VCB,VCB.VN
2024-01-16 07:00:00+00:00,60200.66796875,60267.55859375,59866.21875,60133.77734375,488500,1h,VCB,VCB.VN
2024-01-17 02:00:00+00:00,59933.109375,60200.66796875,59531.7734375,59531.7734375,0,1h,VCB,VCB.VN
2024-01-17 03:00:00+00:00,60401.3359375,60401.3359375,59799.33203125,60000.0,387400,1h,VCB,VCB.VN
2024-01-17 04:00:00+00:00,60802.67578125,60869.56640625,60334.44921875,60401.3359375,226400,1h,VCB,VCB.VN
2024-01-17 06:00:00+00:00,60668.89453125,60869.56640625,60468.2265625,60869.56640625,527200,1h,VCB,VCB.VN
2024-01-17 07:00:00+00:00,60802.67578125,60802.67578125,60401.3359375,60535.1171875,401200,1h,VCB,VCB.VN
2024-01-18 02:00:00+00:00,60735.78515625,60802.67578125,60200.66796875,60802.67578125,0,1h,VCB,VCB.VN
2024-01-18 03:00:00+00:00,60802.67578125,60869.56640625,60668.89453125,60735.78515625,253100,1h,VCB,VCB.VN
2024-01-18 04:00:00+00:00,60802.67578125,60869.56640625,60668.89453125,60802.67578125,194700,1h,VCB,VCB.VN
2024-01-18 06:00:00+00:00,60869.56640625,61003.34375,60668.89453125,60735.78515625,366100,1h,VCB,VCB.VN
2024-01-18 07:00:00+00:00,60936.453125,61003.34375,60468.2265625,60869.56640625,495200,1h,VCB,VCB.VN
2024-01-19 02:00:00+00:00,60802.67578125,60936.453125,60468.2265625,60869.56640625,0,1h,VCB,VCB.VN
2024-01-19 03:00:00+00:00,61137.125,61137.125,60735.78515625,60802.67578125,242500,1h,VCB,VCB.VN
2024-01-19 04:00:00+00:00,61538.4609375,61538.4609375,61137.125,61137.125,189100,1h,VCB,VCB.VN
2024-01-19 06:00:00+00:00,61739.12890625,61872.91015625,61337.79296875,61471.5703125,567300,1h,VCB,VCB.VN
2024-01-19 07:00:00+00:00,61939.80078125,62207.359375,61538.4609375,61739.12890625,433300,1h,VCB,VCB.VN
2024-01-22 02:00:00+00:00,62207.359375,62541.8046875,62006.6875,62541.8046875,0,1h,VCB,VCB.VN
2024-01-22 03:00:00+00:00,62207.359375,62408.02734375,62073.578125,62207.359375,256300,1h,VCB,VCB.VN
2024-01-22 04:00:00+00:00,62207.359375,62274.24609375,62073.578125,62207.359375,94800,1h,VCB,VCB.VN
2024-01-22 06:00:00+00:00,62006.6875,62274.24609375,61939.80078125,62140.46875,345600,1h,VCB,VCB.VN
2024-01-22 07:00:00+00:00,61538.4609375,62207.359375,61538.4609375,62073.578125,240100,1h,VCB,VCB.VN
2024-01-23 02:00:00+00:00,61204.01171875,61806.01953125,61003.34375,61605.3515625,0,1h,VCB,VCB.VN
2024-01-23 03:00:00+00:00,61070.234375,61204.01171875,60869.56640625,61204.01171875,104700,1h,VCB,VCB.VN
2024-01-23 04:00:00+00:00,60735.78515625,61070.234375,60602.0078125,61003.34375,84500,1h,VCB,VCB.VN
2024-01-23 06:00:00+00:00,60869.56640625,61003.34375,60468.2265625,60735.78515625,431400,1h,VCB,VCB.VN
2024-01-23 07:00:00+00:00,61204.01171875,61204.01171875,60535.1171875,60802.67578125,0,1h,VCB,VCB.VN
2024-01-24 02:00:00+00:00,61404.68359375,61538.4609375,61204.01171875,61270.90234375,48500,1h,VCB,VCB.VN
2024-01-24 03:00:00+00:00,60936.453125,61471.5703125,60936.453125,61337.79296875,35000,1h,VCB,VCB.VN
2024-01-24 04:00:00+00:00,61003.34375,61204.01171875,60936.453125,60936.453125,13600,1h,VCB,VCB.VN
2024-01-24 06:00:00+00:00,61204.01171875,61538.4609375,61003.34375,61204.01171875,495300,1h,VCB,VCB.VN
2024-01-24 07:00:00+00:00,60936.453125,61204.01171875,60802.67578125,61204.01171875,218300,1h,VCB,VCB.VN
2024-01-25 02:00:00+00:00,60869.56640625,61003.34375,60802.67578125,60936.453125,0,1h,VCB,VCB.VN
2024-01-25 03:00:00+00:00,60869.56640625,61070.234375,60668.89453125,60802.67578125,67600,1h,VCB,VCB.VN
2024-01-25 04:00:00+00:00,60869.56640625,60869.56640625,60802.67578125,60869.56640625,25500,1h,VCB,VCB.VN
2024-01-25 06:00:00+00:00,61070.234375,61270.90234375,60802.67578125,60869.56640625,259400,1h,VCB,VCB.VN
2024-01-25 07:00:00+00:00,60869.56640625,61137.125,60869.56640625,61070.234375,0,1h,VCB,VCB.VN
2024-01-26 02:00:00+00:00,61270.90234375,61471.5703125,61204.01171875,61270.90234375,71300,1h,VCB,VCB.VN
2024-01-26 03:00:00+00:00,61270.90234375,61337.79296875,61204.01171875,61270.90234375,145600,1h,VCB,VCB.VN
2024-01-26 04:00:00+00:00,61270.90234375,61337.79296875,61204.01171875,61270.90234375,63700,1h,VCB,VCB.VN
2024-01-26 06:00:00+00:00,61337.79296875,61404.68359375,61137.125,61204.01171875,325600,1h,VCB,VCB.VN
2024-01-26 07:00:00+00:00,61538.4609375,61538.4609375,61270.90234375,61337.79296875,412900,1h,VCB,VCB.VN
2024-01-29 02:00:00+00:00,61070.234375,61538.4609375,60802.67578125,61404.68359375,0,1h,VCB,VCB.VN
2024-01-29 03:00:00+00:00,60936.453125,61204.01171875,60869.56640625,61204.01171875,169900,1h,VCB,VCB.VN
2024-01-29 04:00:00+00:00,61003.34375,61070.234375,60869.56640625,60936.453125,36400,1h,VCB,VCB.VN
2024-01-29 06:00:00+00:00,61003.34375,61070.234375,60936.453125,61003.34375,177800,1h,VCB,VCB.VN
2024-01-29 07:00:00+00:00,61003.34375,61070.234375,60869.56640625,60936.453125,265100,1h,VCB,VCB.VN
2024-01-30 02:00:00+00:00,60869.56640625,61003.34375,60735.78515625,61003.34375,0,1h,VCB,VCB.VN
2024-01-30 03:00:00+00:00,60602.0078125,61003.34375,60602.0078125,60869.56640625,226500,1h,VCB,VCB.VN
2024-01-30 04:00:00+00:00,60401.3359375,60668.89453125,60267.55859375,60602.0078125,87400,1h,VCB,VCB.VN
2024-01-30 06:00:00+00:00,60535.1171875,60535.1171875,60334.44921875,60401.3359375,180000,1h,VCB,VCB.VN
2024-01-30 07:00:00+00:00,60869.56640625,60869.56640625,60267.55859375,60468.2265625,0,1h,VCB,VCB.VN
2024-01-31 02:00:00+00:00,60468.2265625,60602.0078125,60267.55859375,60602.0078125,74400,1h,VCB,VCB.VN
2024-01-31 03:00:00+00:00,60200.66796875,60468.2265625,59933.109375,60468.2265625,187000,1h,VCB,VCB.VN
2024-01-31 04:00:00+00:00,59933.109375,60200.66796875,59933.109375,60200.66796875,77900,1h,VCB,VCB.VN
2024-01-31 06:00:00+00:00,60000.0,60200.66796875,59933.109375,60000.0,201800,1h,VCB,VCB.VN
2024-01-31 07:00:00+00:00,59197.32421875,60000.0,59197.32421875,60000.0,478500,1h,VCB,VCB.VN
2024-02-01 02:00:00+00:00,59531.7734375,60133.77734375,58862.875,58862.875,0,1h,VCB,VCB.VN
2024-02-01 03:00:00+00:00,59531.7734375,59665.55078125,59197.32421875,59464.8828125,125700,1h,VCB,VCB.VN
2024-02-01 04:00:00+00:00,59799.33203125,59799.33203125,59464.8828125,59531.7734375,30000,1h,VCB,VCB.VN
2024-02-01 06:00:00+00:00,60066.890625,60267.55859375,59665.55078125,59799.33203125,251300,1h,VCB,VCB.VN
2024-02-01 07:00:00+00:00,60066.890625,60334.44921875,60066.890625,60066.890625,0,1h,VCB,VCB.VN
2024-02-02 02:00:00+00:00,60267.55859375,60535.1171875,59598.66015625,59598.66015625,77500,1h,VCB,VCB.VN
2024-02-02 03:00:00+00:00,60066.890625,60267.55859375,59732.44140625,60267.55859375,94700,1h,VCB,VCB.VN
2024-02-02 04:00:00+00:00,59933.109375,60066.890625,59732.44140625,59732.44140625,28800,1h,VCB,VCB.VN
2024-02-02 06:00:00+00:00,60000.0,60066.890625,59799.33203125,59933.109375,274900,1h,VCB,VCB.VN
2024-02-02 07:00:00+00:00,60401.3359375,60401.3359375,59665.55078125,59933.109375,331100,1h,VCB,VCB.VN
2024-02-05 02:00:00+00:00,60000.0,60334.44921875,59933.109375,60334.44921875,0,1h,VCB,VCB.VN
2024-02-05 03:00:00+00:00,60000.0,60066.890625,59933.109375,60000.0,119500,1h,VCB,VCB.VN
2024-02-05 04:00:00+00:00,60000.0,60066.890625,59933.109375,60000.0,34100,1h,VCB,VCB.VN
2024-02-05 06:00:00+00:00,60334.44921875,60334.44921875,59799.33203125,60066.890625,508600,1h,VCB,VCB.VN
2024-02-05 07:00:00+00:00,60200.66796875,60602.0078125,60066.890625,60401.3359375,1290200,1h,VCB,VCB.VN
2024-02-06 02:00:00+00:00,60000.0,60602.0078125,60000.0,60401.3359375,0,1h,VCB,VCB.VN
2024-02-06 03:00:00+00:00,59799.33203125,60066.890625,59799.33203125,60000.0,251400,1h,VCB,VCB.VN
2024-02-06 04:00:00+00:00,59799.33203125,59933.109375,59732.44140625,59799.33203125,159100,1h,VCB,VCB.VN
2024-02-06 06:00:00+00:00,59598.66015625,59866.21875,59598.66015625,59799.33203125,398200,1h,VCB,VCB.VN
2024-02-06 07:00:00+00:00,59866.21875,59933.109375,59598.66015625,59598.66015625,339200,1h,VCB,VCB.VN
2024-02-07 02:00:00+00:00,60602.0078125,60735.78515625,60000.0,60200.66796875,0,1h,VCB,VCB.VN
2024-02-07 03:00:00+00:00,60066.890625,60668.89453125,60066.890625,60602.0078125,284800,1h,VCB,VCB.VN
2024-02-07 04:00:00+00:00,59933.109375,60133.77734375,59866.21875,60066.890625,86900,1h,VCB,VCB.VN
2024-02-07 06:00:00+00:00,60066.890625,60200.66796875,59732.44140625,59933.109375,501300,1h,VCB,VCB.VN
2024-02-07 07:00:00+00:00,60200.66796875,60200.66796875,60066.890625,60066.890625,312000,1h,VCB,VCB.VN
2024-02-15 02:00:00+00:00,59933.109375,60668.89453125,59933.109375,60200.66796875,0,1h,VCB,VCB.VN
2024-02-15 03:00:00+00:00,60000.0,60066.890625,59866.21875,60000.0,235900,1h,VCB,VCB.VN
2024-02-15 04:00:00+00:00,59933.109375,60000.0,59866.21875,60000.0,130100,1h,VCB,VCB.VN
2024-02-15 06:00:00+00:00,60200.66796875,60200.66796875,59866.21875,59933.109375,292900,1h,VCB,VCB.VN
2024-02-15 07:00:00+00:00,60133.77734375,60200.66796875,59598.66015625,60200.66796875,0,1h,VCB,VCB.VN
2024-02-16 02:00:00+00:00,60267.55859375,60267.55859375,60000.0,60133.77734375,94200,1h,VCB,VCB.VN
2024-02-16 03:00:00+00:00,60200.66796875,60334.44921875,60200.66796875,60267.55859375,220800,1h,VCB,VCB.VN
2024-02-16 04:00:00+00:00,60133.77734375,60200.66796875,60066.890625,60133.77734375,64900,1h,VCB,VCB.VN
2024-02-16 06:00:00+00:00,60000.0,60133.77734375,59866.21875,60133.77734375,230600,1h,VCB,VCB.VN
2024-02-16 07:00:00+00:00,59933.109375,60133.77734375,59933.109375,60000.0,193600,1h,VCB,VCB.VN
2024-02-19 02:00:00+00:00,59732.44140625,60133.77734375,59732.44140625,60133.77734375,0,1h,VCB,VCB.VN
2024-02-19 03:00:00+00:00,59933.109375,60000.0,59732.44140625,59732.44140625,210900,1h,VCB,VCB.VN
2024-02-19 04:00:00+00:00,59866.21875,59933.109375,59799.33203125,59933.109375,88900,1h,VCB,VCB.VN
2024-02-19 06:00:00+00:00,59933.109375,59933.109375,59732.44140625,59866.21875,294800,1h,VCB,VCB.VN
2024-02-19 07:00:00+00:00,60334.44921875,60535.1171875,59866.21875,59933.109375,387800,1h,VCB,VCB.VN
2024-02-20 02:00:00+00:00,59933.109375,60267.55859375,59799.33203125,60267.55859375,0,1h,VCB,VCB.VN
2024-02-20 03:00:00+00:00,60000.0,60133.77734375,59866.21875,59933.109375,166800,1h,VCB,VCB.VN
2024-02-20 04:00:00+00:00,60000.0,60000.0,59866.21875,60000.0,76600,1h,VCB,VCB.VN
2024-02-20 06:00:00+00:00,60535.1171875,60602.0078125,59866.21875,60000.0,440100,1h,VCB,VCB.VN
2024-02-20 07:00:00+00:00,61070.234375,61137.125,60334.44921875,60401.3359375,562100,1h,VCB,VCB.VN
2024-02-21 02:00:00+00:00,60602.0078125,61337.79296875,60535.1171875,61337.79296875,0,1h,VCB,VCB.VN
2024-02-21 03:00:00+00:00,60936.453125,61003.34375,60602.0078125,60602.0078125,232100,1h,VCB,VCB.VN
2024-02-21 04:00:00+00:00,60936.453125,61003.34375,60869.56640625,60936.453125,79800,1h,VCB,VCB.VN
2024-02-21 06:00:00+00:00,60936.453125,60936.453125,60802.67578125,60936.453125,394600,1h,VCB,VCB.VN
2024-02-21 07:00:00+00:00,61003.34375,61270.90234375,60869.56640625,61003.34375,409800,1h,VCB,VCB.VN
2024-02-22 02:00:00+00:00,60468.2265625,60869.56640625,60401.3359375,60602.0078125,0,1h,VCB,VCB.VN
2024-02-22 03:00:00+00:00,60401.3359375,60535.1171875,60334.44921875,60468.2265625,214800,1h,VCB,VCB.VN
2024-02-22 04:00:00+00:00,60468.2265625,60468.2265625,60334.44921875,60401.3359375,99700,1h,VCB,VCB.VN
2024-02-22 06:00:00+00:00,60200.66796875,60468.2265625,60200.66796875,60468.2265625,423900,1h,VCB,VCB.VN
2024-02-22 07:00:00+00:00,59866.21875,60401.3359375,59866.21875,60267.55859375,0,1h,VCB,VCB.VN
2024-02-23 02:00:00+00:00,60000.0,60200.66796875,59866.21875,59866.21875,193900,1h,VCB,VCB.VN
2024-02-23 03:00:00+00:00,60602.0078125,60869.56640625,60000.0,60000.0,217300,1h,VCB,VCB.VN
2024-02-23 04:00:00+00:00,60668.89453125,60735.78515625,60535.1171875,60602.0078125,155000,1h,VCB,VCB.VN
2024-02-23 06:00:00+00:00,60668.89453125,61137.125,60535.1171875,60668.89453125,761200,1h,VCB,VCB.VN
2024-02-23 07:00:00+00:00,59464.8828125,60735.78515625,59464.8828125,60668.89453125,567500,1h,VCB,VCB.VN
2024-02-26 02:00:00+00:00,60000.0,60066.890625,59464.8828125,59464.8828125,0,1h,VCB,VCB.VN
2024-02-26 03:00:00+00:00,60000.0,60200.66796875,59933.109375,60000.0,156100,1h,VCB,VCB.VN
2024-02-26 04:00:00+00:00,59933.109375,60000.0,59866.21875,60000.0,76200,1h,VCB,VCB.VN
2024-02-26 06:00:00+00:00,60000.0,60066.890625,59866.21875,59933.109375,287300,1h,VCB,VCB.VN
2024-02-26 07:00:00+00:00,59866.21875,60133.77734375,59866.21875,60000.0,144500,1h,VCB,VCB.VN
2024-02-27 02:00:00+00:00,59799.33203125,60200.66796875,59598.66015625,59933.109375,0,1h,VCB,VCB.VN
2024-02-27 03:00:00+00:00,59933.109375,59933.109375,59732.44140625,59866.21875,135600,1h,VCB,VCB.VN
2024-02-27 04:00:00+00:00,59799.33203125,59933.109375,59732.44140625,59933.109375,119500,1h,VCB,VCB.VN
2024-02-27 06:00:00+00:00,60535.1171875,61003.34375,59598.66015625,59732.44140625,672000,1h,VCB,VCB.VN
2024-02-27 07:00:00+00:00,60936.453125,61003.34375,60334.44921875,60535.1171875,619000,1h,VCB,VCB.VN
2024-02-28 02:00:00+00:00,60468.2265625,61204.01171875,60468.2265625,60869.56640625,0,1h,VCB,VCB.VN
2024-02-28 03:00:00+00:00,60802.67578125,61137.125,60468.2265625,60468.2265625,250500,1h,VCB,VCB.VN
2024-02-28 04:00:00+00:00,60936.453125,60936.453125,60668.89453125,60735.78515625,77800,1h,VCB,VCB.VN
2024-02-28 06:00:00+00:00,64816.0546875,65150.5,60936.453125,60936.453125,2688300,1h,VCB,VCB.VN
2024-02-28 07:00:00+00:00,65150.5,65150.5,64682.2734375,64816.0546875,1105100,1h,VCB,VCB.VN
2024-02-29 02:00:00+00:00,66555.1875,67224.078125,65551.8359375,65886.2890625,0,1h,VCB,VCB.VN
2024-02-29 03:00:00+00:00,66220.734375,66488.296875,66020.0703125,66287.625,259500,1h,VCB,VCB.VN
2024-02-29 04:00:00+00:00,65618.7265625,66287.625,65418.05859375,66220.734375,124000,1h,VCB,VCB.VN
2024-02-29 06:00:00+00:00,65752.5078125,65953.1796875,65418.05859375,65618.7265625,493500,1h,VCB,VCB.VN
2024-02-29 07:00:00+00:00,65083.61328125,65752.5078125,65083.61328125,65685.6171875,400400,1h,VCB,VCB.VN
2024-03-01 02:00:00+00:00,65016.72265625,65685.6171875,65016.72265625,65685.6171875,0,1h,VCB,VCB.VN
2024-03-01 03:00:00+00:00,64749.1640625,65016.72265625,64615.3828125,64949.83203125,230700,1h,VCB,VCB.VN
2024-03-01 04:00:00+00:00,64615.3828125,64816.0546875,64615.3828125,64816.0546875,63900,1h,VCB,VCB.VN
2024-03-01 06:00:00+00:00,64013.37890625,64682.2734375,63946.48828125,64615.3828125,919000,1h,VCB,VCB.VN
2024-03-01 07:00:00+00:00,65083.61328125,65083.61328125,63478.26171875,64013.37890625,1008800,1h,VCB,VCB.VN
2024-03-04 02:00:00+00:00,64481.60546875,65551.8359375,64214.046875,65551.8359375,0,1h,VCB,VCB.VN
2024-03-04 03:00:00+00:00,64214.046875,64682.2734375,63946.48828125,64548.49609375,299800,1h,VCB,VCB.VN
2024-03-04 04:00:00+00:00,64214.046875,64548.49609375,64080.265625,64280.9375,115000,1h,VCB,VCB.VN
2024-03-04 06:00:00+00:00,64414.71484375,64414.71484375,64147.15625,64214.046875,513300,1h,VCB,VCB.VN
2024-03-04 07:00:00+00:00,64214.046875,64882.94140625,64147.15625,64414.71484375,500300,1h,VCB,VCB.VN
2024-03-05 02:00:00+00:00,63946.48828125,64615.3828125,63678.9296875,64615.3828125,0,1h,VCB,VCB.VN
2024-03-05 03:00:00+00:00,63879.59765625,64147.15625,63812.70703125,63946.48828125,141400,1h,VCB,VCB.VN
2024-03-05 04:00:00+00:00,63879.59765625,64080.265625,63879.59765625,63879.59765625,100700,1h,VCB,VCB.VN
2024-03-05 06:00:00+00:00,63879.59765625,63946.48828125,63745.8203125,63879.59765625,371100,1h,VCB,VCB.VN
2024-03-05 07:00:00+00:00,63879.59765625,63946.48828125,63745.8203125,63879.59765625,637300,1h,VCB,VCB.VN
2024-03-06 02:00:00+00:00,64147.15625,64548.49609375,63812.70703125,63879.59765625,0,1h,VCB,VCB.VN
2024-03-06 03:00:00+00:00,64682.2734375,64749.1640625,63879.59765625,64147.15625,523400,1h,VCB,VCB.VN
2024-03-06 04:00:00+00:00,64214.046875,64749.1640625,64214.046875,64682.2734375,278700,1h,VCB,VCB.VN
2024-03-06 06:00:00+00:00,63946.48828125,64347.82421875,63879.59765625,64147.15625,540000,1h,VCB,VCB.VN
2024-03-06 07:00:00+00:00,63946.48828125,64548.49609375,63812.70703125,63879.59765625,333300,1h,VCB,VCB.VN
2024-03-07 02:00:00+00:00,64682.2734375,65150.5,64147.15625,64147.15625,0,1h,VCB,VCB.VN
2024-03-07 03:00:00+00:00,64682.2734375,64816.0546875,64682.2734375,64682.2734375,386500,1h,VCB,VCB.VN
2024-03-07 04:00:00+00:00,64347.82421875,64682.2734375,63879.59765625,64682.2734375,489900,1h,VCB,VCB.VN
2024-03-07 06:00:00+00:00,64214.046875,64481.60546875,64147.15625,64280.9375,631100,1h,VCB,VCB.VN
2024-03-07 07:00:00+00:00,64080.265625,64414.71484375,64013.37890625,64214.046875,0,1h,VCB,VCB.VN
2024-03-08 02:00:00+00:00,64347.82421875,64548.49609375,63879.59765625,64147.15625,237400,1h,VCB,VCB.VN
2024-03-08 03:00:00+00:00,64147.15625,64548.49609375,64013.37890625,64347.82421875,554600,1h,VCB,VCB.VN
2024-03-08 04:00:00+00:00,63946.48828125,64214.046875,63879.59765625,64147.15625,232900,1h,VCB,VCB.VN
2024-03-08 06:00:00+00:00,64013.37890625,64214.046875,63879.59765625,63879.59765625,638600,1h,VCB,VCB.VN
2024-03-08 07:00:00+00:00,63612.0390625,64214.046875,63612.0390625,64147.15625,594400,1h,VCB,VCB.VN
2024-03-11 02:00:00+00:00,64013.37890625,64214.046875,63277.58984375,63612.0390625,0,1h,VCB,VCB.VN
2024-03-11 03:00:00+00:00,63612.0390625,64080.265625,63411.37109375,64013.37890625,341400,1h,VCB,VCB.VN
2024-03-11 04:00:00+00:00,63678.9296875,63678.9296875,63478.26171875,63612.0390625,107600,1h,VCB,VCB.VN
2024-03-11 06:00:00+00:00,63612.0390625,63745.8203125,63545.1484375,63612.0390625,423100,1h,VCB,VCB.VN
2024-03-11 07:00:00+00:00,62943.14453125,63612.0390625,62943.14453125,63612.0390625,806700,1h,VCB,VCB.VN
2024-03-12 02:00:00+00:00,63143.8125,63478.26171875,62876.25390625,62943.14453125,0,1h,VCB,VCB.VN
2024-03-12 03:00:00+00:00,63076.921875,63277.58984375,63010.03515625,63076.921875,137700,1h,VCB,VCB.VN
2024-03-12 04:00:00+00:00,63076.921875,63143.8125,62943.14453125,63076.921875,104000,1h,VCB,VCB.VN
2024-03-12 06:00:00+00:00,63210.703125,63478.26171875,62943.14453125,63076.921875,474700,1h,VCB,VCB.VN
2024-03-12 07:00:00+00:00,63143.8125,63478.26171875,63076.921875,63210.703125,234500,1h,VCB,VCB.VN
2024-03-13 02:00:00+00:00,63411.37109375,63478.26171875,63076.921875,63478.26171875,0,1h,VCB,VCB.VN
2024-03-13 03:00:00+00:00,63812.70703125,64147.15625,63277.58984375,63411.37109375,403600,1h,VCB,VCB.VN
2024-03-13 04:00:00+00:00,64214.046875,64548.49609375,63879.59765625,63879.59765625,547500,1h,VCB,VCB.VN
2024-03-13 06:00:00+00:00,64013.37890625,64280.9375,63812.70703125,64214.046875,990000,1h,VCB,VCB.VN
2024-03-13 07:00:00+00:00,64214.046875,64280.9375,63946.48828125,64080.265625,1179200,1h,VCB,VCB.VN
2024-03-14 02:00:00+00:00,64080.265625,64280.9375,64013.37890625,64214.046875,0,1h,VCB,VCB.VN
2024-03-14 03:00:00+00:00,64013.37890625,64080.265625,64013.37890625,64080.265625,292900,1h,VCB,VCB.VN
2024-03-14 04:00:00+00:00,63879.59765625,64013.37890625,63879.59765625,64013.37890625,124700,1h,VCB,VCB.VN
2024-03-14 06:00:00+00:00,63478.26171875,63946.48828125,63411.37109375,63879.59765625,907700,1h,VCB,VCB.VN
2024-03-14 07:00:00+00:00,63545.1484375,63745.8203125,63277.58984375,63478.26171875,626699,1h,VCB,VCB.VN
2024-03-15 02:00:00+00:00,63277.58984375,63545.1484375,63210.703125,63545.1484375,0,1h,VCB,VCB.VN
2024-03-15 03:00:00+00:00,63344.48046875,63545.1484375,63277.58984375,63344.48046875,226400,1h,VCB,VCB.VN
2024-03-15 04:00:00+00:00,63143.8125,63344.48046875,63076.921875,63344.48046875,144400,1h,VCB,VCB.VN
2024-03-15 06:00:00+00:00,63010.03515625,63143.8125,62809.36328125,63076.921875,845000,1h,VCB,VCB.VN
2024-03-15 07:00:00+00:00,62876.25390625,63545.1484375,62876.25390625,63076.921875,1121500,1h,VCB,VCB.VN
2024-03-18 02:00:00+00:00,62608.6953125,63210.703125,62541.8046875,63076.921875,0,1h,VCB,VCB.VN
2024-03-18 03:00:00+00:00,62408.02734375,62675.5859375,61939.80078125,62608.6953125,503800,1h,VCB,VCB.VN
2024-03-18 04:00:00+00:00,62207.359375,62474.91796875,61872.91015625,62408.02734375,378000,1h,VCB,VCB.VN
2024-03-18 06:00:00+00:00,62073.578125,62207.359375,61872.91015625,62207.359375,444500,1h,VCB,VCB.VN
2024-03-18 07:00:00+00:00,62207.359375,62207.359375,61939.80078125,62073.578125,307500,1h,VCB,VCB.VN
2024-03-19 02:00:00+00:00,62006.6875,62541.8046875,61872.91015625,61872.91015625,0,1h,VCB,VCB.VN
2024-03-19 03:00:00+00:00,62006.6875,62140.46875,61939.80078125,62006.6875,96500,1h,VCB,VCB.VN
2024-03-19 04:00:00+00:00,62073.578125,62140.46875,62006.6875,62073.578125,39000,1h,VCB,VCB.VN
2024-03-19 06:00:00+00:00,62073.578125,62140.46875,61872.91015625,62073.578125,455900,1h,VCB,VCB.VN
2024-03-19 07:00:00+00:00,61872.91015625,62140.46875,61872.91015625,62006.6875,0,1h,VCB,VCB.VN
2024-03-20 02:00:00+00:00,62073.578125,62207.359375,61872.91015625,61872.91015625,99100,1h,VCB,VCB.VN
2024-03-20 03:00:00+00:00,62675.5859375,62809.36328125,62006.6875,62006.6875,176500,1h,VCB,VCB.VN
2024-03-20 04:00:00+00:00,62341.13671875,62876.25390625,62341.13671875,62608.6953125,72900,1h,VCB,VCB.VN
2024-03-20 06:00:00+00:00,62541.8046875,62809.36328125,62073.578125,62474.91796875,317100,1h,VCB,VCB.VN
2024-03-20 07:00:00+00:00,62341.13671875,62943.14453125,62341.13671875,62675.5859375,305300,1h,VCB,VCB.VN
2024-03-21 02:00:00+00:00,63411.37109375,63545.1484375,62876.25390625,62876.25390625,0,1h,VCB,VCB.VN
2024-03-21 03:00:00+00:00,63545.1484375,63612.0390625,63277.58984375,63411.37109375,270700,1h,VCB,VCB.VN
2024-03-21 04:00:00+00:00,63745.8203125,63879.59765625,63545.1484375,63612.0390625,214900,1h,VCB,VCB.VN
2024-03-21 06:00:00+00:00,63745.8203125,63879.59765625,63612.0390625,63745.8203125,560000,1h,VCB,VCB.VN
2024-03-21 07:00:00+00:00,63678.9296875,63812.70703125,63411.37109375,63745.8203125,353000,1h,VCB,VCB.VN
2024-03-22 02:00:00+00:00,64280.9375,64749.1640625,63678.9296875,63678.9296875,0,1h,VCB,VCB.VN
2024-03-22 03:00:00+00:00,64080.265625,64347.82421875,64013.37890625,64280.9375,280300,1h,VCB,VCB.VN
2024-03-22 04:00:00+00:00,64481.60546875,64481.60546875,64080.265625,64080.265625,131700,1h,VCB,VCB.VN
2024-03-22 06:00:00+00:00,64414.71484375,64548.49609375,64214.046875,64481.60546875,505900,1h,VCB,VCB.VN
2024-03-22 07:00:00+00:00,64481.60546875,64481.60546875,64280.9375,64414.71484375,554700,1h,VCB,VCB.VN
2024-03-25 02:00:00+00:00,64280.9375,64548.49609375,62943.14453125,63545.1484375,0,1h,VCB,VCB.VN
2024-03-25 03:00:00+00:00,64548.49609375,64548.49609375,64214.046875,64280.9375,200400,1h,VCB,VCB.VN
2024-03-25 04:00:00+00:00,64816.0546875,64816.0546875,64481.60546875,64481.60546875,136300,1h,VCB,VCB.VN
2024-03-25 06:00:00+00:00,64414.71484375,64816.0546875,64280.9375,64749.1640625,615300,1h,VCB,VCB.VN
2024-03-25 07:00:00+00:00,64013.37890625,64481.60546875,64013.37890625,64481.60546875,407000,1h,VCB,VCB.VN
2024-03-26 02:00:00+00:00,64214.046875,64347.82421875,64080.265625,64214.046875,0,1h,VCB,VCB.VN
2024-03-26 03:00:00+00:00,64147.15625,64214.046875,64147.15625,64214.046875,63800,1h,VCB,VCB.VN
2024-03-26 04:00:00+00:00,64280.9375,64347.82421875,64147.15625,64147.15625,45300,1h,VCB,VCB.VN
2024-03-26 06:00:00+00:00,64548.49609375,64615.3828125,64214.046875,64280.9375,272800,1h,VCB,VCB.VN
2024-03-26 07:00:00+00:00,64414.71484375,64548.49609375,64414.71484375,64548.49609375,255100,1h,VCB,VCB.VN
2024-03-27 02:00:00+00:00,64214.046875,64347.82421875,64080.265625,64347.82421875,0,1h,VCB,VCB.VN
2024-03-27 03:00:00+00:00,64147.15625,64280.9375,64147.15625,64280.9375,226500,1h,VCB,VCB.VN
2024-03-27 04:00:00+00:00,64280.9375,64280.9375,64080.265625,64080.265625,92900,1h,VCB,VCB.VN
2024-03-27 06:00:00+00:00,64214.046875,64280.9375,63946.48828125,64214.046875,458400,1h,VCB,VCB.VN
2024-03-27 07:00:00+00:00,64080.265625,64280.9375,64080.265625,64280.9375,360700,1h,VCB,VCB.VN
2024-03-28 02:00:00+00:00,64214.046875,64481.60546875,64080.265625,64347.82421875,0,1h,VCB,VCB.VN
2024-03-28 03:00:00+00:00,64147.15625,64214.046875,64080.265625,64214.046875,193200,1h,VCB,VCB.VN
2024-03-28 04:00:00+00:00,64147.15625,64147.15625,64080.265625,64147.15625,74600,1h,VCB,VCB.VN
2024-03-28 06:00:00+00:00,64013.37890625,64214.046875,63946.48828125,64080.265625,290100,1h,VCB,VCB.VN
2024-03-28 07:00:00+00:00,64013.37890625,64347.82421875,63946.48828125,64013.37890625,0,1h,VCB,VCB.VN
2024-03-29 02:00:00+00:00,63946.48828125,64147.15625,63879.59765625,64147.15625,118400,1h,VCB,VCB.VN
2024-03-29 03:00:00+00:00,63745.8203125,64013.37890625,63745.8203125,63946.48828125,94300,1h,VCB,VCB.VN
2024-03-29 04:00:00+00:00,63545.1484375,63745.8203125,63478.26171875,63745.8203125,168000,1h,VCB,VCB.VN
2024-03-29 06:00:00+00:00,63678.9296875,63812.70703125,63478.26171875,63545.1484375,241100,1h,VCB,VCB.VN
2024-03-29 07:00:00+00:00,63478.26171875,63946.48828125,63478.26171875,63745.8203125,343400,1h,VCB,VCB.VN
2024-04-01 02:00:00+00:00,63745.8203125,64214.046875,63411.37109375,63478.26171875,0,1h,VCB,VCB.VN
2024-04-01 03:00:00+00:00,63612.0390625,63879.59765625,63612.0390625,63745.8203125,235200,1h,VCB,VCB.VN
2024-04-01 04:00:00+00:00,63478.26171875,63678.9296875,63411.37109375,63612.0390625,148200,1h,VCB,VCB.VN
2024-04-01 06:00:00+00:00,63478.26171875,63545.1484375,63344.48046875,63411.37109375,250000,1h,VCB,VCB.VN
2024-04-01 07:00:00+00:00,63678.9296875,63946.48828125,63478.26171875,63545.1484375,0,1h,VCB,VCB.VN
2024-04-02 02:00:00+00:00,63277.58984375,63678.9296875,62809.36328125,63612.0390625,226800,1h,VCB,VCB.VN
2024-04-02 03:00:00+00:00,63411.37109375,63545.1484375,63277.58984375,63277.58984375,114300,1h,VCB,VCB.VN
2024-04-02 04:00:00+00:00,63545.1484375,63678.9296875,63411.37109375,63478.26171875,89000,1h,VCB,VCB.VN
2024-04-02 06:00:00+00:00,63545.1484375,63545.1484375,63411.37109375,63478.26171875,263600,1h,VCB,VCB.VN
2024-04-02 07:00:00+00:00,63210.703125,63612.0390625,63210.703125,63545.1484375,439300,1h,VCB,VCB.VN
2024-04-03 02:00:00+00:00,63210.703125,63277.58984375,63143.8125,63143.8125,0,1h,VCB,VCB.VN
2024-04-03 03:00:00+00:00,63277.58984375,63411.37109375,63143.8125,63143.8125,148200,1h,VCB,VCB.VN
2024-04-03 04:00:00+00:00,63210.703125,63344.48046875,63143.8125,63277.58984375,57200,1h,VCB,VCB.VN
2024-04-03 06:00:00+00:00,63010.03515625,63277.58984375,62876.25390625,63210.703125,329100,1h,VCB,VCB.VN
2024-04-03 07:00:00+00:00,62742.4765625,63277.58984375,62742.4765625,63010.03515625,573100,1h,VCB,VCB.VN
2024-04-04 02:00:00+00:00,63545.1484375,63946.48828125,63143.8125,63478.26171875,0,1h,VCB,VCB.VN
2024-04-04 03:00:00+00:00,63612.0390625,63745.8203125,63478.26171875,63545.1484375,459500,1h,VCB,VCB.VN
2024-04-04 04:00:00+00:00,63612.0390625,63678.9296875,63478.26171875,63545.1484375,100000,1h,VCB,VCB.VN
2024-04-04 06:00:00+00:00,63745.8203125,63879.59765625,63612.0390625,63612.0390625,458200,1h,VCB,VCB.VN
2024-04-04 07:00:00+00:00,64214.046875,64214.046875,63678.9296875,63745.8203125,766400,1h,VCB,VCB.VN
2024-04-05 02:00:00+00:00,63277.58984375,63946.48828125,63010.03515625,63411.37109375,0,1h,VCB,VCB.VN
2024-04-05 03:00:00+00:00,63344.48046875,63545.1484375,63076.921875,63344.48046875,169700,1h,VCB,VCB.VN
2024-04-05 04:00:00+00:00,63277.58984375,63545.1484375,63277.58984375,63344.48046875,47900,1h,VCB,VCB.VN
2024-04-05 06:00:00+00:00,63411.37109375,63478.26171875,63277.58984375,63411.37109375,240800,1h,VCB,VCB.VN
2024-04-05 07:00:00+00:00,63478.26171875,63545.1484375,63344.48046875,63411.37109375,179900,1h,VCB,VCB.VN
2024-04-08 02:00:00+00:00,63143.8125,63478.26171875,63143.8125,63478.26171875,0,1h,VCB,VCB.VN
2024-04-08 03:00:00+00:00,63210.703125,63478.26171875,63010.03515625,63143.8125,139300,1h,VCB,VCB.VN
2024-04-08 04:00:00+00:00,63277.58984375,63344.48046875,63143.8125,63210.703125,32300,1h,VCB,VCB.VN
2024-04-08 06:00:00+00:00,63545.1484375,63678.9296875,63143.8125,63210.703125,459000,1h,VCB,VCB.VN
2024-04-08 07:00:00+00:00,63478.26171875,63745.8203125,63411.37109375,63545.1484375,252800,1h,VCB,VCB.VN
2024-04-09 02:00:00+00:00,63612.0390625,63745.8203125,63545.1484375,63545.1484375,0,1h,VCB,VCB.VN
2024-04-09 03:00:00+00:00,63277.58984375,63612.0390625,63143.8125,63545.1484375,78200,1h,VCB,VCB.VN
2024-04-09 04:00:00+00:00,63277.58984375,63344.48046875,63210.703125,63344.48046875,36500,1h,VCB,VCB.VN
2024-04-09 06:00:00+00:00,63076.921875,63344.48046875,63010.03515625,63277.58984375,268900,1h,VCB,VCB.VN
2024-04-09 07:00:00+00:00,63076.921875,63344.48046875,63010.03515625,63143.8125,384000,1h,VCB,VCB.VN
2024-04-10 02:00:00+00:00,63210.703125,63277.58984375,63076.921875,63076.921875,0,1h,VCB,VCB.VN
2024-04-10 03:00:00+00:00,63076.921875,63277.58984375,63076.921875,63210.703125,161700,1h,VCB,VCB.VN
2024-04-10 04:00:00+00:00,63010.03515625,63143.8125,62943.14453125,63076.921875,61900,1h,VCB,VCB.VN
2024-04-10 06:00:00+00:00,62943.14453125,63143.8125,62943.14453125,63010.03515625,313700,1h,VCB,VCB.VN
2024-04-10 07:00:00+00:00,63210.703125,63210.703125,62943.14453125,62943.14453125,215200,1h,VCB,VCB.VN
2024-04-11 02:00:00+00:00,62608.6953125,63010.03515625,62541.8046875,62876.25390625,0,1h,VCB,VCB.VN
2024-04-11 03:00:00+00:00,62742.4765625,62809.36328125,62608.6953125,62608.6953125,119800,1h,VCB,VCB.VN
2024-04-11 04:00:00+00:00,62809.36328125,62809.36328125,62675.5859375,62742.4765625,35700,1h,VCB,VCB.VN
2024-04-11 06:00:00+00:00,63143.8125,63210.703125,62742.4765625,62742.4765625,224800,1h,VCB,VCB.VN
2024-04-11 07:00:00+00:00,62876.25390625,63277.58984375,62876.25390625,62943.14453125,0,1h,VCB,VCB.VN
2024-04-12 02:00:00+00:00,62943.14453125,63210.703125,62876.25390625,63210.703125,48900,1h,VCB,VCB.VN
2024-04-12 03:00:00+00:00,62809.36328125,63010.03515625,62742.4765625,62943.14453125,67800,1h,VCB,VCB.VN
2024-04-12 04:00:00+00:00,62809.36328125,62943.14453125,62742.4765625,62809.36328125,109500,1h,VCB,VCB.VN
2024-04-12 06:00:00+00:00,63010.03515625,63076.921875,62742.4765625,62876.25390625,191300,1h,VCB,VCB.VN
2024-04-12 07:00:00+00:00,63277.58984375,63879.59765625,62876.25390625,63010.03515625,526300,1h,VCB,VCB.VN
2024-04-15 02:00:00+00:00,63545.1484375,64548.49609375,63210.703125,63277.58984375,0,1h,VCB,VCB.VN
2024-04-15 03:00:00+00:00,63612.0390625,64147.15625,63277.58984375,63545.1484375,388200,1h,VCB,VCB.VN
2024-04-15 04:00:00+00:00,63411.37109375,63946.48828125,63344.48046875,63612.0390625,110000,1h,VCB,VCB.VN
2024-04-15 06:00:00+00:00,63411.37109375,63745.8203125,63344.48046875,63411.37109375,350000,1h,VCB,VCB.VN
2024-04-15 07:00:00+00:00,61538.4609375,63478.26171875,61538.4609375,63478.26171875,813400,1h,VCB,VCB.VN
2024-04-16 02:00:00+00:00,61538.4609375,62742.4765625,61471.5703125,62742.4765625,0,1h,VCB,VCB.VN
2024-04-16 03:00:00+00:00,61605.3515625,61605.3515625,61404.68359375,61605.3515625,209900,1h,VCB,VCB.VN
2024-04-16 04:00:00+00:00,61337.79296875,61538.4609375,61270.90234375,61538.4609375,115800,1h,VCB,VCB.VN
2024-04-16 06:00:00+00:00,61070.234375,61471.5703125,60535.1171875,61337.79296875,681400,1h,VCB,VCB.VN
2024-04-16 07:00:00+00:00,60869.56640625,61137.125,60668.89453125,61070.234375,536500,1h,VCB,VCB.VN
2024-04-17 02:00:00+00:00,61404.68359375,61605.3515625,61003.34375,61003.34375,0,1h,VCB,VCB.VN
2024-04-17 03:00:00+00:00,61204.01171875,61605.3515625,61204.01171875,61404.68359375,106700,1h,VCB,VCB.VN
2024-04-17 04:00:00+00:00,61070.234375,61270.90234375,61070.234375,61204.01171875,92200,1h,VCB,VCB.VN
2024-04-17 06:00:00+00:00,60334.44921875,61070.234375,60200.66796875,61003.34375,485900,1h,VCB,VCB.VN
2024-04-17 07:00:00+00:00,60535.1171875,60535.1171875,59866.21875,60468.2265625,721300,1h,VCB,VCB.VN
2024-04-19 02:00:00+00:00,60200.66796875,60334.44921875,60000.0,60200.66796875,0,1h,VCB,VCB.VN
2024-04-19 03:00:00+00:00,60200.66796875,60267.55859375,60066.890625,60267.55859375,296500,1h,VCB,VCB.VN
2024-04-19 04:00:00+00:00,60468.2265625,60535.1171875,60133.77734375,60200.66796875,177000,1h,VCB,VCB.VN
2024-04-19 06:00:00+00:00,60668.89453125,60668.89453125,60200.66796875,60468.2265625,422300,1h,VCB,VCB.VN
2024-04-19 07:00:00+00:00,60535.1171875,60802.67578125,60401.3359375,60735.78515625,340600,1h,VCB,VCB.VN
2024-04-22 02:00:00+00:00,60735.78515625,61070.234375,60535.1171875,60535.1171875,0,1h,VCB,VCB.VN
2024-04-22 03:00:00+00:00,60602.0078125,60735.78515625,60468.2265625,60735.78515625,113000,1h,VCB,VCB.VN
2024-04-22 04:00:00+00:00,60468.2265625,60602.0078125,60401.3359375,60602.0078125,76000,1h,VCB,VCB.VN
2024-04-22 06:00:00+00:00,60602.0078125,60668.89453125,60334.44921875,60468.2265625,307500,1h,VCB,VCB.VN
2024-04-22 07:00:00+00:00,60602.0078125,61137.125,60535.1171875,60602.0078125,516500,1h,VCB,VCB.VN
2024-04-23 02:00:00+00:00,60602.0078125,61003.34375,60535.1171875,60602.0078125,0,1h,VCB,VCB.VN
2024-04-23 03:00:00+00:00,60334.44921875,60668.89453125,60334.44921875,60602.0078125,160900,1h,VCB,VCB.VN
2024-04-23 04:00:00+00:00,60334.44921875,60401.3359375,60334.44921875,60401.3359375,64200,1h,VCB,VCB.VN
2024-04-23 06:00:00+00:00,60200.66796875,60334.44921875,60133.77734375,60334.44921875,615600,1h,VCB,VCB.VN
2024-04-23 07:00:00+00:00,60267.55859375,60267.55859375,59665.55078125,60200.66796875,683600,1h,VCB,VCB.VN
2024-04-24 02:00:00+00:00,60535.1171875,60869.56640625,60267.55859375,60869.56640625,0,1h,VCB,VCB.VN
2024-04-24 03:00:00+00:00,60936.453125,60936.453125,60468.2265625,60535.1171875,259100,1h,VCB,VCB.VN
2024-04-24 04:00:00+00:00,60668.89453125,60936.453125,60602.0078125,60802.67578125,147300,1h,VCB,VCB.VN
2024-04-24 06:00:00+00:00,60602.0078125,60802.67578125,60535.1171875,60668.89453125,718400,1h,VCB,VCB.VN
2024-04-24 07:00:00+00:00,60602.0078125,60869.56640625,60602.0078125,60668.89453125,0,1h,VCB,VCB.VN
2024-04-25 02:00:00+00:00,61605.3515625,62140.46875,60535.1171875,60602.0078125,255000,1h,VCB,VCB.VN
2024-04-25 03:00:00+00:00,61404.68359375,61672.2421875,61404.68359375,61605.3515625,99900,1h,VCB,VCB.VN
2024-04-25 04:00:00+00:00,61471.5703125,61471.5703125,61337.79296875,61404.68359375,55300,1h,VCB,VCB.VN
2024-04-25 06:00:00+00:00,61739.12890625,61872.91015625,61337.79296875,61471.5703125,211700,1h,VCB,VCB.VN
2024-04-25 07:00:00+00:00,60869.56640625,61806.01953125,60869.56640625,61806.01953125,712800,1h,VCB,VCB.VN
2024-04-26 02:00:00+00:00,61672.2421875,61739.12890625,61337.79296875,61337.79296875,0,1h,VCB,VCB.VN
2024-04-26 03:00:00+00:00,62207.359375,62408.02734375,61605.3515625,61672.2421875,305800,1h,VCB,VCB.VN
2024-04-26 04:00:00+00:00,62207.359375,62341.13671875,62073.578125,62140.46875,101200,1h,VCB,VCB.VN
2024-04-26 06:00:00+00:00,61939.80078125,62207.359375,61806.01953125,62140.46875,537100,1h,VCB,VCB.VN
2024-04-26 07:00:00+00:00,61003.34375,62006.6875,61003.34375,61939.80078125,706000,1h,VCB,VCB.VN
2024-05-02 02:00:00+00:00,61538.4609375,61872.91015625,61538.4609375,61605.3515625,0,1h,VCB,VCB.VN
2024-05-02 03:00:00+00:00,61003.34375,61672.2421875,60936.453125,61538.4609375,184400,1h,VCB,VCB.VN
2024-05-02 04:00:00+00:00,61137.125,61204.01171875,61003.34375,61003.34375,283400,1h,VCB,VCB.VN
2024-05-02 06:00:00+00:00,61337.79296875,61404.68359375,61003.34375,61137.125,315000,1h,VCB,VCB.VN
2024-05-02 07:00:00+00:00,61471.5703125,61471.5703125,61137.125,61337.79296875,354600,1h,VCB,VCB.VN
2024-05-03 02:00:00+00:00,61538.4609375,61939.80078125,61538.4609375,61806.01953125,0,1h,VCB,VCB.VN
2024-05-03 03:00:00+00:00,61806.01953125,61939.80078125,61404.68359375,61538.4609375,163600,1h,VCB,VCB.VN
2024-05-03 04:00:00+00:00,61872.91015625,62006.6875,61739.12890625,61739.12890625,159600,1h,VCB,VCB.VN
2024-05-03 06:00:00+00:00,62073.578125,62140.46875,61806.01953125,61872.91015625,417900,1h,VCB,VCB.VN
2024-05-03 07:00:00+00:00,61872.91015625,62474.91796875,61872.91015625,62140.46875,729300,1h,VCB,VCB.VN
2024-05-06 02:00:00+00:00,62274.24609375,62408.02734375,62140.46875,62140.46875,0,1h,VCB,VCB.VN
2024-05-06 03:00:00+00:00,62207.359375,62341.13671875,62073.578125,62274.24609375,216101,1h,VCB,VCB.VN
2024-05-06 04:00:00+00:00,62207.359375,62341.13671875,62140.46875,62207.359375,81500,1h,VCB,VCB.VN
2024-05-06 06:00:00+00:00,62073.578125,62274.24609375,62006.6875,62207.359375,404300,1h,VCB,VCB.VN
2024-05-06 07:00:00+00:00,62207.359375,62341.13671875,62006.6875,62073.578125,0,1h,VCB,VCB.VN
2024-05-07 02:00:00+00:00,62809.36328125,62943.14453125,62207.359375,62474.91796875,132900,1h,VCB,VCB.VN
2024-05-07 03:00:00+00:00,62742.4765625,62809.36328125,62541.8046875,62742.4765625,56000,1h,VCB,VCB.VN
2024-05-07 04:00:00+00:00,62608.6953125,62742.4765625,62541.8046875,62742.4765625,83500,1h,VCB,VCB.VN
2024-05-07 06:00:00+00:00,62675.5859375,62742.4765625,62474.91796875,62608.6953125,374600,1h,VCB,VCB.VN
2024-05-07 07:00:00+00:00,62140.46875,62876.25390625,62140.46875,62742.4765625,572200,1h,VCB,VCB.VN
2024-05-08 02:00:00+00:00,62140.46875,62341.13671875,61605.3515625,62006.6875,0,1h,VCB,VCB.VN
2024-05-08 03:00:00+00:00,62073.578125,62207.359375,61872.91015625,62140.46875,193600,1h,VCB,VCB.VN
2024-05-08 04:00:00+00:00,62073.578125,62073.578125,61939.80078125,62073.578125,79600,1h,VCB,VCB.VN
2024-05-08 06:00:00+00:00,61605.3515625,62073.578125,61605.3515625,62073.578125,449100,1h,VCB,VCB.VN
2024-05-08 07:00:00+00:00,62207.359375,62207.359375,61605.3515625,61739.12890625,470600,1h,VCB,VCB.VN
2024-05-09 02:00:00+00:00,62207.359375,62474.91796875,62073.578125,62140.46875,0,1h,VCB,VCB.VN
2024-05-09 03:00:00+00:00,62073.578125,62207.359375,62073.578125,62207.359375,62400,1h,VCB,VCB.VN
2024-05-09 04:00:00+00:00,61872.91015625,62140.46875,61739.12890625,62140.46875,72500,1h,VCB,VCB.VN
2024-05-09 06:00:00+00:00,61739.12890625,62073.578125,61739.12890625,61806.01953125,220000,1h,VCB,VCB.VN
2024-05-09 07:00:00+00:00,61872.91015625,62207.359375,61739.12890625,61806.01953125,289100,1h,VCB,VCB.VN
2024-05-10 02:00:00+00:00,61872.91015625,62006.6875,61739.12890625,62006.6875,0,1h,VCB,VCB.VN
2024-05-10 03:00:00+00:00,61739.12890625,61872.91015625,61739.12890625,61806.01953125,102800,1h,VCB,VCB.VN
2024-05-10 04:00:00+00:00,61605.3515625,61806.01953125,61605.3515625,61739.12890625,145300,1h,VCB,VCB.VN
2024-05-10 06:00:00+00:00,61538.4609375,61672.2421875,61471.5703125,61538.4609375,252513,1h,VCB,VCB.VN
2024-05-10 07:00:00+00:00,61538.4609375,61672.2421875,61337.79296875,61538.4609375,305671,1h,VCB,VCB.VN
2024-05-13 02:00:00+00:00,61404.68359375,61806.01953125,61404.68359375,61605.3515625,0,1h,VCB,VCB.VN
2024-05-13 03:00:00+00:00,60936.453125,61404.68359375,60869.56640625,61404.68359375,248300,1h,VCB,VCB.VN
2024-05-13 04:00:00+00:00,60936.453125,61003.34375,60869.56640625,61003.34375,109037,1h,VCB,VCB.VN
2024-05-13 06:00:00+00:00,60735.78515625,60936.453125,60668.89453125,60936.453125,530863,1h,VCB,VCB.VN
2024-05-13 07:00:00+00:00,60869.56640625,60869.56640625,60535.1171875,60735.78515625,355700,1h,VCB,VCB.VN
2024-05-14 02:00:00+00:00,61070.234375,61137.125,60869.56640625,60936.453125,0,1h,VCB,VCB.VN
2024-05-14 03:00:00+00:00,60735.78515625,61270.90234375,60668.89453125,61070.234375,224000,1h,VCB,VCB.VN
2024-05-14 04:00:00+00:00,60602.0078125,60735.78515625,60602.0078125,60735.78515625,98500,1h,VCB,VCB.VN
2024-05-14 06:00:00+00:00,60602.0078125,60668.89453125,60535.1171875,60668.89453125,249153,1h,VCB,VCB.VN
2024-05-14 07:00:00+00:00,60602.0078125,60869.56640625,60535.1171875,60602.0078125,303447,1h,VCB,VCB.VN
2024-05-15 02:00:00+00:00,60869.56640625,61070.234375,60735.78515625,60869.56640625,0,1h,VCB,VCB.VN
2024-05-15 03:00:00+00:00,60936.453125,60936.453125,60802.67578125,60802.67578125,144400,1h,VCB,VCB.VN
2024-05-15 04:00:00+00:00,60869.56640625,60936.453125,60802.67578125,60936.453125,113900,1h,VCB,VCB.VN
2024-05-15 06:00:00+00:00,60802.67578125,61003.34375,60802.67578125,60869.56640625,442503,1h,VCB,VCB.VN
2024-05-15 07:00:00+00:00,60869.56640625,60869.56640625,60802.67578125,60869.56640625,0,1h,VCB,VCB.VN
2024-05-16 02:00:00+00:00,61337.79296875,61538.4609375,61204.01171875,61538.4609375,144700,1h,VCB,VCB.VN
2024-05-16 03:00:00+00:00,61672.2421875,61739.12890625,61337.79296875,61337.79296875,498800,1h,VCB,VCB.VN
2024-05-16 04:00:00+00:00,61605.3515625,61605.3515625,61538.4609375,61605.3515625,172400,1h,VCB,VCB.VN
2024-05-16 06:00:00+00:00,61739.12890625,61739.12890625,61538.4609375,61605.3515625,526122,1h,VCB,VCB.VN
2024-05-16 07:00:00+00:00,61939.80078125,62006.6875,61538.4609375,61739.12890625,450878,1h,VCB,VCB.VN
2024-05-17 02:00:00+00:00,61672.2421875,61939.80078125,61337.79296875,61939.80078125,0,1h,VCB,VCB.VN
2024-05-17 03:00:00+00:00,61806.01953125,61939.80078125,61605.3515625,61739.12890625,229500,1h,VCB,VCB.VN
2024-05-17 04:00:00+00:00,61872.91015625,61939.80078125,61739.12890625,61806.01953125,88200,1h,VCB,VCB.VN
2024-05-17 06:00:00+00:00,61538.4609375,61872.91015625,61471.5703125,61806.01953125,340192,1h,VCB,VCB.VN
2024-05-17 07:00:00+00:00,61404.68359375,61605.3515625,61404.68359375,61538.4609375,232008,1h,VCB,VCB.VN
2024-05-20 02:00:00+00:00,61672.2421875,62207.359375,61672.2421875,61739.12890625,0,1h,VCB,VCB.VN
2024-05-20 03:00:00+00:00,61538.4609375,61806.01953125,61538.4609375,61605.3515625,219000,1h,VCB,VCB.VN
2024-05-20 04:00:00+00:00,61471.5703125,61672.2421875,61471.5703125,61538.4609375,100400,1h,VCB,VCB.VN
2024-05-20 06:00:00+00:00,61538.4609375,61739.12890625,61404.68359375,61471.5703125,375322,1h,VCB,VCB.VN
2024-05-20 07:00:00+00:00,61471.5703125,61806.01953125,61471.5703125,61605.3515625,335478,1h,VCB,VCB.VN
2024-05-21 02:00:00+00:00,61337.79296875,61538.4609375,61270.90234375,61471.5703125,0,1h,VCB,VCB.VN
2024-05-21 03:00:00+00:00,61204.01171875,61404.68359375,61137.125,61270.90234375,296102,1h,VCB,VCB.VN
2024-05-21 04:00:00+00:00,61070.234375,61204.01171875,61070.234375,61204.01171875,106561,1h,VCB,VCB.VN
2024-05-21 06:00:00+00:00,60802.67578125,61137.125,60735.78515625,61070.234375,578121,1h,VCB,VCB.VN
2024-05-21 07:00:00+00:00,60936.453125,61003.34375,60668.89453125,60802.67578125,392883,1h,VCB,VCB.VN
2024-05-22 02:00:00+00:00,61003.34375,61337.79296875,61003.34375,61204.01171875,0,1h,VCB,VCB.VN
2024-05-22 03:00:00+00:00,60869.56640625,61070.234375,60869.56640625,61003.34375,223000,1h,VCB,VCB.VN
2024-05-22 04:00:00+00:00,60802.67578125,60936.453125,60735.78515625,60936.453125,136900,1h,VCB,VCB.VN
2024-05-22 06:00:00+00:00,60802.67578125,60869.56640625,60668.89453125,60735.78515625,465633,1h,VCB,VCB.VN
2024-05-22 07:00:00+00:00,60668.89453125,61003.34375,60668.89453125,60802.67578125,601267,1h,VCB,VCB.VN
2024-05-23 02:00:00+00:00,60802.67578125,61204.01171875,60668.89453125,60668.89453125,0,1h,VCB,VCB.VN
2024-05-23 03:00:00+00:00,60735.78515625,60869.56640625,60735.78515625,60802.67578125,113700,1h,VCB,VCB.VN
2024-05-23 04:00:00+00:00,60735.78515625,60869.56640625,60668.89453125,60735.78515625,150800,1h,VCB,VCB.VN
2024-05-23 06:00:00+00:00,60602.0078125,60735.78515625,60535.1171875,60668.89453125,423353,1h,VCB,VCB.VN
2024-05-23 07:00:00+00:00,60869.56640625,61204.01171875,60602.0078125,60668.89453125,0,1h,VCB,VCB.VN
2024-05-24 02:00:00+00:00,60535.1171875,60869.56640625,60535.1171875,60869.56640625,379700,1h,VCB,VCB.VN
2024-05-24 03:00:00+00:00,60668.89453125,60869.56640625,60535.1171875,60602.0078125,368700,1h,VCB,VCB.VN
2024-05-24 04:00:00+00:00,60535.1171875,60735.78515625,60535.1171875,60668.89453125,106217,1h,VCB,VCB.VN
2024-05-24 06:00:00+00:00,60267.55859375,60602.0078125,60267.55859375,60535.1171875,881013,1h,VCB,VCB.VN
2024-05-24 07:00:00+00:00,60334.44921875,60334.44921875,60200.66796875,60334.44921875,669870,1h,VCB,VCB.VN
2024-05-27 02:00:00+00:00,60267.55859375,60602.0078125,60200.66796875,60535.1171875,0,1h,VCB,VCB.VN
2024-05-27 03:00:00+00:00,60200.66796875,60334.44921875,60200.66796875,60267.55859375,159300,1h,VCB,VCB.VN
2024-05-27 04:00:00+00:00,60200.66796875,60267.55859375,60133.77734375,60200.66796875,85900,1h,VCB,VCB.VN
2024-05-27 06:00:00+00:00,60066.890625,60200.66796875,60000.0,60200.66796875,395931,1h,VCB,VCB.VN
2024-05-27 07:00:00+00:00,60334.44921875,60334.44921875,60000.0,60066.890625,480969,1h,VCB,VCB.VN
2024-05-28 02:00:00+00:00,60401.3359375,60535.1171875,60066.890625,60066.890625,0,1h,VCB,VCB.VN
2024-05-28 03:00:00+00:00,60267.55859375,60468.2265625,60200.66796875,60401.3359375,181413,1h,VCB,VCB.VN
2024-05-28 04:00:00+00:00,60133.77734375,60267.55859375,60133.77734375,60267.55859375,139800,1h,VCB,VCB.VN
2024-05-28 06:00:00+00:00,60066.890625,60267.55859375,60066.890625,60133.77734375,717495,1h,VCB,VCB.VN
2024-05-28 07:00:00+00:00,60668.89453125,60668.89453125,60066.890625,60066.890625,651530,1h,VCB,VCB.VN
2024-05-29 02:00:00+00:00,60468.2265625,60869.56640625,60200.66796875,60735.78515625,0,1h,VCB,VCB.VN
2024-05-29 03:00:00+00:00,60200.66796875,60535.1171875,60200.66796875,60468.2265625,139600,1h,VCB,VCB.VN
2024-05-29 04:00:00+00:00,60200.66796875,60267.55859375,60133.77734375,60200.66796875,167600,1h,VCB,VCB.VN
2024-05-29 06:00:00+00:00,60133.77734375,60267.55859375,60066.890625,60200.66796875,376806,1h,VCB,VCB.VN
2024-05-29 07:00:00+00:00,60066.890625,60267.55859375,60066.890625,60200.66796875,360494,1h,VCB,VCB.VN
2024-05-30 02:00:00+00:00,59799.33203125,60000.0,59665.55078125,59866.21875,0,1h,VCB,VCB.VN
2024-05-30 03:00:00+00:00,59598.66015625,59799.33203125,59598.66015625,59799.33203125,550200,1h,VCB,VCB.VN
2024-05-30 04:00:00+00:00,59531.7734375,59665.55078125,59464.8828125,59598.66015625,316900,1h,VCB,VCB.VN
2024-05-30 06:00:00+00:00,59598.66015625,59598.66015625,59197.32421875,59531.7734375,734700,1h,VCB,VCB.VN
2024-05-30 07:00:00+00:00,59264.21484375,59933.109375,59264.21484375,59598.66015625,508300,1h,VCB,VCB.VN
2024-05-31 02:00:00+00:00,59331.1015625,59531.7734375,59264.21484375,59331.1015625,0,1h,VCB,VCB.VN
2024-05-31 03:00:00+00:00,59063.546875,59397.9921875,59063.546875,59331.1015625,765255,1h,VCB,VCB.VN
2024-05-31 04:00:00+00:00,58862.875,59264.21484375,58862.875,59063.546875,354100,1h,VCB,VCB.VN
2024-05-31 06:00:00+00:00,58862.875,58996.65625,58862.875,58929.765625,1066453,1h,VCB,VCB.VN
2024-05-31 07:00:00+00:00,58327.7578125,58862.875,58327.7578125,58862.875,1481214,1h,VCB,VCB.VN
2024-06-03 02:00:00+00:00,59197.32421875,59732.44140625,58862.875,58862.875,0,1h,VCB,VCB.VN
2024-06-03 03:00:00+00:00,59264.21484375,59264.21484375,59130.43359375,59197.32421875,289600,1h,VCB,VCB.VN
2024-06-03 04:00:00+00:00,59397.9921875,59531.7734375,59264.21484375,59264.21484375,455000,1h,VCB,VCB.VN
2024-06-03 06:00:00+00:00,59264.21484375,59397.9921875,59197.32421875,59397.9921875,628100,1h,VCB,VCB.VN
2024-06-03 07:00:00+00:00,58996.65625,59331.1015625,58996.65625,59264.21484375,486300,1h,VCB,VCB.VN
2024-06-04 02:00:00+00:00,59598.66015625,59665.55078125,59063.546875,59464.8828125,0,1h,VCB,VCB.VN
2024-06-04 03:00:00+00:00,59464.8828125,59665.55078125,59264.21484375,59598.66015625,479557,1h,VCB,VCB.VN
2024-06-04 04:00:00+00:00,59464.8828125,59531.7734375,59397.9921875,59464.8828125,174600,1h,VCB,VCB.VN
2024-06-04 06:00:00+00:00,59397.9921875,59531.7734375,59331.1015625,59464.8828125,694800,1h,VCB,VCB.VN
2024-06-04 07:00:00+00:00,59331.1015625,59464.8828125,59331.1015625,59331.1015625,599299,1h,VCB,VCB.VN
2024-06-05 02:00:00+00:00,59799.33203125,59866.21875,59331.1015625,59331.1015625,0,1h,VCB,VCB.VN
2024-06-05 03:00:00+00:00,59732.44140625,59799.33203125,59665.55078125,59799.33203125,317400,1h,VCB,VCB.VN
2024-06-05 04:00:00+00:00,59665.55078125,59732.44140625,59598.66015625,59732.44140625,129400,1h,VCB,VCB.VN
2024-06-05 06:00:00+00:00,59397.9921875,59665.55078125,59331.1015625,59665.55078125,634752,1h,VCB,VCB.VN
2024-06-05 07:00:00+00:00,59397.9921875,59464.8828125,59264.21484375,59397.9921875,865948,1h,VCB,VCB.VN
2024-06-06 02:00:00+00:00,59866.21875,60000.0,59464.8828125,59464.8828125,0,1h,VCB,VCB.VN
2024-06-06 03:00:00+00:00,59732.44140625,59866.21875,59665.55078125,59866.21875,189408,1h,VCB,VCB.VN
2024-06-06 04:00:00+00:00,59799.33203125,59866.21875,59665.55078125,59732.44140625,163925,1h,VCB,VCB.VN
2024-06-06 06:00:00+00:00,59732.44140625,59933.109375,59732.44140625,59799.33203125,553000,1h,VCB,VCB.VN
2024-06-06 07:00:00+00:00,59531.7734375,59799.33203125,59397.9921875,59732.44140625,463725,1h,VCB,VCB.VN
2024-06-07 02:00:00+00:00,59665.55078125,60000.0,59464.8828125,59598.66015625,0,1h,VCB,VCB.VN
2024-06-07 03:00:00+00:00,59464.8828125,59732.44140625,59464.8828125,59665.55078125,153100,1h,VCB,VCB.VN
2024-06-07 04:00:00+00:00,59397.9921875,59531.7734375,59397.9921875,59464.8828125,98100,1h,VCB,VCB.VN
2024-06-07 06:00:00+00:00,59331.1015625,59464.8828125,59264.21484375,59397.9921875,363547,1h,VCB,VCB.VN
2024-06-07 07:00:00+00:00,59197.32421875,59397.9921875,59197.32421875,59397.9921875,452153,1h,VCB,VCB.VN
2024-06-10 02:00:00+00:00,59531.7734375,59665.55078125,59331.1015625,59464.8828125,0,1h,VCB,VCB.VN
2024-06-10 03:00:00+00:00,59331.1015625,59598.66015625,59331.1015625,59531.7734375,178020,1h,VCB,VCB.VN
2024-06-10 04:00:00+00:00,59264.21484375,59464.8828125,59063.546875,59331.1015625,316833,1h,VCB,VCB.VN
2024-06-10 06:00:00+00:00,58929.765625,59264.21484375,58795.98828125,59264.21484375,1168558,1h,VCB,VCB.VN
2024-06-10 07:00:00+00:00,58862.875,59063.546875,58795.98828125,58929.765625,1080689,1h,VCB,VCB.VN
2024-06-11 02:00:00+00:00,58862.875,59130.43359375,58862.875,59063.546875,0,1h,VCB,VCB.VN
2024-06-11 03:00:00+00:00,58795.98828125,58929.765625,58729.09765625,58862.875,239600,1h,VCB,VCB.VN
2024-06-11 04:00:00+00:00,58729.09765625,58795.98828125,58662.20703125,58795.98828125,148300,1h,VCB,VCB.VN
2024-06-11 06:00:00+00:00,58394.6484375,58795.98828125,58327.7578125,58795.98828125,827574,1h,VCB,VCB.VN
2024-06-11 07:00:00+00:00,58327.7578125,58528.4296875,58260.87109375,58394.6484375,1012426,1h,VCB,VCB.VN
2024-06-12 02:00:00+00:00,58327.7578125,58528.4296875,58193.98046875,58461.5390625,0,1h,VCB,VCB.VN
2024-06-12 03:00:00+00:00,58260.87109375,58327.7578125,58193.98046875,58327.7578125,377400,1h,VCB,VCB.VN
2024-06-12 04:00:00+00:00,58394.6484375,58394.6484375,58260.87109375,58327.7578125,111000,1h,VCB,VCB.VN
2024-06-12 06:00:00+00:00,59130.43359375,59531.7734375,58327.7578125,58394.6484375,750800,1h,VCB,VCB.VN
2024-06-12 07:00:00+00:00,59331.1015625,59665.55078125,59063.546875,59063.546875,703500,1h,VCB,VCB.VN
2024-06-13 02:00:00+00:00,59464.8828125,59598.66015625,59397.9921875,59464.8828125,0,1h,VCB,VCB.VN
2024-06-13 03:00:00+00:00,59331.1015625,59464.8828125,59331.1015625,59464.8828125,168300,1h,VCB,VCB.VN
2024-06-13 04:00:00+00:00,59464.8828125,59531.7734375,59331.1015625,59331.1015625,121900,1h,VCB,VCB.VN
2024-06-13 06:00:00+00:00,59331.1015625,59464.8828125,59197.32421875,59464.8828125,587300,1h,VCB,VCB.VN
2024-06-13 07:00:00+00:00,59130.43359375,59531.7734375,59130.43359375,59331.1015625,680500,1h,VCB,VCB.VN
2024-06-14 02:00:00+00:00,59464.8828125,59464.8828125,59197.32421875,59197.32421875,0,1h,VCB,VCB.VN
2024-06-14 03:00:00+00:00,59464.8828125,59598.66015625,59464.8828125,59531.7734375,369100,1h,VCB,VCB.VN
2024-06-14 04:00:00+00:00,59598.66015625,59598.66015625,59464.8828125,59464.8828125,239800,1h,VCB,VCB.VN
2024-06-14 06:00:00+00:00,59130.43359375,59598.66015625,59130.43359375,59598.66015625,639400,1h,VCB,VCB.VN
2024-06-14 07:00:00+00:00,58528.4296875,59197.32421875,58528.4296875,59130.43359375,1024800,1h,VCB,VCB.VN
2024-06-17 02:00:00+00:00,58662.20703125,58729.09765625,58394.6484375,58595.31640625,0,1h,VCB,VCB.VN
2024-06-17 03:00:00+00:00,58528.4296875,58729.09765625,58528.4296875,58662.20703125,410400,1h,VCB,VCB.VN
2024-06-17 04:00:00+00:00,58528.4296875,58595.31640625,58461.5390625,58595.31640625,284000,1h,VCB,VCB.VN
2024-06-17 06:00:00+00:00,58461.5390625,58595.31640625,58394.6484375,58528.4296875,755900,1h,VCB,VCB.VN
2024-06-17 07:00:00+00:00,58260.87109375,58528.4296875,58260.87109375,58528.4296875,603400,1h,VCB,VCB.VN
2024-06-18 02:00:00+00:00,58795.98828125,59197.32421875,58394.6484375,58528.4296875,0,1h,VCB,VCB.VN
2024-06-18 03:00:00+00:00,58795.98828125,58862.875,58595.31640625,58862.875,209900,1h,VCB,VCB.VN
2024-06-18 04:00:00+00:00,58795.98828125,58795.98828125,58729.09765625,58795.98828125,59000,1h,VCB,VCB.VN
2024-06-18 06:00:00+00:00,58595.31640625,58862.875,58595.31640625,58795.98828125,392300,1h,VCB,VCB.VN
2024-06-18 07:00:00+00:00,58260.87109375,58795.98828125,58260.87109375,58662.20703125,547600,1h,VCB,VCB.VN
2024-06-19 02:00:00+00:00,58260.87109375,58528.4296875,58260.87109375,58394.6484375,0,1h,VCB,VCB.VN
2024-06-19 03:00:00+00:00,58060.19921875,58327.7578125,57993.3125,58260.87109375,588300,1h,VCB,VCB.VN
2024-06-19 04:00:00+00:00,57993.3125,58060.19921875,57926.421875,58060.19921875,201500,1h,VCB,VCB.VN
2024-06-19 06:00:00+00:00,57993.3125,58060.19921875,57859.53125,57993.3125,681798,1h,VCB,VCB.VN
2024-06-19 07:00:00+00:00,57926.421875,58193.98046875,57859.53125,57993.3125,655702,1h,VCB,VCB.VN
2024-06-20 02:00:00+00:00,57792.640625,57926.421875,57792.640625,57926.421875,0,1h,VCB,VCB.VN
2024-06-20 03:00:00+00:00,57591.97265625,57859.53125,57525.08203125,57792.640625,486400,1h,VCB,VCB.VN
2024-06-20 04:00:00+00:00,57458.1953125,57591.97265625,57391.3046875,57591.97265625,285200,1h,VCB,VCB.VN
2024-06-20 06:00:00+00:00,57324.4140625,57458.1953125,57257.5234375,57391.3046875,946382,1h,VCB,VCB.VN
2024-06-20 07:00:00+00:00,57525.08203125,57926.421875,57324.4140625,57324.4140625,791018,1h,VCB,VCB.VN
2024-06-21 02:00:00+00:00,57324.4140625,57859.53125,57190.63671875,57591.97265625,0,1h,VCB,VCB.VN
2024-06-21 03:00:00+00:00,57859.53125,57993.3125,57257.5234375,57324.4140625,177600,1h,VCB,VCB.VN
2024-06-21 04:00:00+00:00,57859.53125,57926.421875,57792.640625,57859.53125,67400,1h,VCB,VCB.VN
2024-06-21 06:00:00+00:00,57859.53125,57926.421875,57792.640625,57859.53125,296900,1h,VCB,VCB.VN
2024-06-21 07:00:00+00:00,57525.08203125,57993.3125,57525.08203125,57859.53125,1102500,1h,VCB,VCB.VN
2024-06-24 02:00:00+00:00,58193.98046875,58461.5390625,57525.08203125,57525.08203125,0,1h,VCB,VCB.VN
2024-06-24 03:00:00+00:00,57859.53125,58193.98046875,57792.640625,58127.08984375,580000,1h,VCB,VCB.VN
2024-06-24 04:00:00+00:00,57926.421875,57993.3125,57859.53125,57926.421875,100831,1h,VCB,VCB.VN
2024-06-24 06:00:00+00:00,57792.640625,58060.19921875,57792.640625,57926.421875,750430,1h,VCB,VCB.VN
2024-06-24 07:00:00+00:00,57190.63671875,57859.53125,57190.63671875,57792.640625,540139,1h,VCB,VCB.VN
2024-06-25 02:00:00+00:00,57859.53125,57993.3125,57324.4140625,57324.4140625,0,1h,VCB,VCB.VN
2024-06-25 03:00:00+00:00,57792.640625,57926.421875,57725.75390625,57859.53125,308300,1h,VCB,VCB.VN
2024-06-25 04:00:00+00:00,57658.86328125,57859.53125,57658.86328125,57792.640625,138200,1h,VCB,VCB.VN
2024-06-25 06:00:00+00:00,57725.75390625,57926.421875,57658.86328125,57658.86328125,427200,1h,VCB,VCB.VN
2024-06-25 07:00:00+00:00,57190.63671875,57792.640625,57190.63671875,57725.75390625,447674,1h,VCB,VCB.VN
2024-06-26 02:00:00+00:00,57591.97265625,57725.75390625,57324.4140625,57391.3046875,0,1h,VCB,VCB.VN
2024-06-26 03:00:00+00:00,57525.08203125,57725.75390625,57525.08203125,57658.86328125,173800,1h,VCB,VCB.VN
2024-06-26 04:00:00+00:00,57525.08203125,57591.97265625,57391.3046875,57525.08203125,235000,1h,VCB,VCB.VN
2024-06-26 06:00:00+00:00,57324.4140625,57591.97265625,57324.4140625,57458.1953125,404925,1h,VCB,VCB.VN
2024-06-26 07:00:00+00:00,56989.96484375,57591.97265625,56989.96484375,57324.4140625,764575,1h,VCB,VCB.VN
2024-06-27 02:00:00+00:00,57123.74609375,57391.3046875,56989.96484375,56989.96484375,0,1h,VCB,VCB.VN
2024-06-27 03:00:00+00:00,57056.85546875,57391.3046875,57056.85546875,57123.74609375,217800,1h,VCB,VCB.VN
2024-06-27 04:00:00+00:00,57123.74609375,57190.63671875,57056.85546875,57056.85546875,69800,1h,VCB,VCB.VN
2024-06-27 06:00:00+00:00,57190.63671875,57257.5234375,56989.96484375,57123.74609375,278264,1h,VCB,VCB.VN
2024-06-27 07:00:00+00:00,56989.96484375,57525.08203125,56989.96484375,57190.63671875,730234,1h,VCB,VCB.VN
2024-06-28 02:00:00+00:00,57324.4140625,57525.08203125,57123.74609375,57525.08203125,0,1h,VCB,VCB.VN
2024-06-28 03:00:00+00:00,57391.3046875,57458.1953125,57190.63671875,57257.5234375,148100,1h,VCB,VCB.VN
2024-06-28 04:00:00+00:00,57324.4140625,57458.1953125,57190.63671875,57391.3046875,45800,1h,VCB,VCB.VN
2024-06-28 06:00:00+00:00,56989.96484375,57391.3046875,56923.078125,57257.5234375,392200,1h,VCB,VCB.VN
2024-06-28 07:00:00+00:00,56989.96484375,57257.5234375,56856.1875,56923.078125,546800,1h,VCB,VCB.VN
2024-07-01 02:00:00+00:00,57123.74609375,57391.3046875,56989.96484375,57391.3046875,0,1h,VCB,VCB.VN
2024-07-01 03:00:00+00:00,57190.63671875,57190.63671875,57056.85546875,57123.74609375,264100,1h,VCB,VCB.VN
2024-07-01 04:00:00+00:00,57190.63671875,57257.5234375,57123.74609375,57190.63671875,98173,1h,VCB,VCB.VN
2024-07-01 06:00:00+00:00,57190.63671875,57257.5234375,57123.74609375,57190.63671875,285357,1h,VCB,VCB.VN
2024-07-01 07:00:00+00:00,57591.97265625,57658.86328125,57190.63671875,57190.63671875,465700,1h,VCB,VCB.VN
2024-07-02 02:00:00+00:00,58595.31640625,58595.31640625,57658.86328125,57993.3125,0,1h,VCB,VCB.VN
2024-07-02 03:00:00+00:00,58795.98828125,59397.9921875,58528.4296875,58595.31640625,850382,1h,VCB,VCB.VN
2024-07-02 04:00:00+00:00,58795.98828125,58862.875,58729.09765625,58729.09765625,165922,1h,VCB,VCB.VN
2024-07-02 06:00:00+00:00,58862.875,59130.43359375,58795.98828125,58795.98828125,539200,1h,VCB,VCB.VN
2024-07-02 07:00:00+00:00,58996.65625,59130.43359375,58862.875,58862.875,0,1h,VCB,VCB.VN
2024-07-03 02:00:00+00:00,59063.546875,59197.32421875,58795.98828125,58862.875,167000,1h,VCB,VCB.VN
2024-07-03 03:00:00+00:00,58929.765625,59063.546875,58862.875,59063.546875,202810,1h,VCB,VCB.VN
2024-07-03 04:00:00+00:00,58929.765625,58996.65625,58862.875,58862.875,74183,1h,VCB,VCB.VN
2024-07-03 06:00:00+00:00,59063.546875,59130.43359375,58795.98828125,58929.765625,663387,1h,VCB,VCB.VN
2024-07-03 07:00:00+00:00,59197.32421875,59331.1015625,58996.65625,59063.546875,0,1h,VCB,VCB.VN
2024-07-04 02:00:00+00:00,59866.21875,59866.21875,59264.21484375,59264.21484375,692867,1h,VCB,VCB.VN
2024-07-04 03:00:00+00:00,59665.55078125,60000.0,59598.66015625,59866.21875,636160,1h,VCB,VCB.VN
2024-07-04 04:00:00+00:00,59331.1015625,59732.44140625,59264.21484375,59665.55078125,330463,1h,VCB,VCB.VN
2024-07-04 06:00:00+00:00,59197.32421875,59464.8828125,59130.43359375,59331.1015625,769700,1h,VCB,VCB.VN
2024-07-04 07:00:00+00:00,58862.875,59264.21484375,58862.875,59197.32421875,741110,1h,VCB,VCB.VN
2024-07-05 02:00:00+00:00,59197.32421875,59264.21484375,58929.765625,58929.765625,0,1h,VCB,VCB.VN
2024-07-05 03:00:00+00:00,59531.7734375,59665.55078125,59264.21484375,59264.21484375,281086,1h,VCB,VCB.VN
2024-07-05 04:00:00+00:00,59331.1015625,59531.7734375,59331.1015625,59531.7734375,156752,1h,VCB,VCB.VN
2024-07-05 06:00:00+00:00,59531.7734375,59598.66015625,59264.21484375,59331.1015625,502368,1h,VCB,VCB.VN
2024-07-05 07:00:00+00:00,58862.875,59598.66015625,58862.875,59464.8828125,732152,1h,VCB,VCB.VN
2024-07-08 02:00:00+00:00,58996.65625,59331.1015625,58862.875,58862.875,0,1h,VCB,VCB.VN
2024-07-08 03:00:00+00:00,58729.09765625,59063.546875,58729.09765625,58996.65625,197100,1h,VCB,VCB.VN
2024-07-08 04:00:00+00:00,58795.98828125,58795.98828125,58595.31640625,58729.09765625,83700,1h,VCB,VCB.VN
2024-07-08 06:00:00+00:00,58996.65625,58996.65625,58595.31640625,58795.98828125,259941,1h,VCB,VCB.VN
2024-07-08 07:00:00+00:00,58327.7578125,58996.65625,58327.7578125,58996.65625,0,1h,VCB,VCB.VN
2024-07-09 02:00:00+00:00,58260.87109375,58528.4296875,58193.98046875,58528.4296875,190530,1h,VCB,VCB.VN
2024-07-09 03:00:00+00:00,58595.31640625,58662.20703125,57993.3125,58260.87109375,317200,1h,VCB,VCB.VN
2024-07-09 04:00:00+00:00,58394.6484375,58662.20703125,58394.6484375,58662.20703125,91100,1h,VCB,VCB.VN
2024-07-09 06:00:00+00:00,58729.09765625,58862.875,58327.7578125,58327.7578125,347175,1h,VCB,VCB.VN
2024-07-09 07:00:00+00:00,58929.765625,59130.43359375,58528.4296875,58662.20703125,0,1h,VCB,VCB.VN
2024-07-10 02:00:00+00:00,59397.9921875,59665.55078125,58996.65625,59063.546875,5341700,1h,VCB,VCB.VN
2024-07-10 03:00:00+00:00,59130.43359375,59531.7734375,59063.546875,59397.9921875,275900,1h,VCB,VCB.VN
2024-07-10 04:00:00+00:00,59264.21484375,59397.9921875,59063.546875,59130.43359375,144000,1h,VCB,VCB.VN
2024-07-10 06:00:00+00:00,59130.43359375,59331.1015625,58862.875,59264.21484375,18214211,1h,VCB,VCB.VN
2024-07-10 07:00:00+00:00,59264.21484375,59264.21484375,58996.65625,59130.43359375,0,1h,VCB,VCB.VN
2024-07-11 02:00:00+00:00,59264.21484375,59331.1015625,59197.32421875,59264.21484375,115226,1h,VCB,VCB.VN
2024-07-11 03:00:00+00:00,59331.1015625,59464.8828125,59197.32421875,59264.21484375,287300,1h,VCB,VCB.VN
2024-07-11 04:00:00+00:00,59331.1015625,59397.9921875,59197.32421875,59331.1015625,187000,1h,VCB,VCB.VN
2024-07-11 06:00:00+00:00,59197.32421875,59397.9921875,58929.765625,59331.1015625,392734,1h,VCB,VCB.VN
2024-07-11 07:00:00+00:00,58929.765625,59397.9921875,58929.765625,59197.32421875,0,1h,VCB,VCB.VN
2024-07-12 02:00:00+00:00,58929.765625,59197.32421875,58929.765625,58996.65625,128900,1h,VCB,VCB.VN
2024-07-12 03:00:00+00:00,59197.32421875,59197.32421875,58929.765625,58929.765625,203400,1h,VCB,VCB.VN
2024-07-12 04:00:00+00:00,59197.32421875,59197.32421875,59197.32421875,59197.32421875,50600,1h,VCB,VCB.VN
2024-07-12 06:00:00+00:00,58862.875,59264.21484375,58862.875,59197.32421875,963698,1h,VCB,VCB.VN
2024-07-12 07:00:00+00:00,58595.31640625,59063.546875,58595.31640625,58862.875,537569,1h,VCB,VCB.VN
2024-07-15 02:00:00+00:00,58996.65625,59063.546875,58595.31640625,58595.31640625,0,1h,VCB,VCB.VN
2024-07-15 03:00:00+00:00,58862.875,58996.65625,58795.98828125,58996.65625,100583,1h,VCB,VCB.VN
2024-07-15 04:00:00+00:00,58862.875,58929.765625,58862.875,58862.875,94700,1h,VCB,VCB.VN
2024-07-15 06:00:00+00:00,58729.09765625,58929.765625,58729.09765625,58862.875,498800,1h,VCB,VCB.VN
2024-07-15 07:00:00+00:00,58528.4296875,58862.875,58528.4296875,58795.98828125,0,1h,VCB,VCB.VN
2024-07-16 02:00:00+00:00,58862.875,58996.65625,58595.31640625,58595.31640625,106300,1h,VCB,VCB.VN
2024-07-16 03:00:00+00:00,59130.43359375,59264.21484375,58862.875,58862.875,419465,1h,VCB,VCB.VN
2024-07-16 04:00:00+00:00,59130.43359375,59130.43359375,59063.546875,59130.43359375,105719,1h,VCB,VCB.VN
2024-07-16 06:00:00+00:00,59063.546875,59197.32421875,58996.65625,59130.43359375,348450,1h,VCB,VCB.VN
2024-07-16 07:00:00+00:00,58795.98828125,59063.546875,58795.98828125,59063.546875,0,1h,VCB,VCB.VN
2024-07-17 02:00:00+00:00,59264.21484375,59397.9921875,58929.765625,59397.9921875,258522,1h,VCB,VCB.VN
2024-07-17 03:00:00+00:00,59197.32421875,59264.21484375,59063.546875,59264.21484375,269581,1h,VCB,VCB.VN
2024-07-17 04:00:00+00:00,59130.43359375,59264.21484375,59130.43359375,59197.32421875,97510,1h,VCB,VCB.VN
2024-07-17 06:00:00+00:00,59331.1015625,59397.9921875,59063.546875,59130.43359375,501444,1h,VCB,VCB.VN
2024-07-17 07:00:00+00:00,58862.875,60200.66796875,58528.4296875,59331.1015625,0,1h,VCB,VCB.VN
2024-07-18 02:00:00+00:00,59264.21484375,59397.9921875,59063.546875,59063.546875,114700,1h,VCB,VCB.VN
2024-07-18 03:00:00+00:00,59331.1015625,59397.9921875,59197.32421875,59331.1015625,167233,1h,VCB,VCB.VN
2024-07-18 04:00:00+00:00,59264.21484375,59331.1015625,59264.21484375,59331.1015625,58820,1h,VCB,VCB.VN
2024-07-18 06:00:00+00:00,58929.765625,59331.1015625,58929.765625,59264.21484375,336766,1h,VCB,VCB.VN
2024-07-18 07:00:00+00:00,58862.875,59197.32421875,58795.98828125,58929.765625,0,1h,VCB,VCB.VN
2024-07-19 02:00:00+00:00,58996.65625,59397.9921875,58862.875,58862.875,200800,1h,VCB,VCB.VN
2024-07-19 03:00:00+00:00,58996.65625,59197.32421875,58996.65625,58996.65625,128517,1h,VCB,VCB.VN
2024-07-19 04:00:00+00:00,59063.546875,59063.546875,58862.875,58996.65625,111400,1h,VCB,VCB.VN
2024-07-19 06:00:00+00:00,58929.765625,59063.546875,58729.09765625,59063.546875,417900,1h,VCB,VCB.VN
2024-07-19 07:00:00+00:00,58528.4296875,58929.765625,58528.4296875,58929.765625,484483,1h,VCB,VCB.VN
2024-07-22 02:00:00+00:00,58662.20703125,58996.65625,58394.6484375,58528.4296875,0,1h,VCB,VCB.VN
2024-07-22 03:00:00+00:00,58795.98828125,59063.546875,58595.31640625,58729.09765625,218700,1h,VCB,VCB.VN
2024-07-22 04:00:00+00:00,58795.98828125,58996.65625,58595.31640625,58729.09765625,113500,1h,VCB,VCB.VN
2024-07-22 06:00:00+00:00,58729.09765625,58862.875,58528.4296875,58795.98828125,367000,1h,VCB,VCB.VN
2024-07-22 07:00:00+00:00,58662.20703125,58996.65625,58662.20703125,58729.09765625,0,1h,VCB,VCB.VN
2024-07-23 02:00:00+00:00,58929.765625,59063.546875,58662.20703125,58729.09765625,97100,1h,VCB,VCB.VN
2024-07-23 03:00:00+00:00,58795.98828125,58996.65625,58662.20703125,58929.765625,192700,1h,VCB,VCB.VN
2024-07-23 04:00:00+00:00,58929.765625,58929.765625,58795.98828125,58862.875,112100,1h,VCB,VCB.VN
2024-07-23 06:00:00+00:00,58862.875,58929.765625,58729.09765625,58929.765625,341800,1h,VCB,VCB.VN
2024-07-23 07:00:00+00:00,58528.4296875,58862.875,58528.4296875,58862.875,0,1h,VCB,VCB.VN
2024-07-24 02:00:00+00:00,58729.09765625,58862.875,58461.5390625,58461.5390625,273200,1h,VCB,VCB.VN
2024-07-24 03:00:00+00:00,58729.09765625,58795.98828125,58528.4296875,58662.20703125,273200,1h,VCB,VCB.VN
2024-07-24 04:00:00+00:00,58862.875,58862.875,58729.09765625,58795.98828125,80100,1h,VCB,VCB.VN
2024-07-24 06:00:00+00:00,58795.98828125,58929.765625,58662.20703125,58795.98828125,266300,1h,VCB,VCB.VN
2024-07-24 07:00:00+00:00,58528.4296875,58862.875,58528.4296875,58729.09765625,0,1h,VCB,VCB.VN
2024-07-25 02:00:00+00:00,58528.4296875,58662.20703125,58394.6484375,58595.31640625,176800,1h,VCB,VCB.VN
2024-07-25 03:00:00+00:00,58394.6484375,58528.4296875,58327.7578125,58528.4296875,176800,1h,VCB,VCB.VN
2024-07-25 04:00:00+00:00,58461.5390625,58461.5390625,58327.7578125,58327.7578125,74100,1h,VCB,VCB.VN
2024-07-25 06:00:00+00:00,58528.4296875,58662.20703125,58394.6484375,58394.6484375,200400,1h,VCB,VCB.VN
2024-07-25 07:00:00+00:00,58394.6484375,58528.4296875,58327.7578125,58528.4296875,0,1h,VCB,VCB.VN
2024-07-26 02:00:00+00:00,58394.6484375,58461.5390625,58327.7578125,58394.6484375,79900,1h,VCB,VCB.VN
2024-07-26 03:00:00+00:00,58461.5390625,58461.5390625,58327.7578125,58327.7578125,86800,1h,VCB,VCB.VN
2024-07-26 04:00:00+00:00,58528.4296875,58528.4296875,58394.6484375,58461.5390625,34900,1h,VCB,VCB.VN
2024-07-26 06:00:00+00:00,58461.5390625,58662.20703125,58394.6484375,58528.4296875,205300,1h,VCB,VCB.VN
2024-07-26 07:00:00+00:00,58394.6484375,58595.31640625,58327.7578125,58528.4296875,496400,1h,VCB,VCB.VN
2024-07-29 02:00:00+00:00,58528.4296875,58729.09765625,58461.5390625,58595.31640625,0,1h,VCB,VCB.VN
2024-07-29 03:00:00+00:00,58528.4296875,58595.31640625,58394.6484375,58528.4296875,53700,1h,VCB,VCB.VN
2024-07-29 04:00:00+00:00,58528.4296875,58528.4296875,58461.5390625,58528.4296875,14200,1h,VCB,VCB.VN
2024-07-29 06:00:00+00:00,58461.5390625,58528.4296875,58394.6484375,58528.4296875,136310,1h,VCB,VCB.VN
2024-07-29 07:00:00+00:00,58394.6484375,58528.4296875,58394.6484375,58461.5390625,0,1h,VCB,VCB.VN
2024-07-30 02:00:00+00:00,58394.6484375,58528.4296875,58394.6484375,58394.6484375,64400,1h,VCB,VCB.VN
2024-07-30 03:00:00+00:00,58595.31640625,58662.20703125,58394.6484375,58461.5390625,101100,1h,VCB,VCB.VN
2024-07-30 04:00:00+00:00,58662.20703125,58662.20703125,58528.4296875,58595.31640625,34300,1h,VCB,VCB.VN
2024-07-30 06:00:00+00:00,58862.875,59063.546875,58595.31640625,58595.31640625,459300,1h,VCB,VCB.VN
2024-07-30 07:00:00+00:00,58528.4296875,58862.875,58528.4296875,58795.98828125,0,1h,VCB,VCB.VN
2024-07-31 02:00:00+00:00,58795.98828125,58996.65625,58528.4296875,58528.4296875,162300,1h,VCB,VCB.VN
2024-07-31 03:00:00+00:00,58929.765625,58996.65625,58595.31640625,58795.98828125,173900,1h,VCB,VCB.VN
2024-07-31 04:00:00+00:00,59130.43359375,59197.32421875,58929.765625,58996.65625,263500,1h,VCB,VCB.VN
2024-07-31 06:00:00+00:00,59197.32421875,59264.21484375,59063.546875,59130.43359375,487500,1h,VCB,VCB.VN
2024-07-31 07:00:00+00:00,59665.55078125,59665.55078125,59130.43359375,59197.32421875,0,1h,VCB,VCB.VN
2024-08-01 02:00:00+00:00,60735.78515625,61137.125,59665.55078125,59732.44140625,1242600,1h,VCB,VCB.VN
2024-08-01 03:00:00+00:00,60735.78515625,60869.56640625,60602.0078125,60735.78515625,592700,1h,VCB,VCB.VN
2024-08-01 04:00:00+00:00,61003.34375,61003.34375,60735.78515625,60735.78515625,411000,1h,VCB,VCB.VN
2024-08-01 06:00:00+00:00,60735.78515625,61137.125,60602.0078125,60869.56640625,1508300,1h,VCB,VCB.VN
2024-08-01 07:00:00+00:00,60668.89453125,60869.56640625,59933.109375,60802.67578125,0,1h,VCB,VCB.VN
2024-08-02 02:00:00+00:00,59799.33203125,60468.2265625,59799.33203125,60468.2265625,223300,1h,VCB,VCB.VN
2024-08-02 03:00:00+00:00,59665.55078125,59933.109375,59665.55078125,59866.21875,133800,1h,VCB,VCB.VN
2024-08-02 04:00:00+00:00,59665.55078125,59732.44140625,59598.66015625,59732.44140625,56600,1h,VCB,VCB.VN
2024-08-02 06:00:00+00:00,59464.8828125,59866.21875,59464.8828125,59665.55078125,465800,1h,VCB,VCB.VN
2024-08-02 07:00:00+00:00,59331.1015625,59933.109375,59331.1015625,59531.7734375,711900,1h,VCB,VCB.VN
2024-08-05 02:00:00+00:00,58729.09765625,59197.32421875,58662.20703125,59197.32421875,0,1h,VCB,VCB.VN
2024-08-05 03:00:00+00:00,58662.20703125,58862.875,58595.31640625,58662.20703125,223700,1h,VCB,VCB.VN
2024-08-05 04:00:00+00:00,58729.09765625,58795.98828125,58461.5390625,58729.09765625,331100,1h,VCB,VCB.VN
2024-08-05 06:00:00+00:00,58394.6484375,58729.09765625,58127.08984375,58729.09765625,962800,1h,VCB,VCB.VN
2024-08-05 07:00:00+00:00,58127.08984375,58595.31640625,58127.08984375,58327.7578125,0,1h,VCB,VCB.VN
2024-08-06 02:00:00+00:00,58193.98046875,58528.4296875,57993.3125,58127.08984375,596800,1h,VCB,VCB.VN
2024-08-06 03:00:00+00:00,58394.6484375,58528.4296875,58127.08984375,58193.98046875,605000,1h,VCB,VCB.VN
2024-08-06 04:00:00+00:00,58461.5390625,58528.4296875,58394.6484375,58394.6484375,105300,1h,VCB,VCB.VN
2024-08-06 06:00:00+00:00,58461.5390625,58528.4296875,58327.7578125,58461.5390625,486900,1h,VCB,VCB.VN
2024-08-06 07:00:00+00:00,58394.6484375,58662.20703125,58327.7578125,58461.5390625,0,1h,VCB,VCB.VN
2024-08-07 02:00:00+00:00,58461.5390625,58528.4296875,58193.98046875,58461.5390625,273700,1h,VCB,VCB.VN
2024-08-07 03:00:00+00:00,58327.7578125,58528.4296875,58327.7578125,58461.5390625,85600,1h,VCB,VCB.VN
2024-08-07 04:00:00+00:00,58394.6484375,58528.4296875,58327.7578125,58394.6484375,70000,1h,VCB,VCB.VN
2024-08-07 06:00:00+00:00,58461.5390625,58662.20703125,58327.7578125,58394.6484375,194000,1h,VCB,VCB.VN
2024-08-07 07:00:00+00:00,58662.20703125,58662.20703125,58461.5390625,58461.5390625,0,1h,VCB,VCB.VN
2024-08-08 02:00:00+00:00,58461.5390625,58662.20703125,58327.7578125,58662.20703125,100800,1h,VCB,VCB.VN
2024-08-08 03:00:00+00:00,58595.31640625,58662.20703125,58461.5390625,58461.5390625,130600,1h,VCB,VCB.VN
2024-08-08 04:00:00+00:00,58595.31640625,58662.20703125,58528.4296875,58595.31640625,56100,1h,VCB,VCB.VN
2024-08-08 06:00:00+00:00,58461.5390625,58662.20703125,58394.6484375,58595.31640625,587800,1h,VCB,VCB.VN
2024-08-08 07:00:00+00:00,58394.6484375,58528.4296875,58394.6484375,58394.6484375,0,1h,VCB,VCB.VN
2024-08-09 02:00:00+00:00,58595.31640625,58795.98828125,58461.5390625,58461.5390625,80300,1h,VCB,VCB.VN
2024-08-09 03:00:00+00:00,58595.31640625,58795.98828125,58595.31640625,58595.31640625,165900,1h,VCB,VCB.VN
2024-08-09 04:00:00+00:00,58595.31640625,58662.20703125,58595.31640625,58662.20703125,32200,1h,VCB,VCB.VN
2024-08-09 06:00:00+00:00,58929.765625,58929.765625,58528.4296875,58662.20703125,402100,1h,VCB,VCB.VN
2024-08-09 07:00:00+00:00,58662.20703125,59063.546875,58662.20703125,58862.875,456200,1h,VCB,VCB.VN
2024-08-12 02:00:00+00:00,58461.5390625,59130.43359375,58461.5390625,59130.43359375,0,1h,VCB,VCB.VN
2024-08-12 03:00:00+00:00,58595.31640625,58662.20703125,58394.6484375,58461.5390625,237200,1h,VCB,VCB.VN
2024-08-12 04:00:00+00:00,58996.65625,58996.65625,58528.4296875,58595.31640625,42900,1h,VCB,VCB.VN
2024-08-12 06:00:00+00:00,58729.09765625,58996.65625,58662.20703125,58862.875,180000,1h,VCB,VCB.VN
2024-08-12 07:00:00+00:00,58729.09765625,58929.765625,58729.09765625,58729.09765625,0,1h,VCB,VCB.VN
2024-08-13 02:00:00+00:00,58795.98828125,58929.765625,58595.31640625,58595.31640625,106900,1h,VCB,VCB.VN
2024-08-13 03:00:00+00:00,58862.875,58862.875,58662.20703125,58729.09765625,245900,1h,VCB,VCB.VN
2024-08-13 04:00:00+00:00,59264.21484375,59331.1015625,58795.98828125,58795.98828125,228300,1h,VCB,VCB.VN
2024-08-13 06:00:00+00:00,58929.765625,59264.21484375,58862.875,59197.32421875,288500,1h,VCB,VCB.VN
2024-08-13 07:00:00+00:00,59866.21875,59866.21875,58929.765625,58929.765625,0,1h,VCB,VCB.VN
2024-08-14 02:00:00+00:00,59531.7734375,59799.33203125,59264.21484375,59732.44140625,197816,1h,VCB,VCB.VN
2024-08-14 03:00:00+00:00,59464.8828125,59598.66015625,59397.9921875,59531.7734375,212802,1h,VCB,VCB.VN
2024-08-14 04:00:00+00:00,59331.1015625,59464.8828125,59264.21484375,59464.8828125,78600,1h,VCB,VCB.VN
2024-08-14 06:00:00+00:00,59063.546875,59397.9921875,58996.65625,59331.1015625,409400,1h,VCB,VCB.VN
2024-08-14 07:00:00+00:00,58862.875,59197.32421875,58729.09765625,59063.546875,0,1h,VCB,VCB.VN
2024-08-15 02:00:00+00:00,58795.98828125,58996.65625,58795.98828125,58862.875,97702,1h,VCB,VCB.VN
2024-08-15 03:00:00+00:00,59264.21484375,59397.9921875,58862.875,58862.875,128413,1h,VCB,VCB.VN
2024-08-15 04:00:00+00:00,59130.43359375,59331.1015625,59130.43359375,59264.21484375,71100,1h,VCB,VCB.VN
2024-08-15 06:00:00+00:00,59130.43359375,59331.1015625,59063.546875,59130.43359375,234303,1h,VCB,VCB.VN
2024-08-15 07:00:00+00:00,58595.31640625,59264.21484375,58595.31640625,59130.43359375,0,1h,VCB,VCB.VN
2024-08-16 02:00:00+00:00,59063.546875,59063.546875,58862.875,58862.875,42200,1h,VCB,VCB.VN
2024-08-16 03:00:00+00:00,59197.32421875,59197.32421875,58862.875,59063.546875,231600,1h,VCB,VCB.VN
2024-08-16 04:00:00+00:00,59130.43359375,59197.32421875,58929.765625,59197.32421875,140500,1h,VCB,VCB.VN
2024-08-16 06:00:00+00:00,59331.1015625,59464.8828125,58862.875,59130.43359375,490506,1h,VCB,VCB.VN
2024-08-16 07:00:00+00:00,58929.765625,59464.8828125,58929.765625,59264.21484375,515594,1h,VCB,VCB.VN
2024-08-19 02:00:00+00:00,59331.1015625,59531.7734375,59063.546875,59397.9921875,0,1h,VCB,VCB.VN
2024-08-19 03:00:00+00:00,59331.1015625,59397.9921875,59264.21484375,59331.1015625,310400,1h,VCB,VCB.VN
2024-08-19 04:00:00+00:00,59397.9921875,59464.8828125,59264.21484375,59331.1015625,100500,1h,VCB,VCB.VN
2024-08-19 06:00:00+00:00,59397.9921875,59464.8828125,59331.1015625,59397.9921875,263221,1h,VCB,VCB.VN
2024-08-19 07:00:00+00:00,59397.9921875,59732.44140625,59331.1015625,59397.9921875,0,1h,VCB,VCB.VN
2024-08-20 02:00:00+00:00,60066.890625,60200.66796875,59464.8828125,59464.8828125,629100,1h,VCB,VCB.VN
2024-08-20 03:00:00+00:00,60535.1171875,60535.1171875,60066.890625,60066.890625,852000,1h,VCB,VCB.VN
2024-08-20 04:00:00+00:00,60468.2265625,60535.1171875,60401.3359375,60535.1171875,131400,1h,VCB,VCB.VN
2024-08-20 06:00:00+00:00,60668.89453125,60735.78515625,60401.3359375,60468.2265625,893000,1h,VCB,VCB.VN
2024-08-20 07:00:00+00:00,60735.78515625,60735.78515625,60401.3359375,60602.0078125,0,1h,VCB,VCB.VN
2024-08-21 02:00:00+00:00,60602.0078125,60802.67578125,60468.2265625,60735.78515625,250500,1h,VCB,VCB.VN
2024-08-21 03:00:00+00:00,61003.34375,61070.234375,60602.0078125,60602.0078125,435200,1h,VCB,VCB.VN
2024-08-21 04:00:00+00:00,61337.79296875,61471.5703125,60936.453125,61003.34375,299800,1h,VCB,VCB.VN
2024-08-21 06:00:00+00:00,61337.79296875,61538.4609375,61137.125,61337.79296875,842913,1h,VCB,VCB.VN
2024-08-21 07:00:00+00:00,62073.578125,62207.359375,61337.79296875,61337.79296875,0,1h,VCB,VCB.VN
2024-08-22 02:00:00+00:00,61672.2421875,62341.13671875,61605.3515625,62140.46875,362000,1h,VCB,VCB.VN
2024-08-22 03:00:00+00:00,61872.91015625,61872.91015625,61672.2421875,61672.2421875,201611,1h,VCB,VCB.VN
2024-08-22 04:00:00+00:00,62006.6875,62006.6875,61806.01953125,61872.91015625,105700,1h,VCB,VCB.VN
2024-08-22 06:00:00+00:00,61872.91015625,62006.6875,61605.3515625,61939.80078125,406713,1h,VCB,VCB.VN
2024-08-22 07:00:00+00:00,61806.01953125,61939.80078125,61806.01953125,61806.01953125,0,1h,VCB,VCB.VN
2024-08-23 02:00:00+00:00,61806.01953125,61939.80078125,60535.1171875,61872.91015625,181100,1h,VCB,VCB.VN
2024-08-23 03:00:00+00:00,61872.91015625,61872.91015625,61739.12890625,61806.01953125,136100,1h,VCB,VCB.VN
2024-08-23 04:00:00+00:00,61806.01953125,61872.91015625,61806.01953125,61872.91015625,145500,1h,VCB,VCB.VN
2024-08-23 06:00:00+00:00,61872.91015625,61939.80078125,61739.12890625,61739.12890625,386808,1h,VCB,VCB.VN
2024-08-23 07:00:00+00:00,61806.01953125,62073.578125,61806.01953125,61872.91015625,349992,1h,VCB,VCB.VN
2024-08-26 02:00:00+00:00,61471.5703125,61739.12890625,61404.68359375,61605.3515625,0,1h,VCB,VCB.VN
2024-08-26 03:00:00+00:00,61806.01953125,61939.80078125,61270.90234375,61404.68359375,566400,1h,VCB,VCB.VN
2024-08-26 04:00:00+00:00,61538.4609375,61739.12890625,61538.4609375,61739.12890625,110600,1h,VCB,VCB.VN
2024-08-26 06:00:00+00:00,61872.91015625,61872.91015625,61538.4609375,61605.3515625,162910,1h,VCB,VCB.VN
2024-08-26 07:00:00+00:00,61538.4609375,61939.80078125,61471.5703125,61806.01953125,0,1h,VCB,VCB.VN
2024-08-27 02:00:00+00:00,61204.01171875,61605.3515625,60936.453125,61538.4609375,121500,1h,VCB,VCB.VN
2024-08-27 03:00:00+00:00,61070.234375,61204.01171875,60802.67578125,61204.01171875,315400,1h,VCB,VCB.VN
2024-08-27 04:00:00+00:00,61070.234375,61204.01171875,61003.34375,61070.234375,48000,1h,VCB,VCB.VN
2024-08-27 06:00:00+00:00,61337.79296875,61337.79296875,61003.34375,61070.234375,231405,1h,VCB,VCB.VN
2024-08-27 07:00:00+00:00,61204.01171875,61538.4609375,61204.01171875,61270.90234375,0,1h,VCB,VCB.VN
2024-08-28 02:00:00+00:00,61137.125,61337.79296875,61070.234375,61337.79296875,45721,1h,VCB,VCB.VN
2024-08-28 03:00:00+00:00,61204.01171875,61337.79296875,61137.125,61137.125,137105,1h,VCB,VCB.VN
2024-08-28 04:00:00+00:00,61070.234375,61270.90234375,60936.453125,61204.01171875,217800,1h,VCB,VCB.VN
2024-08-28 06:00:00+00:00,61270.90234375,61471.5703125,61003.34375,61137.125,288800,1h,VCB,VCB.VN
2024-08-28 07:00:00+00:00,60936.453125,61404.68359375,60936.453125,61204.01171875,342174,1h,VCB,VCB.VN
2024-08-29 02:00:00+00:00,61538.4609375,61806.01953125,60869.56640625,60869.56640625,0,1h,VCB,VCB.VN
2024-08-29 03:00:00+00:00,61538.4609375,61605.3515625,61404.68359375,61538.4609375,194510,1h,VCB,VCB.VN
2024-08-29 04:00:00+00:00,61605.3515625,61672.2421875,61538.4609375,61605.3515625,117600,1h,VCB,VCB.VN
2024-08-29 06:00:00+00:00,61538.4609375,61672.2421875,61471.5703125,61538.4609375,605811,1h,VCB,VCB.VN
2024-08-29 07:00:00+00:00,61204.01171875,61672.2421875,61204.01171875,61538.4609375,0,1h,VCB,VCB.VN
2024-08-30 02:00:00+00:00,61672.2421875,61672.2421875,61204.01171875,61204.01171875,114800,1h,VCB,VCB.VN
2024-08-30 03:00:00+00:00,61605.3515625,61739.12890625,61605.3515625,61672.2421875,238800,1h,VCB,VCB.VN
2024-08-30 04:00:00+00:00,61605.3515625,61672.2421875,61605.3515625,61672.2421875,32600,1h,VCB,VCB.VN
2024-08-30 06:00:00+00:00,61538.4609375,61672.2421875,61471.5703125,61605.3515625,511200,1h,VCB,VCB.VN
2024-08-30 07:00:00+00:00,61337.79296875,61739.12890625,61337.79296875,61538.4609375,772400,1h,VCB,VCB.VN
2024-09-04 02:00:00+00:00,60602.0078125,60936.453125,60401.3359375,60936.453125,0,1h,VCB,VCB.VN
2024-09-04 03:00:00+00:00,60602.0078125,60668.89453125,60535.1171875,60602.0078125,925738,1h,VCB,VCB.VN
2024-09-04 04:00:00+00:00,60602.0078125,60668.89453125,60602.0078125,60602.0078125,39701,1h,VCB,VCB.VN
2024-09-04 06:00:00+00:00,60936.453125,60936.453125,60468.2265625,60602.0078125,727800,1h,VCB,VCB.VN
2024-09-04 07:00:00+00:00,60869.56640625,60936.453125,60802.67578125,60869.56640625,0,1h,VCB,VCB.VN
2024-09-05 02:00:00+00:00,60668.89453125,60869.56640625,60401.3359375,60602.0078125,196100,1h,VCB,VCB.VN
2024-09-05 03:00:00+00:00,60869.56640625,60936.453125,60602.0078125,60668.89453125,312228,1h,VCB,VCB.VN
2024-09-05 04:00:00+00:00,60869.56640625,60869.56640625,60802.67578125,60869.56640625,76500,1h,VCB,VCB.VN
2024-09-05 06:00:00+00:00,60869.56640625,60869.56640625,60735.78515625,60802.67578125,170336,1h,VCB,VCB.VN
2024-09-05 07:00:00+00:00,60267.55859375,60869.56640625,60267.55859375,60802.67578125,0,1h,VCB,VCB.VN
2024-09-06 02:00:00+00:00,60401.3359375,60735.78515625,60267.55859375,60334.44921875,52900,1h,VCB,VCB.VN
2024-09-06 03:00:00+00:00,60267.55859375,60401.3359375,60267.55859375,60401.3359375,155100,1h,VCB,VCB.VN
2024-09-06 04:00:00+00:00,60401.3359375,60401.3359375,60267.55859375,60267.55859375,83200,1h,VCB,VCB.VN
2024-09-06 06:00:00+00:00,60200.66796875,60401.3359375,60066.890625,60334.44921875,326400,1h,VCB,VCB.VN
2024-09-06 07:00:00+00:00,60334.44921875,60535.1171875,60200.66796875,60200.66796875,331200,1h,VCB,VCB.VN
2024-09-09 02:00:00+00:00,59799.33203125,60267.55859375,59665.55078125,60267.55859375,0,1h,VCB,VCB.VN
2024-09-09 03:00:00+00:00,59933.109375,59933.109375,59665.55078125,59799.33203125,89800,1h,VCB,VCB.VN
2024-09-09 04:00:00+00:00,60066.890625,60133.77734375,59866.21875,59933.109375,28300,1h,VCB,VCB.VN
2024-09-09 06:00:00+00:00,60066.890625,60334.44921875,59933.109375,60066.890625,145900,1h,VCB,VCB.VN
2024-09-09 07:00:00+00:00,60334.44921875,60334.44921875,59933.109375,60000.0,0,1h,VCB,VCB.VN
2024-09-10 02:00:00+00:00,60200.66796875,60334.44921875,60133.77734375,60267.55859375,205200,1h,VCB,VCB.VN
2024-09-10 03:00:00+00:00,60200.66796875,60267.55859375,60066.890625,60200.66796875,242602,1h,VCB,VCB.VN
2024-09-10 04:00:00+00:00,60066.890625,60200.66796875,60066.890625,60133.77734375,117308,1h,VCB,VCB.VN
2024-09-10 06:00:00+00:00,59799.33203125,60066.890625,59665.55078125,60066.890625,398506,1h,VCB,VCB.VN
2024-09-10 07:00:00+00:00,59531.7734375,60000.0,59531.7734375,59732.44140625,0,1h,VCB,VCB.VN
2024-09-11 02:00:00+00:00,59331.1015625,59531.7734375,59264.21484375,59264.21484375,117900,1h,VCB,VCB.VN
2024-09-11 03:00:00+00:00,59264.21484375,59464.8828125,59197.32421875,59464.8828125,161108,1h,VCB,VCB.VN
2024-09-11 04:00:00+00:00,59130.43359375,59264.21484375,59130.43359375,59197.32421875,172207,1h,VCB,VCB.VN
2024-09-11 06:00:00+00:00,59063.546875,59130.43359375,58862.875,59063.546875,634128,1h,VCB,VCB.VN
2024-09-11 07:00:00+00:00,59130.43359375,59331.1015625,58996.65625,58996.65625,0,1h,VCB,VCB.VN
2024-09-12 02:00:00+00:00,59197.32421875,59598.66015625,59130.43359375,59197.32421875,117300,1h,VCB,VCB.VN
2024-09-12 03:00:00+00:00,59464.8828125,59531.7734375,59197.32421875,59264.21484375,215112,1h,VCB,VCB.VN
2024-09-12 04:00:00+00:00,59665.55078125,59665.55078125,59397.9921875,59531.7734375,157913,1h,VCB,VCB.VN
2024-09-12 06:00:00+00:00,59933.109375,60267.55859375,59598.66015625,59598.66015625,657902,1h,VCB,VCB.VN
2024-09-12 07:00:00+00:00,59866.21875,60200.66796875,59866.21875,59933.109375,0,1h,VCB,VCB.VN
2024-09-13 02:00:00+00:00,59866.21875,60066.890625,59598.66015625,60066.890625,57300,1h,VCB,VCB.VN
2024-09-13 03:00:00+00:00,59933.109375,60000.0,59799.33203125,59933.109375,160200,1h,VCB,VCB.VN
2024-09-13 04:00:00+00:00,60066.890625,60066.890625,59933.109375,60000.0,41000,1h,VCB,VCB.VN
2024-09-13 06:00:00+00:00,60066.890625,60066.890625,59866.21875,60000.0,317700,1h,VCB,VCB.VN
2024-09-13 07:00:00+00:00,60133.77734375,60334.44921875,60000.0,60066.890625,1118600,1h,VCB,VCB.VN
2024-09-16 02:00:00+00:00,59933.109375,60133.77734375,59933.109375,59933.109375,0,1h,VCB,VCB.VN
2024-09-16 03:00:00+00:00,60000.0,60200.66796875,59933.109375,60066.890625,131700,1h,VCB,VCB.VN
2024-09-16 04:00:00+00:00,60000.0,60066.890625,60000.0,60000.0,73400,1h,VCB,VCB.VN
2024-09-16 06:00:00+00:00,59866.21875,60000.0,59665.55078125,59933.109375,265400,1h,VCB,VCB.VN
2024-09-16 07:00:00+00:00,59464.8828125,59866.21875,59397.9921875,59866.21875,0,1h,VCB,VCB.VN
2024-09-17 02:00:00+00:00,59464.8828125,60066.890625,59397.9921875,59531.7734375,65000,1h,VCB,VCB.VN
2024-09-17 03:00:00+00:00,59397.9921875,59531.7734375,59264.21484375,59464.8828125,210300,1h,VCB,VCB.VN
2024-09-17 04:00:00+00:00,59464.8828125,59464.8828125,59397.9921875,59397.9921875,70800,1h,VCB,VCB.VN
2024-09-17 06:00:00+00:00,59866.21875,59866.21875,59397.9921875,59464.8828125,291429,1h,VCB,VCB.VN
2024-09-17 07:00:00+00:00,60535.1171875,60535.1171875,59866.21875,59866.21875,0,1h,VCB,VCB.VN
2024-09-18 02:00:00+00:00,60735.78515625,60802.67578125,60000.0,60602.0078125,221000,1h,VCB,VCB.VN
2024-09-18 03:00:00+00:00,61270.90234375,61337.79296875,60668.89453125,60802.67578125,520000,1h,VCB,VCB.VN
2024-09-18 04:00:00+00:00,61404.68359375,61471.5703125,61204.01171875,61270.90234375,222900,1h,VCB,VCB.VN
2024-09-18 06:00:00+00:00,61137.125,61471.5703125,60735.78515625,61404.68359375,523037,1h,VCB,VCB.VN
2024-09-18 07:00:00+00:00,60869.56640625,61270.90234375,60869.56640625,61137.125,0,1h,VCB,VCB.VN
2024-09-19 02:00:00+00:00,60936.453125,61204.01171875,60869.56640625,60869.56640625,153500,1h,VCB,VCB.VN
2024-09-19 03:00:00+00:00,61137.125,61204.01171875,60802.67578125,60936.453125,301818,1h,VCB,VCB.VN
2024-09-19 04:00:00+00:00,61270.90234375,61337.79296875,61137.125,61137.125,95202,1h,VCB,VCB.VN
2024-09-19 06:00:00+00:00,61070.234375,61204.01171875,61070.234375,61204.01171875,448100,1h,VCB,VCB.VN
2024-09-19 07:00:00+00:00,61204.01171875,61270.90234375,61070.234375,61070.234375,0,1h,VCB,VCB.VN
2024-09-20 02:00:00+00:00,61337.79296875,61538.4609375,61204.01171875,61404.68359375,181200,1h,VCB,VCB.VN
2024-09-20 03:00:00+00:00,61404.68359375,61471.5703125,61270.90234375,61337.79296875,268500,1h,VCB,VCB.VN
2024-09-20 04:00:00+00:00,61270.90234375,61471.5703125,61270.90234375,61404.68359375,141100,1h,VCB,VCB.VN
2024-09-20 06:00:00+00:00,61137.125,61404.68359375,61003.34375,61270.90234375,502709,1h,VCB,VCB.VN
2024-09-20 07:00:00+00:00,60602.0078125,61137.125,60602.0078125,61137.125,1200891,1h,VCB,VCB.VN
2024-09-23 02:00:00+00:00,61003.34375,61204.01171875,60936.453125,61070.234375,0,1h,VCB,VCB.VN
2024-09-23 03:00:00+00:00,61070.234375,61070.234375,61003.34375,61003.34375,55500,1h,VCB,VCB.VN
2024-09-23 04:00:00+00:00,61137.125,61137.125,61003.34375,61070.234375,52400,1h,VCB,VCB.VN
2024-09-23 06:00:00+00:00,61270.90234375,61270.90234375,61070.234375,61070.234375,321400,1h,VCB,VCB.VN
2024-09-23 07:00:00+00:00,60802.67578125,61270.90234375,60802.67578125,61270.90234375,0,1h,VCB,VCB.VN
2024-09-24 02:00:00+00:00,61070.234375,61204.01171875,60802.67578125,60802.67578125,32003,1h,VCB,VCB.VN
2024-09-24 03:00:00+00:00,61070.234375,61070.234375,60802.67578125,61070.234375,80700,1h,VCB,VCB.VN
2024-09-24 04:00:00+00:00,61070.234375,61137.125,60936.453125,61003.34375,41000,1h,VCB,VCB.VN
2024-09-24 06:00:00+00:00,61070.234375,61137.125,60869.56640625,61070.234375,243300,1h,VCB,VCB.VN
2024-09-24 07:00:00+00:00,61003.34375,61204.01171875,60869.56640625,61070.234375,0,1h,VCB,VCB.VN
2024-09-25 02:00:00+00:00,61204.01171875,61337.79296875,61137.125,61204.01171875,280100,1h,VCB,VCB.VN
2024-09-25 03:00:00+00:00,62006.6875,62207.359375,61003.34375,61204.01171875,894728,1h,VCB,VCB.VN
2024-09-25 04:00:00+00:00,62006.6875,62140.46875,61939.80078125,62006.6875,278417,1h,VCB,VCB.VN
2024-09-25 06:00:00+00:00,61939.80078125,62140.46875,61806.01953125,62006.6875,743000,1h,VCB,VCB.VN
2024-09-25 07:00:00+00:00,62073.578125,62073.578125,61538.4609375,61872.91015625,456155,1h,VCB,VCB.VN
2024-09-26 02:00:00+00:00,62207.359375,62274.24609375,61872.91015625,62140.46875,0,1h,VCB,VCB.VN
2024-09-26 03:00:00+00:00,62608.6953125,62675.5859375,62140.46875,62140.46875,569608,1h,VCB,VCB.VN
2024-09-26 04:00:00+00:00,62608.6953125,62675.5859375,62541.8046875,62541.8046875,231813,1h,VCB,VCB.VN
2024-09-26 06:00:00+00:00,62608.6953125,62742.4765625,62474.91796875,62608.6953125,509700,1h,VCB,VCB.VN
2024-09-26 07:00:00+00:00,61872.91015625,62675.5859375,61872.91015625,62608.6953125,0,1h,VCB,VCB.VN
2024-09-27 02:00:00+00:00,62274.24609375,62608.6953125,61872.91015625,61872.91015625,164900,1h,VCB,VCB.VN
2024-09-27 03:00:00+00:00,62073.578125,62274.24609375,62073.578125,62274.24609375,117300,1h,VCB,VCB.VN
2024-09-27 04:00:00+00:00,62006.6875,62140.46875,61939.80078125,62140.46875,98700,1h,VCB,VCB.VN
2024-09-27 06:00:00+00:00,62073.578125,62207.359375,61872.91015625,61939.80078125,395800,1h,VCB,VCB.VN
2024-09-27 07:00:00+00:00,61872.91015625,62140.46875,61872.91015625,62073.578125,344200,1h,VCB,VCB.VN
2024-09-30 02:00:00+00:00,61672.2421875,61872.91015625,61672.2421875,61872.91015625,0,1h,VCB,VCB.VN
2024-09-30 03:00:00+00:00,61739.12890625,61806.01953125,61672.2421875,61739.12890625,177200,1h,VCB,VCB.VN
2024-09-30 04:00:00+00:00,61672.2421875,61806.01953125,61672.2421875,61739.12890625,176001,1h,VCB,VCB.VN
2024-09-30 06:00:00+00:00,61739.12890625,61872.91015625,61672.2421875,61672.2421875,429016,1h,VCB,VCB.VN
2024-09-30 07:00:00+00:00,61538.4609375,61806.01953125,61538.4609375,61739.12890625,0,1h,VCB,VCB.VN
2024-10-01 02:00:00+00:00,61939.80078125,61939.80078125,61739.12890625,61739.12890625,163100,1h,VCB,VCB.VN
2024-10-01 03:00:00+00:00,62006.6875,62073.578125,61939.80078125,61939.80078125,192300,1h,VCB,VCB.VN
2024-10-01 04:00:00+00:00,62274.24609375,62341.13671875,61939.80078125,61939.80078125,187100,1h,VCB,VCB.VN
2024-10-01 06:00:00+00:00,62207.359375,62474.91796875,62207.359375,62274.24609375,684700,1h,VCB,VCB.VN
2024-10-01 07:00:00+00:00,61538.4609375,62207.359375,61538.4609375,62207.359375,0,1h,VCB,VCB.VN
2024-10-02 02:00:00+00:00,61672.2421875,61872.91015625,61538.4609375,61739.12890625,221700,1h,VCB,VCB.VN
2024-10-02 03:00:00+00:00,61538.4609375,61739.12890625,61538.4609375,61672.2421875,211801,1h,VCB,VCB.VN
2024-10-02 04:00:00+00:00,61538.4609375,61605.3515625,61404.68359375,61605.3515625,245308,1h,VCB,VCB.VN
2024-10-02 06:00:00+00:00,61605.3515625,61605.3515625,61404.68359375,61538.4609375,535700,1h,VCB,VCB.VN
2024-10-02 07:00:00+00:00,62006.6875,62006.6875,61605.3515625,61605.3515625,0,1h,VCB,VCB.VN
2024-10-03 02:00:00+00:00,62207.359375,62274.24609375,61806.01953125,61939.80078125,180500,1h,VCB,VCB.VN
2024-10-03 03:00:00+00:00,62541.8046875,62809.36328125,62274.24609375,62274.24609375,486621,1h,VCB,VCB.VN
2024-10-03 04:00:00+00:00,62341.13671875,62608.6953125,62341.13671875,62541.8046875,226221,1h,VCB,VCB.VN
2024-10-03 06:00:00+00:00,62006.6875,62341.13671875,61939.80078125,62341.13671875,414500,1h,VCB,VCB.VN
2024-10-03 07:00:00+00:00,61939.80078125,62073.578125,61872.91015625,62073.578125,441358,1h,VCB,VCB.VN
2024-10-04 02:00:00+00:00,62006.6875,62073.578125,61872.91015625,61872.91015625,0,1h,VCB,VCB.VN
2024-10-04 03:00:00+00:00,61939.80078125,62073.578125,61939.80078125,62006.6875,69200,1h,VCB,VCB.VN
2024-10-04 04:00:00+00:00,61939.80078125,62006.6875,61939.80078125,61939.80078125,68300,1h,VCB,VCB.VN
2024-10-04 06:00:00+00:00,62006.6875,62073.578125,61939.80078125,62006.6875,315700,1h,VCB,VCB.VN
2024-10-04 07:00:00+00:00,61739.12890625,62073.578125,61739.12890625,62006.6875,412200,1h,VCB,VCB.VN
2024-10-07 02:00:00+00:00,61872.91015625,61872.91015625,61739.12890625,61739.12890625,0,1h,VCB,VCB.VN
2024-10-07 03:00:00+00:00,61739.12890625,61872.91015625,61672.2421875,61872.91015625,76000,1h,VCB,VCB.VN
2024-10-07 04:00:00+00:00,61739.12890625,61739.12890625,61739.12890625,61739.12890625,16500,1h,VCB,VCB.VN
2024-10-07 06:00:00+00:00,61471.5703125,61806.01953125,61404.68359375,61739.12890625,267600,1h,VCB,VCB.VN
2024-10-07 07:00:00+00:00,61538.4609375,61672.2421875,61404.68359375,61404.68359375,0,1h,VCB,VCB.VN
2024-10-08 02:00:00+00:00,61337.79296875,61538.4609375,61270.90234375,61538.4609375,180907,1h,VCB,VCB.VN
2024-10-08 03:00:00+00:00,61270.90234375,61337.79296875,61270.90234375,61337.79296875,66137,1h,VCB,VCB.VN
2024-10-08 04:00:00+00:00,61204.01171875,61270.90234375,61137.125,61270.90234375,94435,1h,VCB,VCB.VN
2024-10-08 06:00:00+00:00,61270.90234375,61337.79296875,61137.125,61137.125,330600,1h,VCB,VCB.VN
2024-10-08 07:00:00+00:00,61204.01171875,61270.90234375,60869.56640625,61270.90234375,0,1h,VCB,VCB.VN
2024-10-09 02:00:00+00:00,60936.453125,61070.234375,60869.56640625,61070.234375,252200,1h,VCB,VCB.VN
2024-10-09 03:00:00+00:00,60802.67578125,61003.34375,60802.67578125,60936.453125,496815,1h,VCB,VCB.VN
2024-10-09 04:00:00+00:00,60869.56640625,60869.56640625,60802.67578125,60802.67578125,158301,1h,VCB,VCB.VN
2024-10-09 06:00:00+00:00,61003.34375,61137.125,60802.67578125,60802.67578125,661209,1h,VCB,VCB.VN
2024-10-09 07:00:00+00:00,60869.56640625,61404.68359375,60869.56640625,61003.34375,1032175,1h,VCB,VCB.VN
2024-10-10 02:00:00+00:00,62073.578125,62207.359375,61003.34375,61739.12890625,0,1h,VCB,VCB.VN
2024-10-10 03:00:00+00:00,61672.2421875,62073.578125,61605.3515625,62073.578125,294817,1h,VCB,VCB.VN
2024-10-10 04:00:00+00:00,61404.68359375,61672.2421875,61404.68359375,61672.2421875,107502,1h,VCB,VCB.VN
2024-10-10 06:00:00+00:00,61404.68359375,61672.2421875,61337.79296875,61471.5703125,449407,1h,VCB,VCB.VN
2024-10-10 07:00:00+00:00,61471.5703125,61471.5703125,61204.01171875,61404.68359375,200174,1h,VCB,VCB.VN
2024-10-11 02:00:00+00:00,61337.79296875,61471.5703125,61070.234375,61471.5703125,0,1h,VCB,VCB.VN
2024-10-11 03:00:00+00:00,61003.34375,61337.79296875,61003.34375,61270.90234375,246200,1h,VCB,VCB.VN
2024-10-11 04:00:00+00:00,61137.125,61204.01171875,61003.34375,61137.125,119508,1h,VCB,VCB.VN
2024-10-11 06:00:00+00:00,61070.234375,61204.01171875,61070.234375,61137.125,339300,1h,VCB,VCB.VN
2024-10-11 07:00:00+00:00,61204.01171875,61204.01171875,61070.234375,61070.234375,352492,1h,VCB,VCB.VN
2024-10-14 02:00:00+00:00,61337.79296875,61672.2421875,61337.79296875,61672.2421875,0,1h,VCB,VCB.VN
2024-10-14 03:00:00+00:00,61404.68359375,61471.5703125,61270.90234375,61337.79296875,199500,1h,VCB,VCB.VN
2024-10-14 04:00:00+00:00,61404.68359375,61404.68359375,61270.90234375,61404.68359375,74800,1h,VCB,VCB.VN
2024-10-14 06:00:00+00:00,61404.68359375,61538.4609375,61337.79296875,61337.79296875,289400,1h,VCB,VCB.VN
2024-10-14 07:00:00+00:00,61137.125,61471.5703125,61070.234375,61404.68359375,337700,1h,VCB,VCB.VN
2024-10-15 02:00:00+00:00,61538.4609375,61605.3515625,61070.234375,61070.234375,0,1h,VCB,VCB.VN
2024-10-15 03:00:00+00:00,61270.90234375,61538.4609375,61204.01171875,61471.5703125,241800,1h,VCB,VCB.VN
2024-10-15 04:00:00+00:00,61204.01171875,61337.79296875,61204.01171875,61270.90234375,137000,1h,VCB,VCB.VN
2024-10-15 06:00:00+00:00,61337.79296875,61538.4609375,61204.01171875,61204.01171875,542930,1h,VCB,VCB.VN
2024-10-15 07:00:00+00:00,61137.125,61471.5703125,61137.125,61337.79296875,299570,1h,VCB,VCB.VN
2024-10-16 02:00:00+00:00,61137.125,61204.01171875,61137.125,61137.125,0,1h,VCB,VCB.VN
2024-10-16 03:00:00+00:00,61137.125,61137.125,61070.234375,61137.125,280400,1h,VCB,VCB.VN
2024-10-16 04:00:00+00:00,61137.125,61204.01171875,61137.125,61137.125,219400,1h,VCB,VCB.VN
2024-10-16 06:00:00+00:00,61270.90234375,61404.68359375,61137.125,61137.125,261400,1h,VCB,VCB.VN
2024-10-16 07:00:00+00:00,61204.01171875,61337.79296875,61204.01171875,61270.90234375,330900,1h,VCB,VCB.VN
2024-10-17 02:00:00+00:00,61739.12890625,61739.12890625,61337.79296875,61538.4609375,0,1h,VCB,VCB.VN
2024-10-17 03:00:00+00:00,61471.5703125,61739.12890625,61404.68359375,61739.12890625,159106,1h,VCB,VCB.VN
2024-10-17 04:00:00+00:00,61404.68359375,61471.5703125,61404.68359375,61471.5703125,132703,1h,VCB,VCB.VN
2024-10-17 06:00:00+00:00,61404.68359375,61538.4609375,61337.79296875,61404.68359375,419808,1h,VCB,VCB.VN
2024-10-17 07:00:00+00:00,61672.2421875,61672.2421875,61337.79296875,61404.68359375,424783,1h,VCB,VCB.VN
2024-10-18 02:00:00+00:00,62073.578125,62274.24609375,61872.91015625,62006.6875,0,1h,VCB,VCB.VN
2024-10-18 03:00:00+00:00,62006.6875,62140.46875,61939.80078125,62073.578125,169708,1h,VCB,VCB.VN
2024-10-18 04:00:00+00:00,61739.12890625,62006.6875,61739.12890625,62006.6875,47500,1h,VCB,VCB.VN
2024-10-18 06:00:00+00:00,61672.2421875,61739.12890625,61538.4609375,61739.12890625,388700,1h,VCB,VCB.VN
2024-10-18 07:00:00+00:00,61806.01953125,61939.80078125,61739.12890625,61739.12890625,457955,1h,VCB,VCB.VN
2024-10-21 02:00:00+00:00,62073.578125,62408.02734375,61872.91015625,61872.91015625,0,1h,VCB,VCB.VN
2024-10-21 03:00:00+00:00,62073.578125,62274.24609375,62073.578125,62073.578125,227000,1h,VCB,VCB.VN
2024-10-21 04:00:00+00:00,62073.578125,62140.46875,62006.6875,62073.578125,40500,1h,VCB,VCB.VN
2024-10-21 06:00:00+00:00,61672.2421875,62073.578125,61672.2421875,62006.6875,368700,1h,VCB,VCB.VN
2024-10-21 07:00:00+00:00,61538.4609375,61806.01953125,61538.4609375,61672.2421875,382800,1h,VCB,VCB.VN
2024-10-22 02:00:00+00:00,61404.68359375,61672.2421875,61404.68359375,61538.4609375,0,1h,VCB,VCB.VN
2024-10-22 03:00:00+00:00,61404.68359375,61538.4609375,61404.68359375,61404.68359375,172000,1h,VCB,VCB.VN
2024-10-22 04:00:00+00:00,61270.90234375,61404.68359375,61204.01171875,61404.68359375,116700,1h,VCB,VCB.VN
2024-10-22 06:00:00+00:00,61337.79296875,61337.79296875,61137.125,61204.01171875,333500,1h,VCB,VCB.VN
2024-10-22 07:00:00+00:00,61137.125,61471.5703125,61137.125,61270.90234375,449600,1h,VCB,VCB.VN
2024-10-23 02:00:00+00:00,61204.01171875,61337.79296875,61003.34375,61003.34375,0,1h,VCB,VCB.VN
2024-10-23 03:00:00+00:00,61204.01171875,61270.90234375,61204.01171875,61204.01171875,179600,1h,VCB,VCB.VN
2024-10-23 04:00:00+00:00,61204.01171875,61270.90234375,61137.125,61204.01171875,58600,1h,VCB,VCB.VN
2024-10-23 06:00:00+00:00,61270.90234375,61337.79296875,61137.125,61204.01171875,174600,1h,VCB,VCB.VN
2024-10-23 07:00:00+00:00,61204.01171875,61404.68359375,61137.125,61204.01171875,0,1h,VCB,VCB.VN
2024-10-24 02:00:00+00:00,61538.4609375,61739.12890625,61137.125,61672.2421875,127900,1h,VCB,VCB.VN
2024-10-24 03:00:00+00:00,61404.68359375,61605.3515625,61404.68359375,61538.4609375,46900,1h,VCB,VCB.VN
2024-10-24 04:00:00+00:00,61471.5703125,61471.5703125,61404.68359375,61404.68359375,6600,1h,VCB,VCB.VN
2024-10-24 06:00:00+00:00,61471.5703125,61538.4609375,61270.90234375,61471.5703125,157500,1h,VCB,VCB.VN
2024-10-24 07:00:00+00:00,61337.79296875,61605.3515625,61204.01171875,61471.5703125,416500,1h,VCB,VCB.VN
2024-10-25 02:00:00+00:00,61471.5703125,61605.3515625,61337.79296875,61605.3515625,0,1h,VCB,VCB.VN
2024-10-25 03:00:00+00:00,61471.5703125,61538.4609375,61404.68359375,61471.5703125,130500,1h,VCB,VCB.VN
2024-10-25 04:00:00+00:00,61538.4609375,61538.4609375,61404.68359375,61471.5703125,86300,1h,VCB,VCB.VN
2024-10-25 06:00:00+00:00,61538.4609375,61739.12890625,61471.5703125,61538.4609375,349800,1h,VCB,VCB.VN
2024-10-25 07:00:00+00:00,61404.68359375,61605.3515625,61404.68359375,61605.3515625,339299,1h,VCB,VCB.VN
2024-10-28 02:00:00+00:00,61404.68359375,61538.4609375,61204.01171875,61204.01171875,0,1h,VCB,VCB.VN
2024-10-28 03:00:00+00:00,61605.3515625,61739.12890625,61404.68359375,61404.68359375,215500,1h,VCB,VCB.VN
2024-10-28 04:00:00+00:00,61538.4609375,61605.3515625,61538.4609375,61605.3515625,42900,1h,VCB,VCB.VN
2024-10-28 06:00:00+00:00,61538.4609375,61739.12890625,61538.4609375,61538.4609375,444600,1h,VCB,VCB.VN
2024-10-28 07:00:00+00:00,61538.4609375,61672.2421875,61538.4609375,61538.4609375,0,1h,VCB,VCB.VN
2024-10-29 02:00:00+00:00,61605.3515625,61872.91015625,61605.3515625,61605.3515625,42800,1h,VCB,VCB.VN
2024-10-29 03:00:00+00:00,61806.01953125,61939.80078125,61605.3515625,61605.3515625,353600,1h,VCB,VCB.VN
2024-10-29 04:00:00+00:00,61872.91015625,61872.91015625,61806.01953125,61806.01953125,99000,1h,VCB,VCB.VN
2024-10-29 06:00:00+00:00,61806.01953125,61939.80078125,61806.01953125,61872.91015625,429000,1h,VCB,VCB.VN
2024-10-29 07:00:00+00:00,61538.4609375,61872.91015625,61538.4609375,61806.01953125,473200,1h,VCB,VCB.VN
2024-10-30 02:00:00+00:00,61605.3515625,61806.01953125,61538.4609375,61538.4609375,0,1h,VCB,VCB.VN
2024-10-30 03:00:00+00:00,61538.4609375,61739.12890625,61538.4609375,61672.2421875,74700,1h,VCB,VCB.VN
2024-10-30 04:00:00+00:00,61337.79296875,61605.3515625,61270.90234375,61605.3515625,140200,1h,VCB,VCB.VN
2024-10-30 06:00:00+00:00,61404.68359375,61471.5703125,61270.90234375,61337.79296875,169800,1h,VCB,VCB.VN
2024-10-30 07:00:00+00:00,61337.79296875,61538.4609375,61270.90234375,61337.79296875,199800,1h,VCB,VCB.VN
2024-10-31 02:00:00+00:00,61605.3515625,61672.2421875,61204.01171875,61204.01171875,0,1h,VCB,VCB.VN
2024-10-31 03:00:00+00:00,61739.12890625,61739.12890625,61538.4609375,61538.4609375,102400,1h,VCB,VCB.VN
2024-10-31 04:00:00+00:00,61806.01953125,61806.01953125,61337.79296875,61739.12890625,68700,1h,VCB,VCB.VN
2024-10-31 06:00:00+00:00,62876.25390625,62943.14453125,61806.01953125,61806.01953125,1254200,1h,VCB,VCB.VN
2024-10-31 07:00:00+00:00,62608.6953125,63545.1484375,62608.6953125,62876.25390625,1471600,1h,VCB,VCB.VN
2024-11-01 02:00:00+00:00,63010.03515625,63210.703125,62809.36328125,62876.25390625,0,1h,VCB,VCB.VN
2024-11-01 03:00:00+00:00,63344.48046875,63478.26171875,63010.03515625,63010.03515625,345205,1h,VCB,VCB.VN
2024-11-01 04:00:00+00:00,63344.48046875,63411.37109375,63277.58984375,63344.48046875,85200,1h,VCB,VCB.VN
2024-11-01 06:00:00+00:00,63277.58984375,63411.37109375,63143.8125,63277.58984375,482200,1h,VCB,VCB.VN
2024-11-01 07:00:00+00:00,62541.8046875,63344.48046875,62541.8046875,63277.58984375,722195,1h,VCB,VCB.VN
2024-11-04 02:00:00+00:00,63478.26171875,63745.8203125,62541.8046875,62876.25390625,0,1h,VCB,VCB.VN
2024-11-04 03:00:00+00:00,63143.8125,63478.26171875,63076.921875,63478.26171875,179600,1h,VCB,VCB.VN
2024-11-04 04:00:00+00:00,63076.921875,63210.703125,63076.921875,63210.703125,103700,1h,VCB,VCB.VN
2024-11-04 06:00:00+00:00,62274.24609375,63143.8125,62140.46875,63143.8125,671200,1h,VCB,VCB.VN
2024-11-04 07:00:00+00:00,61872.91015625,62474.91796875,61806.01953125,62274.24609375,748800,1h,VCB,VCB.VN
2024-11-05 02:00:00+00:00,61605.3515625,62207.359375,61538.4609375,61939.80078125,0,1h,VCB,VCB.VN
2024-11-05 03:00:00+00:00,61806.01953125,61872.91015625,61605.3515625,61605.3515625,242500,1h,VCB,VCB.VN
2024-11-05 04:00:00+00:00,61739.12890625,61872.91015625,61672.2421875,61806.01953125,93000,1h,VCB,VCB.VN
2024-11-05 06:00:00+00:00,61872.91015625,62207.359375,61739.12890625,61739.12890625,212100,1h,VCB,VCB.VN
2024-11-05 07:00:00+00:00,61939.80078125,62207.359375,61872.91015625,61872.91015625,277500,1h,VCB,VCB.VN
2024-11-06 02:00:00+00:00,62207.359375,62408.02734375,62073.578125,62073.578125,0,1h,VCB,VCB.VN
2024-11-06 03:00:00+00:00,62274.24609375,62274.24609375,62140.46875,62207.359375,139800,1h,VCB,VCB.VN
2024-11-06 04:00:00+00:00,62274.24609375,62408.02734375,62274.24609375,62274.24609375,55800,1h,VCB,VCB.VN
2024-11-06 06:00:00+00:00,62274.24609375,62408.02734375,62207.359375,62274.24609375,566500,1h,VCB,VCB.VN
2024-11-06 07:00:00+00:00,62140.46875,62474.91796875,62140.46875,62274.24609375,658000,1h,VCB,VCB.VN
2024-11-07 02:00:00+00:00,62541.8046875,62608.6953125,62341.13671875,62341.13671875,0,1h,VCB,VCB.VN
2024-11-07 03:00:00+00:00,62541.8046875,62608.6953125,62341.13671875,62608.6953125,186900,1h,VCB,VCB.VN
2024-11-07 04:00:00+00:00,62474.91796875,62541.8046875,62408.02734375,62474.91796875,59100,1h,VCB,VCB.VN
2024-11-07 06:00:00+00:00,62675.5859375,62809.36328125,62408.02734375,62474.91796875,449600,1h,VCB,VCB.VN
2024-11-07 07:00:00+00:00,62341.13671875,62742.4765625,62341.13671875,62608.6953125,631900,1h,VCB,VCB.VN
2024-11-08 02:00:00+00:00,62541.8046875,62809.36328125,62474.91796875,62541.8046875,0,1h,VCB,VCB.VN
2024-11-08 03:00:00+00:00,62274.24609375,62608.6953125,62207.359375,62541.8046875,194800,1h,VCB,VCB.VN
2024-11-08 04:00:00+00:00,62341.13671875,62408.02734375,62274.24609375,62274.24609375,51900,1h,VCB,VCB.VN
2024-11-08 06:00:00+00:00,62408.02734375,62541.8046875,62341.13671875,62408.02734375,394800,1h,VCB,VCB.VN
2024-11-08 07:00:00+00:00,61672.2421875,62474.91796875,61672.2421875,62408.02734375,731300,1h,VCB,VCB.VN
2024-11-11 02:00:00+00:00,61605.3515625,62073.578125,61605.3515625,62073.578125,0,1h,VCB,VCB.VN
2024-11-11 03:00:00+00:00,61672.2421875,61806.01953125,61471.5703125,61672.2421875,324800,1h,VCB,VCB.VN
2024-11-11 04:00:00+00:00,61605.3515625,61672.2421875,61538.4609375,61672.2421875,202800,1h,VCB,VCB.VN
2024-11-11 06:00:00+00:00,61806.01953125,61806.01953125,61538.4609375,61538.4609375,587100,1h,VCB,VCB.VN
2024-11-11 07:00:00+00:00,61538.4609375,61939.80078125,61538.4609375,61739.12890625,654400,1h,VCB,VCB.VN
2024-11-12 02:00:00+00:00,62073.578125,62341.13671875,61538.4609375,61538.4609375,0,1h,VCB,VCB.VN
2024-11-12 03:00:00+00:00,61872.91015625,62140.46875,61872.91015625,62140.46875,157500,1h,VCB,VCB.VN
2024-11-12 04:00:00+00:00,61872.91015625,62006.6875,61739.12890625,61872.91015625,72800,1h,VCB,VCB.VN
2024-11-12 06:00:00+00:00,61872.91015625,61939.80078125,61605.3515625,61739.12890625,445100,1h,VCB,VCB.VN
2024-11-12 07:00:00+00:00,61471.5703125,61939.80078125,61471.5703125,61806.01953125,449200,1h,VCB,VCB.VN
2024-11-13 02:00:00+00:00,61872.91015625,61939.80078125,61471.5703125,61471.5703125,0,1h,VCB,VCB.VN
2024-11-13 03:00:00+00:00,61739.12890625,61939.80078125,61538.4609375,61872.91015625,288100,1h,VCB,VCB.VN
2024-11-13 04:00:00+00:00,61605.3515625,61739.12890625,61538.4609375,61739.12890625,122700,1h,VCB,VCB.VN
2024-11-13 06:00:00+00:00,61739.12890625,61939.80078125,61605.3515625,61605.3515625,427100,1h,VCB,VCB.VN
2024-11-13 07:00:00+00:00,61872.91015625,62140.46875,61739.12890625,61806.01953125,420900,1h,VCB,VCB.VN
2024-11-14 02:00:00+00:00,61605.3515625,61872.91015625,61538.4609375,61538.4609375,0,1h,VCB,VCB.VN
2024-11-14 03:00:00+00:00,61739.12890625,61806.01953125,61605.3515625,61605.3515625,292000,1h,VCB,VCB.VN
2024-11-14 04:00:00+00:00,61605.3515625,61739.12890625,61538.4609375,61739.12890625,294200,1h,VCB,VCB.VN
2024-11-14 06:00:00+00:00,61605.3515625,61672.2421875,61471.5703125,61538.4609375,377100,1h,VCB,VCB.VN
2024-11-14 07:00:00+00:00,61538.4609375,61672.2421875,61471.5703125,61538.4609375,575700,1h,VCB,VCB.VN
2024-11-15 02:00:00+00:00,61471.5703125,61538.4609375,61404.68359375,61538.4609375,0,1h,VCB,VCB.VN
2024-11-15 03:00:00+00:00,61471.5703125,61471.5703125,61404.68359375,61471.5703125,231200,1h,VCB,VCB.VN
2024-11-15 04:00:00+00:00,61404.68359375,61471.5703125,61270.90234375,61471.5703125,172800,1h,VCB,VCB.VN
2024-11-15 06:00:00+00:00,61806.01953125,61806.01953125,61270.90234375,61404.68359375,382500,1h,VCB,VCB.VN
2024-11-15 07:00:00+00:00,61337.79296875,61872.91015625,61337.79296875,61806.01953125,531600,1h,VCB,VCB.VN
2024-11-18 02:00:00+00:00,61270.90234375,61471.5703125,60936.453125,61337.79296875,0,1h,VCB,VCB.VN
2024-11-18 03:00:00+00:00,60869.56640625,61270.90234375,60802.67578125,61270.90234375,481600,1h,VCB,VCB.VN
2024-11-18 04:00:00+00:00,61070.234375,61070.234375,60869.56640625,60936.453125,124100,1h,VCB,VCB.VN
2024-11-18 06:00:00+00:00,61270.90234375,61471.5703125,60936.453125,61070.234375,373300,1h,VCB,VCB.VN
2024-11-18 07:00:00+00:00,60869.56640625,61739.12890625,60869.56640625,61270.90234375,706800,1h,VCB,VCB.VN
2024-11-19 02:00:00+00:00,60668.89453125,61270.90234375,60668.89453125,61204.01171875,0,1h,VCB,VCB.VN
2024-11-19 03:00:00+00:00,60668.89453125,60802.67578125,60602.0078125,60735.78515625,231300,1h,VCB,VCB.VN
2024-11-19 04:00:00+00:00,60802.67578125,60802.67578125,60668.89453125,60668.89453125,88300,1h,VCB,VCB.VN
2024-11-19 06:00:00+00:00,60602.0078125,60869.56640625,60602.0078125,60802.67578125,379500,1h,VCB,VCB.VN
2024-11-19 07:00:00+00:00,60200.66796875,60735.78515625,60200.66796875,60668.89453125,641100,1h,VCB,VCB.VN
2024-11-20 02:00:00+00:00,60267.55859375,60535.1171875,60200.66796875,60200.66796875,0,1h,VCB,VCB.VN
2024-11-20 03:00:00+00:00,60334.44921875,60535.1171875,60133.77734375,60267.55859375,360200,1h,VCB,VCB.VN
2024-11-20 04:00:00+00:00,60468.2265625,60535.1171875,60334.44921875,60334.44921875,71000,1h,VCB,VCB.VN
2024-11-20 06:00:00+00:00,60869.56640625,61003.34375,60401.3359375,60468.2265625,342500,1h,VCB,VCB.VN
2024-11-20 07:00:00+00:00,60401.3359375,60936.453125,60401.3359375,60869.56640625,733300,1h,VCB,VCB.VN
2024-11-21 02:00:00+00:00,60401.3359375,60869.56640625,60401.3359375,60468.2265625,0,1h,VCB,VCB.VN
2024-11-21 03:00:00+00:00,60869.56640625,60869.56640625,60334.44921875,60401.3359375,140200,1h,VCB,VCB.VN
2024-11-21 04:00:00+00:00,60735.78515625,60869.56640625,60735.78515625,60869.56640625,61200,1h,VCB,VCB.VN
2024-11-21 06:00:00+00:00,60802.67578125,60869.56640625,60735.78515625,60735.78515625,316300,1h,VCB,VCB.VN
2024-11-21 07:00:00+00:00,60535.1171875,61070.234375,60535.1171875,60802.67578125,694200,1h,VCB,VCB.VN
2024-11-22 02:00:00+00:00,60802.67578125,61070.234375,60802.67578125,60869.56640625,0,1h,VCB,VCB.VN
2024-11-22 03:00:00+00:00,60936.453125,60936.453125,60802.67578125,60802.67578125,192100,1h,VCB,VCB.VN
2024-11-22 04:00:00+00:00,61003.34375,61070.234375,60869.56640625,60936.453125,139500,1h,VCB,VCB.VN
2024-11-22 06:00:00+00:00,60869.56640625,61070.234375,60802.67578125,61003.34375,669000,1h,VCB,VCB.VN
2024-11-22 07:00:00+00:00,60602.0078125,60936.453125,60602.0078125,60869.56640625,714200,1h,VCB,VCB.VN
2024-11-25 02:00:00+00:00,60802.67578125,61070.234375,60802.67578125,60802.67578125,0,1h,VCB,VCB.VN
2024-11-25 03:00:00+00:00,60936.453125,61070.234375,60802.67578125,60802.67578125,162500,1h,VCB,VCB.VN
2024-11-25 04:00:00+00:00,61337.79296875,61471.5703125,60936.453125,60936.453125,248601,1h,VCB,VCB.VN
2024-11-25 06:00:00+00:00,61605.3515625,61672.2421875,61270.90234375,61337.79296875,451200,1h,VCB,VCB.VN
2024-11-25 07:00:00+00:00,61070.234375,61672.2421875,61070.234375,61672.2421875,876299,1h,VCB,VCB.VN
2024-11-26 02:00:00+00:00,61739.12890625,61739.12890625,61137.125,61137.125,0,1h,VCB,VCB.VN
2024-11-26 03:00:00+00:00,62073.578125,62073.578125,61739.12890625,61739.12890625,255200,1h,VCB,VCB.VN
2024-11-26 04:00:00+00:00,62073.578125,62140.46875,62006.6875,62073.578125,105700,1h,VCB,VCB.VN
2024-11-26 06:00:00+00:00,62006.6875,62140.46875,61872.91015625,62073.578125,651000,1h,VCB,VCB.VN
2024-11-26 07:00:00+00:00,61806.01953125,62140.46875,61806.01953125,62006.6875,820400,1h,VCB,VCB.VN
2024-11-27 02:00:00+00:00,61939.80078125,62341.13671875,61739.12890625,61739.12890625,0,1h,VCB,VCB.VN
2024-11-27 03:00:00+00:00,62073.578125,62140.46875,61939.80078125,61939.80078125,106300,1h,VCB,VCB.VN
2024-11-27 04:00:00+00:00,62140.46875,62140.46875,62006.6875,62006.6875,52200,1h,VCB,VCB.VN
2024-11-27 06:00:00+00:00,62207.359375,62207.359375,62006.6875,62140.46875,259500,1h,VCB,VCB.VN
2024-11-27 07:00:00+00:00,62006.6875,62341.13671875,62006.6875,62207.359375,466300,1h,VCB,VCB.VN
2024-11-28 02:00:00+00:00,62408.02734375,62541.8046875,62274.24609375,62274.24609375,0,1h,VCB,VCB.VN
2024-11-28 03:00:00+00:00,62274.24609375,62408.02734375,62274.24609375,62408.02734375,282600,1h,VCB,VCB.VN
2024-11-28 04:00:00+00:00,62274.24609375,62341.13671875,62207.359375,62274.24609375,138600,1h,VCB,VCB.VN
2024-11-28 06:00:00+00:00,62274.24609375,62341.13671875,62274.24609375,62274.24609375,322200,1h,VCB,VCB.VN
2024-11-28 07:00:00+00:00,61939.80078125,62341.13671875,61872.91015625,62274.24609375,459100,1h,VCB,VCB.VN
2024-11-29 02:00:00+00:00,62006.6875,62207.359375,61872.91015625,61939.80078125,0,1h,VCB,VCB.VN
2024-11-29 03:00:00+00:00,62006.6875,62207.359375,61939.80078125,62006.6875,94300,1h,VCB,VCB.VN
2024-11-29 04:00:00+00:00,62207.359375,62207.359375,62006.6875,62073.578125,116100,1h,VCB,VCB.VN
2024-11-29 06:00:00+00:00,62274.24609375,62341.13671875,62140.46875,62140.46875,339800,1h,VCB,VCB.VN
2024-11-29 07:00:00+00:00,62408.02734375,62408.02734375,62207.359375,62274.24609375,391200,1h,VCB,VCB.VN
2024-12-02 02:00:00+00:00,62943.14453125,63612.0390625,62943.14453125,63478.26171875,0,1h,VCB,VCB.VN
2024-12-02 03:00:00+00:00,63210.703125,63210.703125,62876.25390625,63010.03515625,262200,1h,VCB,VCB.VN
2024-12-02 04:00:00+00:00,63076.921875,63344.48046875,63076.921875,63210.703125,181100,1h,VCB,VCB.VN
2024-12-02 06:00:00+00:00,62876.25390625,63210.703125,62809.36328125,63076.921875,328500,1h,VCB,VCB.VN
2024-12-02 07:00:00+00:00,63010.03515625,63010.03515625,62809.36328125,62876.25390625,277400,1h,VCB,VCB.VN
2024-12-03 02:00:00+00:00,62341.13671875,63143.8125,62073.578125,63143.8125,0,1h,VCB,VCB.VN
2024-12-03 03:00:00+00:00,62073.578125,62341.13671875,61939.80078125,62341.13671875,588100,1h,VCB,VCB.VN
2024-12-03 04:00:00+00:00,62140.46875,62274.24609375,62073.578125,62073.578125,613000,1h,VCB,VCB.VN
2024-12-03 06:00:00+00:00,62140.46875,62274.24609375,62073.578125,62140.46875,479800,1h,VCB,VCB.VN
2024-12-03 07:00:00+00:00,62207.359375,62274.24609375,61939.80078125,62207.359375,475600,1h,VCB,VCB.VN
2024-12-04 02:00:00+00:00,61939.80078125,62073.578125,61872.91015625,62073.578125,0,1h,VCB,VCB.VN
2024-12-04 03:00:00+00:00,62073.578125,62073.578125,61872.91015625,61939.80078125,207500,1h,VCB,VCB.VN
2024-12-04 04:00:00+00:00,62541.8046875,62541.8046875,62073.578125,62073.578125,84400,1h,VCB,VCB.VN
2024-12-04 06:00:00+00:00,62675.5859375,62675.5859375,62341.13671875,62541.8046875,254900,1h,VCB,VCB.VN
2024-12-04 07:00:00+00:00,62541.8046875,62809.36328125,62274.24609375,62675.5859375,532699,1h,VCB,VCB.VN
2024-12-05 02:00:00+00:00,62474.91796875,62474.91796875,62207.359375,62207.359375,0,1h,VCB,VCB.VN
2024-12-05 03:00:00+00:00,62474.91796875,62809.36328125,62274.24609375,62474.91796875,255300,1h,VCB,VCB.VN
2024-12-05 04:00:00+00:00,62608.6953125,62608.6953125,62474.91796875,62474.91796875,67800,1h,VCB,VCB.VN
2024-12-05 06:00:00+00:00,62809.36328125,63076.921875,62474.91796875,62608.6953125,1054000,1h,VCB,VCB.VN
2024-12-05 07:00:00+00:00,62876.25390625,63277.58984375,62809.36328125,62876.25390625,1038000,1h,VCB,VCB.VN
2024-12-06 02:00:00+00:00,63010.03515625,63143.8125,62809.36328125,62876.25390625,0,1h,VCB,VCB.VN
2024-12-06 03:00:00+00:00,63344.48046875,63745.8203125,63010.03515625,63010.03515625,509000,1h,VCB,VCB.VN
2024-12-06 04:00:00+00:00,63478.26171875,63478.26171875,63344.48046875,63411.37109375,71900,1h,VCB,VCB.VN
2024-12-06 06:00:00+00:00,63344.48046875,63478.26171875,63277.58984375,63411.37109375,532500,1h,VCB,VCB.VN
2024-12-06 07:00:00+00:00,63010.03515625,63478.26171875,63010.03515625,63344.48046875,387500,1h,VCB,VCB.VN
2024-12-09 02:00:00+00:00,62876.25390625,63010.03515625,62809.36328125,63010.03515625,0,1h,VCB,VCB.VN
2024-12-09 03:00:00+00:00,63076.921875,63076.921875,62876.25390625,62876.25390625,177500,1h,VCB,VCB.VN
2024-12-09 04:00:00+00:00,63478.26171875,63478.26171875,63076.921875,63076.921875,106100,1h,VCB,VCB.VN
2024-12-09 06:00:00+00:00,63678.9296875,63745.8203125,63143.8125,63478.26171875,763800,1h,VCB,VCB.VN
2024-12-09 07:00:00+00:00,63745.8203125,63745.8203125,63478.26171875,63612.0390625,803400,1h,VCB,VCB.VN
2024-12-10 02:00:00+00:00,63478.26171875,63745.8203125,63478.26171875,63745.8203125,0,1h,VCB,VCB.VN
2024-12-10 03:00:00+00:00,63478.26171875,63545.1484375,63344.48046875,63478.26171875,145400,1h,VCB,VCB.VN
2024-12-10 04:00:00+00:00,63545.1484375,63545.1484375,63478.26171875,63478.26171875,30400,1h,VCB,VCB.VN
2024-12-10 06:00:00+00:00,63545.1484375,63678.9296875,63478.26171875,63478.26171875,304800,1h,VCB,VCB.VN
2024-12-10 07:00:00+00:00,63210.703125,63612.0390625,63210.703125,63545.1484375,323900,1h,VCB,VCB.VN
2024-12-11 02:00:00+00:00,63344.48046875,63411.37109375,63076.921875,63210.703125,0,1h,VCB,VCB.VN
2024-12-11 03:00:00+00:00,62943.14453125,63344.48046875,62876.25390625,63344.48046875,289500,1h,VCB,VCB.VN
2024-12-11 04:00:00+00:00,62809.36328125,62943.14453125,62809.36328125,62943.14453125,113900,1h,VCB,VCB.VN
2024-12-11 06:00:00+00:00,62809.36328125,62943.14453125,62675.5859375,62809.36328125,455800,1h,VCB,VCB.VN
2024-12-11 07:00:00+00:00,62408.02734375,62876.25390625,62341.13671875,62809.36328125,795800,1h,VCB,VCB.VN
2024-12-12 02:00:00+00:00,62876.25390625,62943.14453125,62541.8046875,62541.8046875,0,1h,VCB,VCB.VN
2024-12-12 03:00:00+00:00,62943.14453125,63143.8125,62809.36328125,62876.25390625,124500,1h,VCB,VCB.VN
2024-12-12 04:00:00+00:00,62943.14453125,63143.8125,62876.25390625,62943.14453125,119100,1h,VCB,VCB.VN
2024-12-12 06:00:00+00:00,62675.5859375,63076.921875,62608.6953125,62876.25390625,196700,1h,VCB,VCB.VN
2024-12-12 07:00:00+00:00,62541.8046875,62809.36328125,62541.8046875,62675.5859375,180900,1h,VCB,VCB.VN
2024-12-13 02:00:00+00:00,62408.02734375,62474.91796875,62274.24609375,62341.13671875,0,1h,VCB,VCB.VN
2024-12-13 03:00:00+00:00,62541.8046875,62608.6953125,62341.13671875,62408.02734375,149700,1h,VCB,VCB.VN
2024-12-13 04:00:00+00:00,62341.13671875,62541.8046875,62274.24609375,62474.91796875,101100,1h,VCB,VCB.VN
2024-12-13 06:00:00+00:00,62207.359375,62474.91796875,62207.359375,62408.02734375,394800,1h,VCB,VCB.VN
2024-12-13 07:00:00+00:00,62274.24609375,62408.02734375,62140.46875,62207.359375,525500,1h,VCB,VCB.VN
2024-12-16 02:00:00+00:00,62341.13671875,62341.13671875,62207.359375,62207.359375,0,1h,VCB,VCB.VN
2024-12-16 03:00:00+00:00,62207.359375,62341.13671875,62207.359375,62341.13671875,187800,1h,VCB,VCB.VN
2024-12-16 04:00:00+00:00,62140.46875,62274.24609375,62140.46875,62207.359375,181200,1h,VCB,VCB.VN
2024-12-16 06:00:00+00:00,62140.46875,62274.24609375,62140.46875,62140.46875,327200,1h,VCB,VCB.VN
2024-12-16 07:00:00+00:00,62274.24609375,62341.13671875,62140.46875,62140.46875,241300,1h,VCB,VCB.VN
2024-12-17 02:00:00+00:00,62140.46875,62274.24609375,62140.46875,62207.359375,0,1h,VCB,VCB.VN
2024-12-17 03:00:00+00:00,62207.359375,62274.24609375,62140.46875,62140.46875,138200,1h,VCB,VCB.VN
2024-12-17 04:00:00+00:00,62073.578125,62274.24609375,62073.578125,62207.359375,201700,1h,VCB,VCB.VN
2024-12-17 06:00:00+00:00,62207.359375,62207.359375,62073.578125,62073.578125,342900,1h,VCB,VCB.VN
2024-12-17 07:00:00+00:00,62207.359375,62274.24609375,62073.578125,62207.359375,0,1h,VCB,VCB.VN
2024-12-18 02:00:00+00:00,62408.02734375,62408.02734375,62207.359375,62207.359375,52600,1h,VCB,VCB.VN
2024-12-18 03:00:00+00:00,62207.359375,62408.02734375,62207.359375,62408.02734375,106300,1h,VCB,VCB.VN
2024-12-18 04:00:00+00:00,62408.02734375,62408.02734375,62207.359375,62274.24609375,40500,1h,VCB,VCB.VN
2024-12-18 06:00:00+00:00,62341.13671875,62408.02734375,62274.24609375,62341.13671875,161900,1h,VCB,VCB.VN
2024-12-18 07:00:00+00:00,62274.24609375,62408.02734375,62274.24609375,62341.13671875,203600,1h,VCB,VCB.VN
2024-12-19 02:00:00+00:00,62006.6875,62073.578125,61872.91015625,62073.578125,0,1h,VCB,VCB.VN
2024-12-19 03:00:00+00:00,61939.80078125,62006.6875,61872.91015625,61939.80078125,205100,1h,VCB,VCB.VN
2024-12-19 04:00:00+00:00,62006.6875,62006.6875,61939.80078125,61939.80078125,25700,1h,VCB,VCB.VN
2024-12-19 06:00:00+00:00,61939.80078125,62006.6875,61872.91015625,62006.6875,502100,1h,VCB,VCB.VN
2024-12-19 07:00:00+00:00,61806.01953125,61939.80078125,61672.2421875,61939.80078125,787600,1h,VCB,VCB.VN
2024-12-20 02:00:00+00:00,61939.80078125,62140.46875,61739.12890625,61806.01953125,0,1h,VCB,VCB.VN
2024-12-20 03:00:00+00:00,62006.6875,62006.6875,61739.12890625,61939.80078125,647700,1h,VCB,VCB.VN
2024-12-20 04:00:00+00:00,61872.91015625,61939.80078125,61872.91015625,61939.80078125,38100,1h,VCB,VCB.VN
2024-12-20 06:00:00+00:00,62006.6875,62006.6875,61872.91015625,61872.91015625,277300,1h,VCB,VCB.VN
2024-12-20 07:00:00+00:00,61872.91015625,62006.6875,61872.91015625,62006.6875,735900,1h,VCB,VCB.VN
2024-12-23 02:00:00+00:00,62006.6875,62073.578125,61872.91015625,61939.80078125,0,1h,VCB,VCB.VN
2024-12-23 03:00:00+00:00,62006.6875,62073.578125,61939.80078125,62006.6875,85300,1h,VCB,VCB.VN
2024-12-23 04:00:00+00:00,61872.91015625,62073.578125,61872.91015625,62006.6875,100700,1h,VCB,VCB.VN
2024-12-23 06:00:00+00:00,62006.6875,62073.578125,61872.91015625,61939.80078125,136500,1h,VCB,VCB.VN
2024-12-23 07:00:00+00:00,61806.01953125,62073.578125,61806.01953125,62006.6875,285200,1h,VCB,VCB.VN
2024-12-24 02:00:00+00:00,61739.12890625,62073.578125,61739.12890625,62006.6875,0,1h,VCB,VCB.VN
2024-12-24 03:00:00+00:00,61739.12890625,61739.12890625,61672.2421875,61739.12890625,226500,1h,VCB,VCB.VN
2024-12-24 04:00:00+00:00,61672.2421875,61739.12890625,61672.2421875,61672.2421875,63300,1h,VCB,VCB.VN
2024-12-24 06:00:00+00:00,61672.2421875,61739.12890625,61605.3515625,61739.12890625,165500,1h,VCB,VCB.VN
2024-12-24 07:00:00+00:00,61605.3515625,61739.12890625,61538.4609375,61605.3515625,426600,1h,VCB,VCB.VN
2024-12-25 02:00:00+00:00,61806.01953125,61872.91015625,61672.2421875,61672.2421875,0,1h,VCB,VCB.VN
2024-12-25 03:00:00+00:00,62274.24609375,62341.13671875,61739.12890625,61806.01953125,336100,1h,VCB,VCB.VN
2024-12-25 04:00:00+00:00,62073.578125,62742.4765625,62073.578125,62274.24609375,478100,1h,VCB,VCB.VN
2024-12-25 06:00:00+00:00,61872.91015625,62274.24609375,61872.91015625,62073.578125,475400,1h,VCB,VCB.VN
2024-12-25 07:00:00+00:00,61806.01953125,62207.359375,61806.01953125,61872.91015625,483000,1h,VCB,VCB.VN
2024-12-26 02:00:00+00:00,61672.2421875,62006.6875,61672.2421875,61872.91015625,0,1h,VCB,VCB.VN
2024-12-26 03:00:00+00:00,61739.12890625,61806.01953125,61672.2421875,61739.12890625,392600,1h,VCB,VCB.VN
2024-12-26 04:00:00+00:00,61672.2421875,61739.12890625,61605.3515625,61672.2421875,273300,1h,VCB,VCB.VN
2024-12-26 06:00:00+00:00,61739.12890625,61806.01953125,61538.4609375,61672.2421875,466900,1h,VCB,VCB.VN
2024-12-26 07:00:00+00:00,61605.3515625,62073.578125,61605.3515625,61672.2421875,693800,1h,VCB,VCB.VN
2024-12-27 02:00:00+00:00,62073.578125,62207.359375,61872.91015625,61872.91015625,0,1h,VCB,VCB.VN
2024-12-27 03:00:00+00:00,61872.91015625,62140.46875,61806.01953125,62006.6875,216800,1h,VCB,VCB.VN
2024-12-27 04:00:00+00:00,61806.01953125,61872.91015625,61739.12890625,61872.91015625,56900,1h,VCB,VCB.VN
2024-12-27 06:00:00+00:00,61806.01953125,61939.80078125,61739.12890625,61806.01953125,229600,1h,VCB,VCB.VN
2024-12-27 07:00:00+00:00,61672.2421875,62140.46875,61672.2421875,61872.91015625,881500,1h,VCB,VCB.VN
2024-12-30 02:00:00+00:00,61739.12890625,61872.91015625,61672.2421875,61672.2421875,0,1h,VCB,VCB.VN
2024-12-30 03:00:00+00:00,61739.12890625,61872.91015625,61739.12890625,61739.12890625,187200,1h,VCB,VCB.VN
2024-12-30 04:00:00+00:00,61739.12890625,61739.12890625,61672.2421875,61739.12890625,123600,1h,VCB,VCB.VN
2024-12-30 06:00:00+00:00,61672.2421875,61806.01953125,61672.2421875,61739.12890625,383800,1h,VCB,VCB.VN
2024-12-30 07:00:00+00:00,61538.4609375,61739.12890625,61538.4609375,61672.2421875,852700,1h,VCB,VCB.VN
2024-12-31 02:00:00+00:00,61672.2421875,61806.01953125,61605.3515625,61672.2421875,0,1h,VCB,VCB.VN
2024-12-31 03:00:00+00:00,61739.12890625,61739.12890625,61605.3515625,61672.2421875,151700,1h,VCB,VCB.VN
2024-12-31 04:00:00+00:00,61605.3515625,61739.12890625,61605.3515625,61739.12890625,306200,1h,VCB,VCB.VN
2024-12-31 06:00:00+00:00,61538.4609375,61739.12890625,61538.4609375,61605.3515625,293300,1h,VCB,VCB.VN
2024-12-31 07:00:00+00:00,61003.34375,61672.2421875,61003.34375,61538.4609375,1614300,1h,VCB,VCB.VN
2025-01-02 02:00:00+00:00,61404.68359375,61471.5703125,61204.01171875,61270.90234375,0,1h,VCB,VCB.VN
2025-01-02 03:00:00+00:00,61270.90234375,61404.68359375,61204.01171875,61337.79296875,309300,1h,VCB,VCB.VN
2025-01-02 04:00:00+00:00,61337.79296875,61337.79296875,61204.01171875,61270.90234375,94800,1h,VCB,VCB.VN
2025-01-02 06:00:00+00:00,61672.2421875,61739.12890625,61270.90234375,61337.79296875,479700,1h,VCB,VCB.VN
2025-01-02 07:00:00+00:00,61471.5703125,61872.91015625,61471.5703125,61605.3515625,602700,1h,VCB,VCB.VN
2025-01-03 02:00:00+00:00,61739.12890625,61806.01953125,61471.5703125,61471.5703125,0,1h,VCB,VCB.VN
2025-01-03 03:00:00+00:00,61739.12890625,61806.01953125,61672.2421875,61806.01953125,216500,1h,VCB,VCB.VN
2025-01-03 04:00:00+00:00,61739.12890625,61806.01953125,61672.2421875,61739.12890625,233500,1h,VCB,VCB.VN
2025-01-03 06:00:00+00:00,61739.12890625,61739.12890625,61605.3515625,61672.2421875,464000,1h,VCB,VCB.VN
2025-01-03 07:00:00+00:00,61538.4609375,61806.01953125,61538.4609375,61739.12890625,550700,1h,VCB,VCB.VN
2025-01-06 02:00:00+00:00,62006.6875,62006.6875,61471.5703125,61538.4609375,0,1h,VCB,VCB.VN
2025-01-06 03:00:00+00:00,62140.46875,62207.359375,61939.80078125,61939.80078125,374300,1h,VCB,VCB.VN
2025-01-06 04:00:00+00:00,62207.359375,62207.359375,62073.578125,62140.46875,185400,1h,VCB,VCB.VN
2025-01-06 06:00:00+00:00,62207.359375,62474.91796875,62073.578125,62140.46875,714500,1h,VCB,VCB.VN
2025-01-06 07:00:00+00:00,62140.46875,62274.24609375,61806.01953125,62207.359375,485400,1h,VCB,VCB.VN
2025-01-07 02:00:00+00:00,61939.80078125,62341.13671875,61872.91015625,62341.13671875,0,1h,VCB,VCB.VN
2025-01-07 03:00:00+00:00,61939.80078125,61939.80078125,61739.12890625,61939.80078125,231400,1h,VCB,VCB.VN
2025-01-07 04:00:00+00:00,62207.359375,62207.359375,61872.91015625,61939.80078125,163300,1h,VCB,VCB.VN
2025-01-07 06:00:00+00:00,62006.6875,62207.359375,61939.80078125,62207.359375,525900,1h,VCB,VCB.VN
2025-01-07 07:00:00+00:00,61739.12890625,62006.6875,61739.12890625,61939.80078125,425100,1h,VCB,VCB.VN
2025-01-08 02:00:00+00:00,61471.5703125,61739.12890625,61471.5703125,61739.12890625,0,1h,VCB,VCB.VN
2025-01-08 03:00:00+00:00,61337.79296875,61538.4609375,61204.01171875,61471.5703125,345500,1h,VCB,VCB.VN
2025-01-08 04:00:00+00:00,61404.68359375,61404.68359375,61270.90234375,61337.79296875,105400,1h,VCB,VCB.VN
2025-01-08 06:00:00+00:00,61538.4609375,61806.01953125,61337.79296875,61404.68359375,299800,1h,VCB,VCB.VN
2025-01-08 07:00:00+00:00,61806.01953125,61806.01953125,61538.4609375,61605.3515625,151100,1h,VCB,VCB.VN
2025-01-09 02:00:00+00:00,61605.3515625,61605.3515625,61404.68359375,61538.4609375,0,1h,VCB,VCB.VN
2025-01-09 03:00:00+00:00,61538.4609375,61672.2421875,61404.68359375,61605.3515625,146200,1h,VCB,VCB.VN
2025-01-09 04:00:00+00:00,61404.68359375,61538.4609375,61337.79296875,61538.4609375,117700,1h,VCB,VCB.VN
2025-01-09 06:00:00+00:00,61404.68359375,61538.4609375,61337.79296875,61337.79296875,435700,1h,VCB,VCB.VN
2025-01-09 07:00:00+00:00,61471.5703125,61538.4609375,61337.79296875,61337.79296875,157400,1h,VCB,VCB.VN
2025-01-10 02:00:00+00:00,61471.5703125,61739.12890625,61270.90234375,61471.5703125,0,1h,VCB,VCB.VN
2025-01-10 03:00:00+00:00,61605.3515625,61806.01953125,61471.5703125,61471.5703125,208100,1h,VCB,VCB.VN
2025-01-10 04:00:00+00:00,61471.5703125,61605.3515625,61404.68359375,61605.3515625,57600,1h,VCB,VCB.VN
2025-01-10 06:00:00+00:00,61538.4609375,61672.2421875,61404.68359375,61471.5703125,292900,1h,VCB,VCB.VN
2025-01-10 07:00:00+00:00,61137.125,61605.3515625,61137.125,61471.5703125,478200,1h,VCB,VCB.VN
2025-01-13 02:00:00+00:00,61270.90234375,61404.68359375,60936.453125,61070.234375,0,1h,VCB,VCB.VN
2025-01-13 03:00:00+00:00,61270.90234375,61337.79296875,61003.34375,61270.90234375,149900,1h,VCB,VCB.VN
2025-01-13 04:00:00+00:00,61270.90234375,61270.90234375,61070.234375,61270.90234375,73100,1h,VCB,VCB.VN
2025-01-13 06:00:00+00:00,61270.90234375,61404.68359375,61137.125,61270.90234375,423500,1h,VCB,VCB.VN
2025-01-13 07:00:00+00:00,61471.5703125,61471.5703125,61003.34375,61270.90234375,280500,1h,VCB,VCB.VN
2025-01-14 02:00:00+00:00,61137.125,61471.5703125,61070.234375,61471.5703125,0,1h,VCB,VCB.VN
2025-01-14 03:00:00+00:00,61137.125,61137.125,61003.34375,61137.125,84900,1h,VCB,VCB.VN
2025-01-14 04:00:00+00:00,61137.125,61137.125,61070.234375,61070.234375,53500,1h,VCB,VCB.VN
2025-01-14 06:00:00+00:00,61070.234375,61204.01171875,61003.34375,61137.125,267700,1h,VCB,VCB.VN
2025-01-14 07:00:00+00:00,61337.79296875,61404.68359375,61003.34375,61070.234375,0,1h,VCB,VCB.VN
2025-01-15 02:00:00+00:00,61337.79296875,61471.5703125,61270.90234375,61471.5703125,69700,1h,VCB,VCB.VN
2025-01-15 03:00:00+00:00,61270.90234375,61337.79296875,61137.125,61337.79296875,78000,1h,VCB,VCB.VN
2025-01-15 04:00:00+00:00,61337.79296875,61337.79296875,61270.90234375,61270.90234375,35000,1h,VCB,VCB.VN
2025-01-15 06:00:00+00:00,61204.01171875,61337.79296875,61204.01171875,61337.79296875,224100,1h,VCB,VCB.VN
2025-01-15 07:00:00+00:00,61137.125,61270.90234375,61137.125,61204.01171875,124300,1h,VCB,VCB.VN
2025-01-16 02:00:00+00:00,61806.01953125,61806.01953125,61404.68359375,61471.5703125,0,1h,VCB,VCB.VN
2025-01-16 03:00:00+00:00,62073.578125,62341.13671875,61806.01953125,61806.01953125,726500,1h,VCB,VCB.VN
2025-01-16 04:00:00+00:00,62073.578125,62140.46875,62006.6875,62073.578125,103600,1h,VCB,VCB.VN
2025-01-16 06:00:00+00:00,62006.6875,62140.46875,61872.91015625,62073.578125,477700,1h,VCB,VCB.VN
2025-01-16 07:00:00+00:00,62006.6875,62006.6875,61605.3515625,61939.80078125,912600,1h,VCB,VCB.VN
2025-01-17 02:00:00+00:00,61872.91015625,62073.578125,61672.2421875,62006.6875,0,1h,VCB,VCB.VN
2025-01-17 03:00:00+00:00,62006.6875,62006.6875,61806.01953125,61939.80078125,120600,1h,VCB,VCB.VN
2025-01-17 04:00:00+00:00,62073.578125,62207.359375,62006.6875,62006.6875,79400,1h,VCB,VCB.VN
2025-01-17 06:00:00+00:00,61806.01953125,62140.46875,61739.12890625,62140.46875,460700,1h,VCB,VCB.VN
2025-01-17 07:00:00+00:00,61872.91015625,61939.80078125,61739.12890625,61806.01953125,458500,1h,VCB,VCB.VN
2025-01-20 02:00:00+00:00,61538.4609375,61872.91015625,61538.4609375,61739.12890625,0,1h,VCB,VCB.VN
2025-01-20 03:00:00+00:00,61538.4609375,61605.3515625,61471.5703125,61605.3515625,375100,1h,VCB,VCB.VN
2025-01-20 04:00:00+00:00,61471.5703125,61605.3515625,61471.5703125,61538.4609375,191600,1h,VCB,VCB.VN
2025-01-20 06:00:00+00:00,61404.68359375,61538.4609375,61404.68359375,61538.4609375,328700,1h,VCB,VCB.VN
2025-01-20 07:00:00+00:00,61337.79296875,61471.5703125,61270.90234375,61404.68359375,478600,1h,VCB,VCB.VN
2025-01-21 02:00:00+00:00,61538.4609375,61605.3515625,61404.68359375,61605.3515625,0,1h,VCB,VCB.VN
2025-01-21 03:00:00+00:00,61270.90234375,61605.3515625,61204.01171875,61538.4609375,288300,1h,VCB,VCB.VN
2025-01-21 04:00:00+00:00,61204.01171875,61270.90234375,61137.125,61204.01171875,141200,1h,VCB,VCB.VN
2025-01-21 06:00:00+00:00,61204.01171875,61270.90234375,61070.234375,61204.01171875,416100,1h,VCB,VCB.VN
2025-01-21 07:00:00+00:00,61137.125,61337.79296875,61070.234375,61270.90234375,295200,1h,VCB,VCB.VN
2025-01-22 02:00:00+00:00,61204.01171875,61538.4609375,61003.34375,61538.4609375,0,1h,VCB,VCB.VN
2025-01-22 03:00:00+00:00,61137.125,61204.01171875,61070.234375,61137.125,163100,1h,VCB,VCB.VN
2025-01-22 04:00:00+00:00,61070.234375,61137.125,61003.34375,61137.125,179900,1h,VCB,VCB.VN
2025-01-22 06:00:00+00:00,61070.234375,61204.01171875,61003.34375,61070.234375,212800,1h,VCB,VCB.VN
2025-01-22 07:00:00+00:00,61003.34375,61204.01171875,61003.34375,61070.234375,498900,1h,VCB,VCB.VN
2025-01-23 02:00:00+00:00,61605.3515625,61672.2421875,61070.234375,61070.234375,0,1h,VCB,VCB.VN
2025-01-23 03:00:00+00:00,61939.80078125,61939.80078125,61538.4609375,61605.3515625,402500,1h,VCB,VCB.VN
2025-01-23 04:00:00+00:00,61939.80078125,62073.578125,61806.01953125,61939.80078125,129600,1h,VCB,VCB.VN
2025-01-23 06:00:00+00:00,62006.6875,62073.578125,61739.12890625,61939.80078125,470200,1h,VCB,VCB.VN
2025-01-23 07:00:00+00:00,61872.91015625,62140.46875,61605.3515625,62006.6875,497800,1h,VCB,VCB.VN
2025-01-24 02:00:00+00:00,61806.01953125,61872.91015625,61605.3515625,61605.3515625,0,1h,VCB,VCB.VN
2025-01-24 03:00:00+00:00,61739.12890625,61806.01953125,61672.2421875,61806.01953125,80400,1h,VCB,VCB.VN
2025-01-24 04:00:00+00:00,61739.12890625,61739.12890625,61605.3515625,61672.2421875,87000,1h,VCB,VCB.VN
2025-01-24 06:00:00+00:00,61939.80078125,62006.6875,61605.3515625,61672.2421875,315300,1h,VCB,VCB.VN
2025-01-24 07:00:00+00:00,61939.80078125,62207.359375,61939.80078125,61939.80078125,500900,1h,VCB,VCB.VN
2025-02-03 02:00:00+00:00,61337.79296875,61806.01953125,61270.90234375,61739.12890625,0,1h,VCB,VCB.VN
2025-02-03 03:00:00+00:00,61404.68359375,61404.68359375,61270.90234375,61337.79296875,408500,1h,VCB,VCB.VN
2025-02-03 04:00:00+00:00,61471.5703125,61605.3515625,61404.68359375,61404.68359375,268700,1h,VCB,VCB.VN
2025-02-03 06:00:00+00:00,61404.68359375,61538.4609375,61337.79296875,61471.5703125,211300,1h,VCB,VCB.VN
2025-02-03 07:00:00+00:00,61270.90234375,61404.68359375,61270.90234375,61404.68359375,376500,1h,VCB,VCB.VN
2025-02-04 02:00:00+00:00,61471.5703125,61605.3515625,61337.79296875,61605.3515625,0,1h,VCB,VCB.VN
2025-02-04 03:00:00+00:00,61337.79296875,61471.5703125,61337.79296875,61471.5703125,80500,1h,VCB,VCB.VN
2025-02-04 04:00:00+00:00,61471.5703125,61605.3515625,61337.79296875,61337.79296875,246100,1h,VCB,VCB.VN
2025-02-04 06:00:00+00:00,61538.4609375,61605.3515625,61404.68359375,61471.5703125,405000,1h,VCB,VCB.VN
2025-02-04 07:00:00+00:00,61538.4609375,61672.2421875,61538.4609375,61538.4609375,0,1h,VCB,VCB.VN
2025-02-05 02:00:00+00:00,61672.2421875,61739.12890625,61538.4609375,61538.4609375,102000,1h,VCB,VCB.VN
2025-02-05 03:00:00+00:00,61939.80078125,62006.6875,61672.2421875,61672.2421875,278800,1h,VCB,VCB.VN
2025-02-05 04:00:00+00:00,62006.6875,62006.6875,61872.91015625,62006.6875,180900,1h,VCB,VCB.VN
2025-02-05 06:00:00+00:00,62006.6875,62006.6875,61872.91015625,61939.80078125,523400,1h,VCB,VCB.VN
2025-02-05 07:00:00+00:00,61939.80078125,62073.578125,61872.91015625,61939.80078125,0,1h,VCB,VCB.VN
2025-02-06 02:00:00+00:00,62408.02734375,62408.02734375,62006.6875,62073.578125,333500,1h,VCB,VCB.VN
2025-02-06 03:00:00+00:00,62207.359375,62474.91796875,62073.578125,62408.02734375,374800,1h,VCB,VCB.VN
2025-02-06 04:00:00+00:00,62341.13671875,62341.13671875,62073.578125,62207.359375,191900,1h,VCB,VCB.VN
2025-02-06 06:00:00+00:00,62274.24609375,62341.13671875,62207.359375,62274.24609375,430200,1h,VCB,VCB.VN
2025-02-06 07:00:00+00:00,62140.46875,62274.24609375,62140.46875,62274.24609375,221000,1h,VCB,VCB.VN
2025-02-07 02:00:00+00:00,62207.359375,62341.13671875,61872.91015625,62140.46875,0,1h,VCB,VCB.VN
2025-02-07 03:00:00+00:00,62207.359375,62274.24609375,62140.46875,62207.359375,248100,1h,VCB,VCB.VN
2025-02-07 04:00:00+00:00,62073.578125,62207.359375,62073.578125,62207.359375,119000,1h,VCB,VCB.VN
2025-02-07 06:00:00+00:00,62207.359375,62341.13671875,62073.578125,62073.578125,696500,1h,VCB,VCB.VN
2025-02-07 07:00:00+00:00,62207.359375,62341.13671875,62140.46875,62207.359375,935700,1h,VCB,VCB.VN
2025-02-10 02:00:00+00:00,61471.5703125,62140.46875,61471.5703125,62140.46875,0,1h,VCB,VCB.VN
2025-02-10 03:00:00+00:00,61739.12890625,61872.91015625,61471.5703125,61538.4609375,467300,1h,VCB,VCB.VN
2025-02-10 04:00:00+00:00,61939.80078125,62006.6875,61739.12890625,61806.01953125,134600,1h,VCB,VCB.VN
2025-02-10 06:00:00+00:00,61806.01953125,61939.80078125,61672.2421875,61939.80078125,617500,1h,VCB,VCB.VN
2025-02-10 07:00:00+00:00,61672.2421875,61806.01953125,61672.2421875,61806.01953125,543500,1h,VCB,VCB.VN
2025-02-11 02:00:00+00:00,61605.3515625,61739.12890625,61605.3515625,61672.2421875,0,1h,VCB,VCB.VN
2025-02-11 03:00:00+00:00,61538.4609375,61672.2421875,61538.4609375,61605.3515625,131300,1h,VCB,VCB.VN
2025-02-11 04:00:00+00:00,61605.3515625,61672.2421875,61538.4609375,61605.3515625,38700,1h,VCB,VCB.VN
2025-02-11 06:00:00+00:00,61404.68359375,61605.3515625,61404.68359375,61605.3515625,351300,1h,VCB,VCB.VN
2025-02-11 07:00:00+00:00,61471.5703125,61471.5703125,61337.79296875,61404.68359375,403300,1h,VCB,VCB.VN
2025-02-12 02:00:00+00:00,61538.4609375,61872.91015625,61404.68359375,61471.5703125,0,1h,VCB,VCB.VN
2025-02-12 03:00:00+00:00,61404.68359375,61605.3515625,61404.68359375,61471.5703125,238600,1h,VCB,VCB.VN
2025-02-12 04:00:00+00:00,61404.68359375,61471.5703125,61404.68359375,61404.68359375,32200,1h,VCB,VCB.VN
2025-02-12 06:00:00+00:00,61337.79296875,61471.5703125,61270.90234375,61471.5703125,430200,1h,VCB,VCB.VN
2025-02-12 07:00:00+00:00,61204.01171875,61337.79296875,61204.01171875,61270.90234375,388600,1h,VCB,VCB.VN
2025-02-13 02:00:00+00:00,61337.79296875,61471.5703125,61204.01171875,61471.5703125,0,1h,VCB,VCB.VN
2025-02-13 03:00:00+00:00,61204.01171875,61337.79296875,61137.125,61337.79296875,280200,1h,VCB,VCB.VN
2025-02-13 04:00:00+00:00,61204.01171875,61270.90234375,61204.01171875,61270.90234375,112900,1h,VCB,VCB.VN
2025-02-13 06:00:00+00:00,61204.01171875,61337.79296875,61204.01171875,61270.90234375,236200,1h,VCB,VCB.VN
2025-02-13 07:00:00+00:00,61270.90234375,61404.68359375,61204.01171875,61204.01171875,186900,1h,VCB,VCB.VN
2025-02-14 02:00:00+00:00,61404.68359375,61672.2421875,61404.68359375,61672.2421875,0,1h,VCB,VCB.VN
2025-02-14 03:00:00+00:00,61404.68359375,61538.4609375,61337.79296875,61471.5703125,119200,1h,VCB,VCB.VN
2025-02-14 04:00:00+00:00,61404.68359375,61471.5703125,61404.68359375,61404.68359375,73600,1h,VCB,VCB.VN
2025-02-14 06:00:00+00:00,61270.90234375,61471.5703125,61270.90234375,61404.68359375,340800,1h,VCB,VCB.VN
2025-02-14 07:00:00+00:00,61270.90234375,61337.79296875,61204.01171875,61270.90234375,503700,1h,VCB,VCB.VN
2025-02-17 02:00:00+00:00,61337.79296875,61538.4609375,61204.01171875,61204.01171875,0,1h,VCB,VCB.VN
2025-02-17 03:00:00+00:00,61204.01171875,61337.79296875,61204.01171875,61337.79296875,134200,1h,VCB,VCB.VN
2025-02-17 04:00:00+00:00,61204.01171875,61337.79296875,61204.01171875,61204.01171875,77900,1h,VCB,VCB.VN
2025-02-17 06:00:00+00:00,61204.01171875,61337.79296875,61204.01171875,61270.90234375,217200,1h,VCB,VCB.VN
2025-02-17 07:00:00+00:00,61270.90234375,61337.79296875,61204.01171875,61204.01171875,232800,1h,VCB,VCB.VN
2025-02-18 02:00:00+00:00,61270.90234375,61337.79296875,61204.01171875,61270.90234375,0,1h,VCB,VCB.VN
2025-02-18 03:00:00+00:00,61270.90234375,61538.4609375,61204.01171875,61204.01171875,207600,1h,VCB,VCB.VN
2025-02-18 04:00:00+00:00,61204.01171875,61337.79296875,61204.01171875,61270.90234375,204800,1h,VCB,VCB.VN
2025-02-18 06:00:00+00:00,61137.125,61270.90234375,61137.125,61270.90234375,451300,1h,VCB,VCB.VN
2025-02-18 07:00:00+00:00,61270.90234375,61270.90234375,61137.125,61137.125,290900,1h,VCB,VCB.VN
2025-02-19 02:00:00+00:00,61137.125,61337.79296875,61070.234375,61270.90234375,0,1h,VCB,VCB.VN
2025-02-19 03:00:00+00:00,61204.01171875,61337.79296875,61137.125,61137.125,234300,1h,VCB,VCB.VN
2025-02-19 04:00:00+00:00,61270.90234375,61337.79296875,61204.01171875,61204.01171875,137200,1h,VCB,VCB.VN
2025-02-19 06:00:00+00:00,61270.90234375,61337.79296875,61204.01171875,61337.79296875,406100,1h,VCB,VCB.VN
2025-02-19 07:00:00+00:00,61337.79296875,61337.79296875,61137.125,61204.01171875,495200,1h,VCB,VCB.VN
2025-02-20 02:00:00+00:00,61605.3515625,61739.12890625,61471.5703125,61672.2421875,0,1h,VCB,VCB.VN
2025-02-20 03:00:00+00:00,61538.4609375,61605.3515625,61471.5703125,61605.3515625,233300,1h,VCB,VCB.VN
2025-02-20 04:00:00+00:00,61471.5703125,61605.3515625,61404.68359375,61538.4609375,193500,1h,VCB,VCB.VN
2025-02-20 06:00:00+00:00,61404.68359375,61538.4609375,61404.68359375,61471.5703125,627600,1h,VCB,VCB.VN
2025-02-20 07:00:00+00:00,61337.79296875,61538.4609375,61337.79296875,61404.68359375,494700,1h,VCB,VCB.VN
2025-02-21 02:00:00+00:00,62073.578125,62140.46875,61605.3515625,61605.3515625,0,1h,VCB,VCB.VN
2025-02-21 03:00:00+00:00,62207.359375,62274.24609375,62006.6875,62073.578125,575500,1h,VCB,VCB.VN
2025-02-21 04:00:00+00:00,62207.359375,62207.359375,62073.578125,62140.46875,234800,1h,VCB,VCB.VN
2025-02-21 06:00:00+00:00,62006.6875,62207.359375,61939.80078125,62140.46875,365700,1h,VCB,VCB.VN
2025-02-21 07:00:00+00:00,62274.24609375,62274.24609375,61939.80078125,62006.6875,634200,1h,VCB,VCB.VN
2025-02-24 02:00:00+00:00,62006.6875,62408.02734375,62006.6875,62408.02734375,0,1h,VCB,VCB.VN
2025-02-24 03:00:00+00:00,62207.359375,62274.24609375,62006.6875,62006.6875,302800,1h,VCB,VCB.VN
2025-02-24 04:00:00+00:00,62207.359375,62274.24609375,62140.46875,62207.359375,200800,1h,VCB,VCB.VN
2025-02-24 06:00:00+00:00,62207.359375,62207.359375,62006.6875,62207.359375,615700,1h,VCB,VCB.VN
2025-02-24 07:00:00+00:00,62541.8046875,62541.8046875,62006.6875,62207.359375,0,1h,VCB,VCB.VN
2025-02-25 02:00:00+00:00,62274.24609375,62608.6953125,62207.359375,62541.8046875,381700,1h,VCB,VCB.VN
2025-02-25 03:00:00+00:00,62207.359375,62274.24609375,62140.46875,62207.359375,472900,1h,VCB,VCB.VN
2025-02-25 04:00:00+00:00,62140.46875,62207.359375,62073.578125,62140.46875,203800,1h,VCB,VCB.VN
2025-02-25 06:00:00+00:00,61939.80078125,62140.46875,61872.91015625,62140.46875,483700,1h,VCB,VCB.VN
2025-02-25 07:00:00+00:00,61939.80078125,62073.578125,61872.91015625,61939.80078125,447500,1h,VCB,VCB.VN
2025-02-26 02:00:00+00:00,61939.80078125,62140.46875,61939.80078125,61939.80078125,0,1h,VCB,VCB.VN
2025-02-26 03:00:00+00:00,61739.12890625,62006.6875,61739.12890625,61939.80078125,154300,1h,VCB,VCB.VN
2025-02-26 04:00:00+00:00,61739.12890625,61806.01953125,61739.12890625,61739.12890625,82000,1h,VCB,VCB.VN
2025-02-26 06:00:00+00:00,61806.01953125,61872.91015625,61672.2421875,61739.12890625,293300,1h,VCB,VCB.VN
2025-02-26 07:00:00+00:00,61739.12890625,61872.91015625,61739.12890625,61806.01953125,288600,1h,VCB,VCB.VN
2025-02-27 02:00:00+00:00,63277.58984375,63812.70703125,63010.03515625,63478.26171875,1551700,1h,VCB,VCB.VN
2025-02-27 03:00:00+00:00,63210.703125,63344.48046875,63210.703125,63277.58984375,451000,1h,VCB,VCB.VN
2025-02-27 04:00:00+00:00,63143.8125,63210.703125,63076.921875,63210.703125,393000,1h,VCB,VCB.VN
2025-02-27 06:00:00+00:00,63010.03515625,63143.8125,62876.25390625,63143.8125,965200,1h,VCB,VCB.VN
2025-02-27 07:00:00+00:00,62876.25390625,63010.03515625,62876.25390625,62943.14453125,824900,1h,VCB,VCB.VN
2025-02-28 02:00:00+00:00,62876.25390625,63010.03515625,62809.36328125,63010.03515625,0,1h,VCB,VCB.VN
2025-02-28 03:00:00+00:00,62541.8046875,62876.25390625,62541.8046875,62876.25390625,370000,1h,VCB,VCB.VN
2025-02-28 04:00:00+00:00,62675.5859375,62742.4765625,62541.8046875,62541.8046875,142100,1h,VCB,VCB.VN
2025-02-28 06:00:00+00:00,62608.6953125,62742.4765625,62541.8046875,62742.4765625,536600,1h,VCB,VCB.VN
2025-02-28 07:00:00+00:00,62408.02734375,62675.5859375,62408.02734375,62541.8046875,680700,1h,VCB,VCB.VN
2025-03-03 02:00:00+00:00,62474.91796875,62541.8046875,62341.13671875,62541.8046875,0,1h,VCB,VCB.VN
2025-03-03 03:00:00+00:00,62341.13671875,62474.91796875,62274.24609375,62474.91796875,282200,1h,VCB,VCB.VN
2025-03-03 04:00:00+00:00,62341.13671875,62341.13671875,62274.24609375,62341.13671875,34200,1h,VCB,VCB.VN
2025-03-03 06:00:00+00:00,62408.02734375,62408.02734375,62207.359375,62274.24609375,504500,1h,VCB,VCB.VN
2025-03-03 07:00:00+00:00,62408.02734375,62408.02734375,62341.13671875,62408.02734375,187800,1h,VCB,VCB.VN
2025-03-04 02:00:00+00:00,62341.13671875,62341.13671875,62207.359375,62341.13671875,0,1h,VCB,VCB.VN
2025-03-04 03:00:00+00:00,62073.578125,62341.13671875,62006.6875,62341.13671875,618600,1h,VCB,VCB.VN
2025-03-04 04:00:00+00:00,62073.578125,62140.46875,62006.6875,62140.46875,178400,1h,VCB,VCB.VN
2025-03-04 06:00:00+00:00,62207.359375,62474.91796875,62073.578125,62073.578125,752300,1h,VCB,VCB.VN
2025-03-04 07:00:00+00:00,62207.359375,62341.13671875,62207.359375,62207.359375,795100,1h,VCB,VCB.VN
2025-03-05 02:00:00+00:00,62474.91796875,62742.4765625,62207.359375,62207.359375,0,1h,VCB,VCB.VN
2025-03-05 03:00:00+00:00,62341.13671875,62541.8046875,62274.24609375,62474.91796875,364700,1h,VCB,VCB.VN
2025-03-05 04:00:00+00:00,62341.13671875,62341.13671875,62274.24609375,62341.13671875,91000,1h,VCB,VCB.VN
2025-03-05 06:00:00+00:00,62274.24609375,62408.02734375,62274.24609375,62341.13671875,393500,1h,VCB,VCB.VN
2025-03-05 07:00:00+00:00,62207.359375,62341.13671875,62207.359375,62274.24609375,340600,1h,VCB,VCB.VN
2025-03-06 02:00:00+00:00,62541.8046875,63010.03515625,62341.13671875,62541.8046875,0,1h,VCB,VCB.VN
2025-03-06 03:00:00+00:00,62541.8046875,62608.6953125,62474.91796875,62541.8046875,279900,1h,VCB,VCB.VN
2025-03-06 04:00:00+00:00,62474.91796875,62541.8046875,62474.91796875,62474.91796875,82800,1h,VCB,VCB.VN
2025-03-06 06:00:00+00:00,62608.6953125,62608.6953125,62474.91796875,62474.91796875,650200,1h,VCB,VCB.VN
2025-03-06 07:00:00+00:00,62541.8046875,62675.5859375,62474.91796875,62541.8046875,840400,1h,VCB,VCB.VN
2025-03-07 02:00:00+00:00,62608.6953125,62876.25390625,62541.8046875,62608.6953125,0,1h,VCB,VCB.VN
2025-03-07 03:00:00+00:00,62876.25390625,62943.14453125,62541.8046875,62608.6953125,750700,1h,VCB,VCB.VN
2025-03-07 04:00:00+00:00,62809.36328125,62876.25390625,62809.36328125,62876.25390625,160500,1h,VCB,VCB.VN
2025-03-07 06:00:00+00:00,63143.8125,63210.703125,62809.36328125,62876.25390625,1179500,1h,VCB,VCB.VN
2025-03-07 07:00:00+00:00,63612.0390625,63745.8203125,63076.921875,63143.8125,1276000,1h,VCB,VCB.VN
2025-03-10 02:00:00+00:00,64615.3828125,65150.5,64280.9375,64481.60546875,0,1h,VCB,VCB.VN
2025-03-10 03:00:00+00:00,64548.49609375,64749.1640625,64548.49609375,64615.3828125,732200,1h,VCB,VCB.VN
2025-03-10 04:00:00+00:00,64682.2734375,64749.1640625,64548.49609375,64548.49609375,400300,1h,VCB,VCB.VN
2025-03-10 06:00:00+00:00,64682.2734375,64816.0546875,64615.3828125,64682.2734375,1131100,1h,VCB,VCB.VN
2025-03-10 07:00:00+00:00,64749.1640625,64749.1640625,64548.49609375,64615.3828125,681300,1h,VCB,VCB.VN
2025-03-11 02:00:00+00:00,64548.49609375,64615.3828125,63946.48828125,64214.046875,0,1h,VCB,VCB.VN
2025-03-11 03:00:00+00:00,64615.3828125,64615.3828125,64414.71484375,64548.49609375,349500,1h,VCB,VCB.VN
2025-03-11 04:00:00+00:00,64548.49609375,64615.3828125,64481.60546875,64615.3828125,113800,1h,VCB,VCB.VN
2025-03-11 06:00:00+00:00,64548.49609375,64615.3828125,64414.71484375,64548.49609375,1057400,1h,VCB,VCB.VN
2025-03-11 07:00:00+00:00,64749.1640625,64749.1640625,64347.82421875,64481.60546875,1521200,1h,VCB,VCB.VN
2025-03-12 02:00:00+00:00,67300.0,68600.0,65600.0,66000.0,0,1h,VCB,VCB.VN
2025-03-12 03:00:00+00:00,67400.0,67600.0,67000.0,67300.0,1146600,1h,VCB,VCB.VN
2025-03-12 04:00:00+00:00,67300.0,67500.0,67300.0,67400.0,359600,1h,VCB,VCB.VN
2025-03-12 06:00:00+00:00,67000.0,67400.0,66800.0,67400.0,1607200,1h,VCB,VCB.VN
2025-03-12 07:00:00+00:00,66700.0,67200.0,66700.0,67000.0,974500,1h,VCB,VCB.VN
2025-03-13 02:00:00+00:00,66200.0,67200.0,65900.0,67200.0,0,1h,VCB,VCB.VN
2025-03-13 03:00:00+00:00,66000.0,66400.0,66000.0,66200.0,682000,1h,VCB,VCB.VN
2025-03-13 04:00:00+00:00,65600.0,66100.0,65600.0,66100.0,594200,1h,VCB,VCB.VN
2025-03-13 06:00:00+00:00,65600.0,65800.0,65500.0,65600.0,1054700,1h,VCB,VCB.VN
2025-03-13 07:00:00+00:00,65500.0,65600.0,65200.0,65500.0,885200,1h,VCB,VCB.VN
2025-03-14 02:00:00+00:00,66600.0,66800.0,65400.0,65400.0,0,1h,VCB,VCB.VN
2025-03-14 03:00:00+00:00,66500.0,66800.0,66400.0,66600.0,1170900,1h,VCB,VCB.VN
2025-03-14 04:00:00+00:00,66400.0,66600.0,66400.0,66500.0,323700,1h,VCB,VCB.VN
2025-03-14 06:00:00+00:00,66400.0,66600.0,66100.0,66400.0,1527500,1h,VCB,VCB.VN
2025-03-14 07:00:00+00:00,66000.0,66400.0,66000.0,66300.0,663300,1h,VCB,VCB.VN
2025-03-17 02:00:00+00:00,66400.0,66500.0,66000.0,66000.0,0,1h,VCB,VCB.VN
2025-03-17 03:00:00+00:00,66900.0,67200.0,66400.0,66500.0,920000,1h,VCB,VCB.VN
2025-03-17 04:00:00+00:00,67100.0,67200.0,66900.0,66900.0,641200,1h,VCB,VCB.VN
2025-03-17 06:00:00+00:00,66900.0,67200.0,66900.0,67100.0,1969700,1h,VCB,VCB.VN
2025-03-17 07:00:00+00:00,67300.0,67300.0,66900.0,67000.0,979100,1h,VCB,VCB.VN
2025-03-18 02:00:00+00:00,67400.0,67800.0,67300.0,67800.0,0,1h,VCB,VCB.VN
2025-03-18 03:00:00+00:00,67400.0,67500.0,67300.0,67400.0,562900,1h,VCB,VCB.VN
2025-03-18 04:00:00+00:00,67400.0,67400.0,67300.0,67300.0,151100,1h,VCB,VCB.VN
2025-03-18 06:00:00+00:00,67300.0,67500.0,67200.0,67400.0,1188000,1h,VCB,VCB.VN
2025-03-18 07:00:00+00:00,66800.0,67400.0,66800.0,67300.0,1243200,1h,VCB,VCB.VN
2025-03-19 02:00:00+00:00,66800.0,67200.0,66800.0,67200.0,0,1h,VCB,VCB.VN
2025-03-19 03:00:00+00:00,66900.0,67000.0,66800.0,66800.0,302000,1h,VCB,VCB.VN
2025-03-19 04:00:00+00:00,67100.0,67200.0,66900.0,66900.0,463600,1h,VCB,VCB.VN
2025-03-19 06:00:00+00:00,66700.0,67100.0,66500.0,67000.0,1256500,1h,VCB,VCB.VN
2025-03-19 07:00:00+00:00,66500.0,67000.0,66500.0,66700.0,1135500,1h,VCB,VCB.VN
2025-03-20 02:00:00+00:00,67000.0,67000.0,66500.0,66500.0,0,1h,VCB,VCB.VN
2025-03-20 03:00:00+00:00,66800.0,67000.0,66500.0,67000.0,436600,1h,VCB,VCB.VN
2025-03-20 04:00:00+00:00,66300.0,66900.0,66200.0,66600.0,246100,1h,VCB,VCB.VN
2025-03-20 06:00:00+00:00,66500.0,66600.0,66200.0,66300.0,580201,1h,VCB,VCB.VN
2025-03-20 07:00:00+00:00,66800.0,66800.0,66300.0,66400.0,290599,1h,VCB,VCB.VN
2025-03-21 02:00:00+00:00,66400.0,67000.0,66400.0,67000.0,0,1h,VCB,VCB.VN
2025-03-21 03:00:00+00:00,66500.0,66600.0,66400.0,66400.0,217400,1h,VCB,VCB.VN
2025-03-21 04:00:00+00:00,66400.0,66600.0,66400.0,66500.0,96900,1h,VCB,VCB.VN
2025-03-21 06:00:00+00:00,66300.0,66500.0,66100.0,66500.0,534200,1h,VCB,VCB.VN
2025-03-21 07:00:00+00:00,66000.0,66500.0,66000.0,66300.0,731300,1h,VCB,VCB.VN
2025-03-24 02:00:00+00:00,65700.0,66400.0,65600.0,66300.0,0,1h,VCB,VCB.VN
2025-03-24 03:00:00+00:00,65700.0,65800.0,65600.0,65700.0,277900,1h,VCB,VCB.VN
2025-03-24 04:00:00+00:00,65500.0,65700.0,65500.0,65700.0,191300,1h,VCB,VCB.VN
2025-03-24 06:00:00+00:00,65900.0,66100.0,65500.0,65600.0,698800,1h,VCB,VCB.VN
2025-03-24 07:00:00+00:00,66500.0,66500.0,65900.0,65900.0,643900,1h,VCB,VCB.VN
2025-03-25 02:00:00+00:00,66400.0,66600.0,66300.0,66500.0,0,1h,VCB,VCB.VN
2025-03-25 03:00:00+00:00,66500.0,66600.0,66300.0,66400.0,463600,1h,VCB,VCB.VN
2025-03-25 04:00:00+00:00,66400.0,66500.0,66400.0,66400.0,84800,1h,VCB,VCB.VN
2025-03-25 06:00:00+00:00,66400.0,66500.0,66300.0,66400.0,510700,1h,VCB,VCB.VN
2025-03-25 07:00:00+00:00,66200.0,66500.0,66200.0,66500.0,395900,1h,VCB,VCB.VN
2025-03-26 02:00:00+00:00,66500.0,66500.0,66200.0,66400.0,0,1h,VCB,VCB.VN
2025-03-26 03:00:00+00:00,66500.0,66600.0,66400.0,66500.0,333900,1h,VCB,VCB.VN
2025-03-26 04:00:00+00:00,66400.0,66500.0,66400.0,66500.0,69200,1h,VCB,VCB.VN
2025-03-26 06:00:00+00:00,66300.0,66500.0,66200.0,66400.0,427300,1h,VCB,VCB.VN
2025-03-26 07:00:00+00:00,65800.0,66400.0,65800.0,66300.0,438000,1h,VCB,VCB.VN
2025-03-27 02:00:00+00:00,65700.0,65900.0,65700.0,65800.0,0,1h,VCB,VCB.VN
2025-03-27 03:00:00+00:00,65900.0,65900.0,65700.0,65800.0,123100,1h,VCB,VCB.VN
2025-03-27 04:00:00+00:00,65900.0,65900.0,65800.0,65900.0,82500,1h,VCB,VCB.VN
2025-03-27 06:00:00+00:00,65700.0,65900.0,65600.0,65900.0,385600,1h,VCB,VCB.VN
2025-03-27 07:00:00+00:00,65500.0,65800.0,65500.0,65700.0,181500,1h,VCB,VCB.VN
2025-03-28 02:00:00+00:00,65500.0,65700.0,65500.0,65500.0,0,1h,VCB,VCB.VN
2025-03-28 03:00:00+00:00,65300.0,65600.0,65100.0,65500.0,409400,1h,VCB,VCB.VN
2025-03-28 04:00:00+00:00,65100.0,65300.0,65100.0,65300.0,138800,1h,VCB,VCB.VN
2025-03-28 06:00:00+00:00,65200.0,65200.0,65000.0,65100.0,568000,1h,VCB,VCB.VN
2025-03-28 07:00:00+00:00,64800.0,65200.0,64800.0,65100.0,545100,1h,VCB,VCB.VN
2025-03-31 02:00:00+00:00,64400.0,64700.0,64000.0,64700.0,0,1h,VCB,VCB.VN
2025-03-31 03:00:00+00:00,64500.0,64600.0,64300.0,64400.0,216900,1h,VCB,VCB.VN
2025-03-31 04:00:00+00:00,64600.0,64700.0,64500.0,64500.0,41300,1h,VCB,VCB.VN
2025-03-31 06:00:00+00:00,64800.0,64900.0,64500.0,64600.0,358200,1h,VCB,VCB.VN
2025-03-31 07:00:00+00:00,64000.0,65200.0,64000.0,64800.0,866300,1h,VCB,VCB.VN
2025-04-01 02:00:00+00:00,64800.0,64800.0,64500.0,64700.0,0,1h,VCB,VCB.VN
2025-04-01 03:00:00+00:00,65200.0,65300.0,64800.0,64800.0,154400,1h,VCB,VCB.VN
2025-04-01 04:00:00+00:00,65100.0,65200.0,65000.0,65200.0,103000,1h,VCB,VCB.VN
2025-04-01 06:00:00+00:00,64500.0,65200.0,64500.0,65100.0,555400,1h,VCB,VCB.VN
2025-04-01 07:00:00+00:00,64500.0,64900.0,64000.0,64500.0,884500,1h,VCB,VCB.VN
2025-04-02 02:00:00+00:00,65200.0,65300.0,64600.0,65000.0,0,1h,VCB,VCB.VN
2025-04-02 03:00:00+00:00,65600.0,65600.0,65200.0,65200.0,393500,1h,VCB,VCB.VN
2025-04-02 04:00:00+00:00,65900.0,65900.0,65400.0,65600.0,262700,1h,VCB,VCB.VN
2025-04-02 06:00:00+00:00,65800.0,66000.0,65700.0,65900.0,673700,1h,VCB,VCB.VN
2025-04-02 07:00:00+00:00,64800.0,65900.0,64800.0,65700.0,907900,1h,VCB,VCB.VN
2025-04-03 02:00:00+00:00,61700.0,64400.0,60300.0,64000.0,878100,1h,VCB,VCB.VN
2025-04-03 03:00:00+00:00,61100.0,62300.0,61100.0,61700.0,1441500,1h,VCB,VCB.VN
2025-04-03 04:00:00+00:00,60500.0,61300.0,60500.0,61200.0,986400,1h,VCB,VCB.VN
2025-04-03 06:00:00+00:00,60300.0,60900.0,60300.0,60500.0,3838100,1h,VCB,VCB.VN
2025-04-03 07:00:00+00:00,60300.0,60300.0,60300.0,60300.0,369300,1h,VCB,VCB.VN
2025-04-04 02:00:00+00:00,57200.0,58000.0,56200.0,56700.0,0,1h,VCB,VCB.VN
2025-04-04 03:00:00+00:00,58700.0,59100.0,57100.0,57200.0,2070800,1h,VCB,VCB.VN
2025-04-04 04:00:00+00:00,58400.0,58800.0,58000.0,58800.0,714500,1h,VCB,VCB.VN
2025-04-04 06:00:00+00:00,57600.0,58800.0,57500.0,58400.0,2662500,1h,VCB,VCB.VN
2025-04-04 07:00:00+00:00,60000.0,60000.0,57600.0,57600.0,2026600,1h,VCB,VCB.VN
2025-04-08 02:00:00+00:00,57700.0,59800.0,57500.0,59800.0,0,1h,VCB,VCB.VN
2025-04-08 03:00:00+00:00,56200.0,57700.0,55800.0,57700.0,2752400,1h,VCB,VCB.VN
2025-04-08 04:00:00+00:00,56900.0,57000.0,56200.0,56300.0,231200,1h,VCB,VCB.VN
2025-04-08 06:00:00+00:00,55800.0,57000.0,55800.0,56900.0,2380901,1h,VCB,VCB.VN
2025-04-08 07:00:00+00:00,55800.0,55900.0,55800.0,55800.0,809700,1h,VCB,VCB.VN
2025-04-09 02:00:00+00:00,55700.0,55800.0,52000.0,52000.0,0,1h,VCB,VCB.VN
2025-04-09 03:00:00+00:00,55500.0,59700.0,55500.0,55700.0,1654200,1h,VCB,VCB.VN
2025-04-09 04:00:00+00:00,55000.0,56400.0,55000.0,55600.0,386000,1h,VCB,VCB.VN
2025-04-09 06:00:00+00:00,54700.0,56400.0,54700.0,55000.0,2151200,1h,VCB,VCB.VN
2025-04-09 07:00:00+00:00,52500.0,55000.0,52500.0,54700.0,2788800,1h,VCB,VCB.VN
2025-04-10 02:00:00+00:00,56100.0,56100.0,56100.0,56100.0,0,1h,VCB,VCB.VN
2025-04-10 03:00:00+00:00,56100.0,56100.0,56100.0,56100.0,5900,1h,VCB,VCB.VN
2025-04-10 06:00:00+00:00,56100.0,56100.0,56100.0,56100.0,4800,1h,VCB,VCB.VN
2025-04-10 07:00:00+00:00,56100.0,56100.0,56100.0,56100.0,1800,1h,VCB,VCB.VN
2025-04-11 02:00:00+00:00,58900.0,59800.0,58000.0,59800.0,2861500,1h,VCB,VCB.VN
2025-04-11 03:00:00+00:00,59500.0,59900.0,58900.0,58900.0,1177700,1h,VCB,VCB.VN
2025-04-11 04:00:00+00:00,59200.0,59500.0,59100.0,59500.0,335600,1h,VCB,VCB.VN
2025-04-11 06:00:00+00:00,58800.0,59300.0,58600.0,59200.0,2040000,1h,VCB,VCB.VN
2025-04-11 07:00:00+00:00,59800.0,59900.0,58700.0,58800.0,1448500,1h,VCB,VCB.VN
2025-04-14 02:00:00+00:00,59300.0,60000.0,58700.0,60000.0,0,1h,VCB,VCB.VN
2025-04-14 03:00:00+00:00,59500.0,59600.0,59200.0,59200.0,548900,1h,VCB,VCB.VN
2025-04-14 04:00:00+00:00,59300.0,59600.0,59200.0,59600.0,286200,1h,VCB,VCB.VN
2025-04-14 06:00:00+00:00,59200.0,59500.0,59000.0,59300.0,998500,1h,VCB,VCB.VN
2025-04-14 07:00:00+00:00,59300.0,59600.0,59200.0,59300.0,697100,1h,VCB,VCB.VN
2025-04-15 02:00:00+00:00,59800.0,59800.0,58300.0,59100.0,0,1h,VCB,VCB.VN
2025-04-15 03:00:00+00:00,60100.0,60900.0,59600.0,59800.0,1320400,1h,VCB,VCB.VN
2025-04-15 04:00:00+00:00,60300.0,60400.0,60000.0,60100.0,346700,1h,VCB,VCB.VN
2025-04-15 06:00:00+00:00,60100.0,60300.0,59900.0,60200.0,1577900,1h,VCB,VCB.VN
2025-04-15 07:00:00+00:00,60000.0,60500.0,60000.0,60100.0,0,1h,VCB,VCB.VN
2025-04-16 02:00:00+00:00,60000.0,60300.0,59700.0,59700.0,330400,1h,VCB,VCB.VN
2025-04-16 03:00:00+00:00,59900.0,60100.0,59700.0,60000.0,364600,1h,VCB,VCB.VN
2025-04-16 04:00:00+00:00,59800.0,60000.0,59700.0,59900.0,120100,1h,VCB,VCB.VN
2025-04-16 06:00:00+00:00,59400.0,59800.0,59100.0,59700.0,1030400,1h,VCB,VCB.VN
2025-04-16 07:00:00+00:00,59300.0,59400.0,59000.0,59400.0,944300,1h,VCB,VCB.VN
2025-04-17 02:00:00+00:00,58700.0,59300.0,58600.0,59300.0,0,1h,VCB,VCB.VN
2025-04-17 03:00:00+00:00,58800.0,58800.0,58600.0,58700.0,455500,1h,VCB,VCB.VN
2025-04-17 04:00:00+00:00,58600.0,58800.0,58400.0,58800.0,231800,1h,VCB,VCB.VN
2025-04-17 06:00:00+00:00,58500.0,58800.0,58400.0,58600.0,722300,1h,VCB,VCB.VN
2025-04-17 07:00:00+00:00,58100.0,58800.0,58100.0,58600.0,1298100,1h,VCB,VCB.VN
2025-04-18 02:00:00+00:00,59300.0,59300.0,58600.0,58700.0,0,1h,VCB,VCB.VN
2025-04-18 03:00:00+00:00,59200.0,59300.0,59100.0,59200.0,204301,1h,VCB,VCB.VN
2025-04-18 04:00:00+00:00,59300.0,59300.0,59100.0,59200.0,151400,1h,VCB,VCB.VN
2025-04-18 06:00:00+00:00,59500.0,59600.0,59100.0,59300.0,883700,1h,VCB,VCB.VN
2025-04-18 07:00:00+00:00,58100.0,59500.0,58100.0,59500.0,793699,1h,VCB,VCB.VN
2025-04-21 02:00:00+00:00,58800.0,58900.0,58500.0,58500.0,0,1h,VCB,VCB.VN
2025-04-21 03:00:00+00:00,58200.0,58900.0,58200.0,58800.0,330100,1h,VCB,VCB.VN
2025-04-21 04:00:00+00:00,58200.0,58400.0,58200.0,58200.0,117600,1h,VCB,VCB.VN
2025-04-21 06:00:00+00:00,58300.0,58400.0,58100.0,58200.0,370200,1h,VCB,VCB.VN
2025-04-21 07:00:00+00:00,58200.0,58400.0,58200.0,58300.0,286200,1h,VCB,VCB.VN
2025-04-22 02:00:00+00:00,58000.0,58600.0,57900.0,58100.0,0,1h,VCB,VCB.VN
2025-04-22 03:00:00+00:00,57900.0,58200.0,57900.0,58100.0,287200,1h,VCB,VCB.VN
2025-04-22 04:00:00+00:00,57600.0,58000.0,57500.0,57900.0,334300,1h,VCB,VCB.VN
2025-04-22 06:00:00+00:00,56400.0,57600.0,54700.0,57500.0,2275600,1h,VCB,VCB.VN
2025-04-22 07:00:00+00:00,58500.0,58800.0,56300.0,56300.0,765400,1h,VCB,VCB.VN
2025-04-23 02:00:00+00:00,58700.0,59400.0,58500.0,59400.0,0,1h,VCB,VCB.VN
2025-04-23 03:00:00+00:00,58600.0,58800.0,58200.0,58600.0,361400,1h,VCB,VCB.VN
2025-04-23 04:00:00+00:00,58700.0,58700.0,58500.0,58700.0,135800,1h,VCB,VCB.VN
2025-04-23 06:00:00+00:00,58800.0,58800.0,58500.0,58700.0,374600,1h,VCB,VCB.VN
2025-04-23 07:00:00+00:00,58000.0,58900.0,58000.0,58800.0,0,1h,VCB,VCB.VN
2025-04-24 02:00:00+00:00,58400.0,58600.0,58200.0,58200.0,416900,1h,VCB,VCB.VN
2025-04-24 03:00:00+00:00,58200.0,58400.0,58100.0,58400.0,279800,1h,VCB,VCB.VN
2025-04-24 04:00:00+00:00,58200.0,58300.0,58200.0,58200.0,72000,1h,VCB,VCB.VN
2025-04-24 06:00:00+00:00,58200.0,58500.0,58000.0,58200.0,777500,1h,VCB,VCB.VN
2025-04-24 07:00:00+00:00,58200.0,58500.0,58100.0,58100.0,479000,1h,VCB,VCB.VN
2025-04-25 02:00:00+00:00,58900.0,59000.0,58100.0,58200.0,0,1h,VCB,VCB.VN
2025-04-25 03:00:00+00:00,58200.0,59000.0,58100.0,59000.0,659200,1h,VCB,VCB.VN
2025-04-25 04:00:00+00:00,58200.0,58600.0,58000.0,58200.0,374000,1h,VCB,VCB.VN
2025-04-25 06:00:00+00:00,58100.0,58300.0,58000.0,58200.0,673700,1h,VCB,VCB.VN
2025-04-25 07:00:00+00:00,57500.0,58400.0,57500.0,58100.0,1383400,1h,VCB,VCB.VN
2025-04-28 02:00:00+00:00,58000.0,58300.0,57600.0,57700.0,0,1h,VCB,VCB.VN
2025-04-28 03:00:00+00:00,58000.0,58100.0,57800.0,57900.0,276800,1h,VCB,VCB.VN
2025-04-28 04:00:00+00:00,57900.0,58000.0,57800.0,57800.0,109800,1h,VCB,VCB.VN
2025-04-28 06:00:00+00:00,57900.0,58000.0,57700.0,57900.0,490900,1h,VCB,VCB.VN
2025-04-28 07:00:00+00:00,57500.0,58000.0,57500.0,57900.0,534200,1h,VCB,VCB.VN
2025-04-29 02:00:00+00:00,58100.0,58500.0,57600.0,57700.0,0,1h,VCB,VCB.VN
2025-04-29 03:00:00+00:00,57700.0,58300.0,57700.0,58100.0,325900,1h,VCB,VCB.VN
2025-04-29 04:00:00+00:00,57600.0,58000.0,57600.0,57700.0,181400,1h,VCB,VCB.VN
2025-04-29 06:00:00+00:00,57700.0,57800.0,57500.0,57700.0,760700,1h,VCB,VCB.VN
2025-04-29 07:00:00+00:00,57300.0,57800.0,57300.0,57600.0,822700,1h,VCB,VCB.VN
2025-05-05 02:00:00+00:00,57500.0,58000.0,57500.0,57500.0,0,1h,VCB,VCB.VN
2025-05-05 03:00:00+00:00,57200.0,57700.0,57200.0,57600.0,278350,1h,VCB,VCB.VN
2025-05-05 04:00:00+00:00,57300.0,57400.0,57100.0,57200.0,119964,1h,VCB,VCB.VN
2025-05-05 06:00:00+00:00,57100.0,57500.0,57000.0,57300.0,910300,1h,VCB,VCB.VN
2025-05-05 07:00:00+00:00,57100.0,57300.0,57000.0,57000.0,0,1h,VCB,VCB.VN
2025-05-06 02:00:00+00:00,57400.0,57600.0,57100.0,57300.0,383019,1h,VCB,VCB.VN
2025-05-06 03:00:00+00:00,57600.0,58000.0,57400.0,57400.0,718192,1h,VCB,VCB.VN
2025-05-06 04:00:00+00:00,57600.0,57600.0,57400.0,57600.0,457756,1h,VCB,VCB.VN
2025-05-06 06:00:00+00:00,57300.0,57700.0,57300.0,57600.0,909993,1h,VCB,VCB.VN
2025-05-06 07:00:00+00:00,57000.0,57500.0,57000.0,57300.0,0,1h,VCB,VCB.VN
2025-05-07 02:00:00+00:00,57500.0,57500.0,57100.0,57100.0,123401,1h,VCB,VCB.VN
2025-05-07 03:00:00+00:00,57300.0,57500.0,57200.0,57500.0,704695,1h,VCB,VCB.VN
2025-05-07 04:00:00+00:00,57100.0,57300.0,57000.0,57300.0,254388,1h,VCB,VCB.VN
2025-05-07 06:00:00+00:00,57000.0,57200.0,57000.0,57100.0,690672,1h,VCB,VCB.VN
2025-05-07 07:00:00+00:00,57000.0,57200.0,57000.0,57000.0,0,1h,VCB,VCB.VN
2025-05-08 02:00:00+00:00,57200.0,57700.0,57100.0,57400.0,534936,1h,VCB,VCB.VN
2025-05-08 03:00:00+00:00,57000.0,57300.0,56900.0,57200.0,532744,1h,VCB,VCB.VN
2025-05-08 04:00:00+00:00,57000.0,57100.0,56900.0,57000.0,144697,1h,VCB,VCB.VN
2025-05-08 06:00:00+00:00,57200.0,57200.0,56900.0,57000.0,725241,1h,VCB,VCB.VN
2025-05-08 07:00:00+00:00,57100.0,57500.0,57100.0,57200.0,0,1h,VCB,VCB.VN
2025-05-09 02:00:00+00:00,57100.0,57600.0,57100.0,57300.0,1265321,1h,VCB,VCB.VN
2025-05-09 03:00:00+00:00,56900.0,57300.0,56900.0,57100.0,1215192,1h,VCB,VCB.VN
2025-05-09 04:00:00+00:00,56900.0,57000.0,56700.0,56900.0,783464,1h,VCB,VCB.VN
2025-05-09 06:00:00+00:00,56800.0,57100.0,56800.0,56900.0,1420509,1h,VCB,VCB.VN
2025-05-09 07:00:00+00:00,56600.0,56900.0,56600.0,56800.0,1329636,1h,VCB,VCB.VN
2025-05-12 02:00:00+00:00,57000.0,57300.0,56800.0,57000.0,0,1h,VCB,VCB.VN
2025-05-12 03:00:00+00:00,56400.0,57000.0,56200.0,56900.0,1345585,1h,VCB,VCB.VN
2025-05-12 04:00:00+00:00,56500.0,56600.0,56300.0,56300.0,424343,1h,VCB,VCB.VN
2025-05-12 06:00:00+00:00,56700.0,56900.0,56500.0,56500.0,1227165,1h,VCB,VCB.VN
2025-05-12 07:00:00+00:00,56600.0,57100.0,56600.0,56600.0,0,1h,VCB,VCB.VN
2025-05-13 02:00:00+00:00,57200.0,57300.0,56800.0,57100.0,1261486,1h,VCB,VCB.VN
2025-05-13 03:00:00+00:00,57100.0,57200.0,57000.0,57200.0,1371041,1h,VCB,VCB.VN
2025-05-13 04:00:00+00:00,56900.0,57100.0,56900.0,57100.0,706989,1h,VCB,VCB.VN
2025-05-13 06:00:00+00:00,56800.0,57000.0,56800.0,56900.0,1714900,1h,VCB,VCB.VN
2025-05-13 07:00:00+00:00,56800.0,56900.0,56600.0,56800.0,0,1h,VCB,VCB.VN
2025-05-14 02:00:00+00:00,58600.0,58700.0,57200.0,57200.0,3470982,1h,VCB,VCB.VN
2025-05-14 03:00:00+00:00,58500.0,58800.0,58300.0,58600.0,1215494,1h,VCB,VCB.VN
2025-05-14 04:00:00+00:00,58500.0,58600.0,58400.0,58500.0,447048,1h,VCB,VCB.VN
2025-05-14 06:00:00+00:00,58600.0,58700.0,58400.0,58500.0,1685705,1h,VCB,VCB.VN
2025-05-14 07:00:00+00:00,58700.0,58800.0,58500.0,58600.0,0,1h,VCB,VCB.VN
2025-05-15 02:00:00+00:00,59400.0,59800.0,59200.0,59300.0,2150027,1h,VCB,VCB.VN
2025-05-15 03:00:00+00:00,59000.0,59500.0,58800.0,59500.0,1552213,1h,VCB,VCB.VN
2025-05-15 04:00:00+00:00,59000.0,59100.0,59000.0,59100.0,413795,1h,VCB,VCB.VN
2025-05-15 06:00:00+00:00,59200.0,59200.0,58700.0,59000.0,2382764,1h,VCB,VCB.VN
2025-05-15 07:00:00+00:00,58700.0,59400.0,58700.0,59100.0,0,1h,VCB,VCB.VN
2025-05-16 02:00:00+00:00,58700.0,59000.0,58600.0,58800.0,1125891,1h,VCB,VCB.VN
2025-05-16 03:00:00+00:00,58200.0,58800.0,58100.0,58700.0,1994007,1h,VCB,VCB.VN
2025-05-16 04:00:00+00:00,57900.0,58200.0,57800.0,58200.0,1135978,1h,VCB,VCB.VN
2025-05-16 06:00:00+00:00,57600.0,58000.0,57500.0,57900.0,2401060,1h,VCB,VCB.VN
2025-05-16 07:00:00+00:00,57500.0,57900.0,57500.0,57600.0,1762652,1h,VCB,VCB.VN
2025-05-19 02:00:00+00:00,57500.0,57600.0,57100.0,57400.0,0,1h,VCB,VCB.VN
2025-05-19 03:00:00+00:00,57500.0,57500.0,57300.0,57400.0,688545,1h,VCB,VCB.VN
2025-05-19 04:00:00+00:00,57400.0,57500.0,57300.0,57500.0,322675,1h,VCB,VCB.VN
2025-05-19 06:00:00+00:00,57200.0,57500.0,57200.0,57400.0,1148867,1h,VCB,VCB.VN
2025-05-19 07:00:00+00:00,57000.0,57300.0,57000.0,57200.0,0,1h,VCB,VCB.VN
2025-05-20 02:00:00+00:00,56800.0,57200.0,56800.0,57000.0,917731,1h,VCB,VCB.VN
2025-05-20 03:00:00+00:00,57200.0,57300.0,56800.0,56800.0,629398,1h,VCB,VCB.VN
2025-05-20 04:00:00+00:00,57200.0,57300.0,57100.0,57200.0,309257,1h,VCB,VCB.VN
2025-05-20 06:00:00+00:00,57100.0,57400.0,57000.0,57300.0,1267363,1h,VCB,VCB.VN
2025-05-20 07:00:00+00:00,57100.0,57300.0,57000.0,57000.0,0,1h,VCB,VCB.VN
2025-05-21 02:00:00+00:00,57500.0,57900.0,57300.0,57500.0,1773886,1h,VCB,VCB.VN
2025-05-21 03:00:00+00:00,57100.0,57500.0,57000.0,57500.0,978936,1h,VCB,VCB.VN
2025-05-21 04:00:00+00:00,57100.0,57100.0,57000.0,57100.0,329891,1h,VCB,VCB.VN
2025-05-21 06:00:00+00:00,57100.0,57200.0,57000.0,57100.0,1128561,1h,VCB,VCB.VN
2025-05-21 07:00:00+00:00,57100.0,57100.0,57000.0,57000.0,0,1h,VCB,VCB.VN
2025-05-22 02:00:00+00:00,57100.0,57300.0,57100.0,57100.0,536675,1h,VCB,VCB.VN
2025-05-22 03:00:00+00:00,57000.0,57200.0,57000.0,57200.0,822221,1h,VCB,VCB.VN
2025-05-22 04:00:00+00:00,57200.0,57300.0,57000.0,57000.0,393353,1h,VCB,VCB.VN
2025-05-22 06:00:00+00:00,57200.0,57400.0,57000.0,57300.0,1183381,1h,VCB,VCB.VN
2025-05-22 07:00:00+00:00,56900.0,57300.0,56900.0,57200.0,0,1h,VCB,VCB.VN
2025-05-23 02:00:00+00:00,57100.0,57500.0,56900.0,56900.0,762477,1h,VCB,VCB.VN
2025-05-23 03:00:00+00:00,56800.0,57100.0,56700.0,57100.0,717545,1h,VCB,VCB.VN
2025-05-23 04:00:00+00:00,56800.0,56900.0,56700.0,56900.0,272207,1h,VCB,VCB.VN
2025-05-23 06:00:00+00:00,56800.0,56900.0,56700.0,56800.0,1037040,1h,VCB,VCB.VN
2025-05-23 07:00:00+00:00,56800.0,56900.0,56700.0,56700.0,972284,1h,VCB,VCB.VN
2025-05-26 02:00:00+00:00,56300.0,57000.0,56000.0,56900.0,0,1h,VCB,VCB.VN
2025-05-26 03:00:00+00:00,56400.0,56600.0,56200.0,56400.0,1088283,1h,VCB,VCB.VN
2025-05-26 04:00:00+00:00,56300.0,56400.0,56300.0,56300.0,349134,1h,VCB,VCB.VN
2025-05-26 06:00:00+00:00,56500.0,56600.0,56300.0,56300.0,1309246,1h,VCB,VCB.VN
2025-05-26 07:00:00+00:00,57000.0,57000.0,56500.0,56500.0,0,1h,VCB,VCB.VN
2025-05-27 02:00:00+00:00,56900.0,57200.0,56800.0,56800.0,1016615,1h,VCB,VCB.VN
2025-05-27 03:00:00+00:00,56900.0,57000.0,56800.0,56900.0,929647,1h,VCB,VCB.VN
2025-05-27 04:00:00+00:00,56900.0,56900.0,56800.0,56900.0,601449,1h,VCB,VCB.VN
2025-05-27 06:00:00+00:00,56800.0,57000.0,56700.0,56800.0,1966951,1h,VCB,VCB.VN
2025-05-27 07:00:00+00:00,56800.0,56900.0,56700.0,56800.0,0,1h,VCB,VCB.VN
2025-05-28 02:00:00+00:00,57100.0,57600.0,57000.0,57100.0,1312812,1h,VCB,VCB.VN
2025-05-28 03:00:00+00:00,57000.0,57200.0,56900.0,57100.0,3276714,1h,VCB,VCB.VN
2025-05-28 04:00:00+00:00,57000.0,57200.0,56900.0,57000.0,506314,1h,VCB,VCB.VN
2025-05-28 06:00:00+00:00,56800.0,57100.0,56800.0,57000.0,1116171,1h,VCB,VCB.VN
2025-05-28 07:00:00+00:00,56800.0,57100.0,56800.0,56800.0,0,1h,VCB,VCB.VN
2025-05-29 02:00:00+00:00,57100.0,57200.0,57000.0,57200.0,831817,1h,VCB,VCB.VN
2025-05-29 03:00:00+00:00,56900.0,57200.0,56900.0,57100.0,802176,1h,VCB,VCB.VN
2025-05-29 04:00:00+00:00,56900.0,57000.0,56800.0,56900.0,488171,1h,VCB,VCB.VN
2025-05-29 06:00:00+00:00,56800.0,56900.0,56700.0,56900.0,1154319,1h,VCB,VCB.VN
2025-05-29 07:00:00+00:00,56700.0,56900.0,56700.0,56800.0,0,1h,VCB,VCB.VN
2025-05-30 02:00:00+00:00,56700.0,56900.0,56600.0,56800.0,622245,1h,VCB,VCB.VN
2025-05-30 03:00:00+00:00,56700.0,56700.0,56600.0,56700.0,540415,1h,VCB,VCB.VN
2025-05-30 04:00:00+00:00,56600.0,56700.0,56500.0,56600.0,622865,1h,VCB,VCB.VN
2025-05-30 06:00:00+00:00,56500.0,56700.0,56400.0,56600.0,1041461,1h,VCB,VCB.VN
2025-05-30 07:00:00+00:00,56400.0,56600.0,56400.0,56600.0,1151302,1h,VCB,VCB.VN
2025-06-02 02:00:00+00:00,56400.0,56500.0,56100.0,56500.0,0,1h,VCB,VCB.VN
2025-06-02 03:00:00+00:00,56200.0,56400.0,56100.0,56400.0,761301,1h,VCB,VCB.VN
2025-06-02 04:00:00+00:00,56100.0,56200.0,56100.0,56200.0,287237,1h,VCB,VCB.VN
2025-06-02 06:00:00+00:00,56300.0,56300.0,56100.0,56100.0,941780,1h,VCB,VCB.VN
2025-06-02 07:00:00+00:00,56200.0,56400.0,56200.0,56300.0,0,1h,VCB,VCB.VN
2025-06-03 02:00:00+00:00,56700.0,56800.0,56400.0,56700.0,606225,1h,VCB,VCB.VN
2025-06-03 03:00:00+00:00,56500.0,56700.0,56500.0,56600.0,402728,1h,VCB,VCB.VN
2025-06-03 04:00:00+00:00,56600.0,56700.0,56500.0,56600.0,264228,1h,VCB,VCB.VN
2025-06-03 06:00:00+00:00,56800.0,56900.0,56600.0,56700.0,1379030,1h,VCB,VCB.VN
2025-06-03 07:00:00+00:00,56800.0,56900.0,56800.0,56800.0,0,1h,VCB,VCB.VN
2025-06-04 02:00:00+00:00,56800.0,57000.0,56800.0,56900.0,425372,1h,VCB,VCB.VN
2025-06-04 03:00:00+00:00,56700.0,56900.0,56600.0,56800.0,682027,1h,VCB,VCB.VN
2025-06-04 04:00:00+00:00,56600.0,56800.0,56600.0,56700.0,144134,1h,VCB,VCB.VN
2025-06-04 06:00:00+00:00,56600.0,56800.0,56600.0,56600.0,839585,1h,VCB,VCB.VN
2025-06-04 07:00:00+00:00,56600.0,56700.0,56500.0,56700.0,0,1h,VCB,VCB.VN
2025-06-05 02:00:00+00:00,56600.0,56800.0,56500.0,56700.0,441327,1h,VCB,VCB.VN
2025-06-05 03:00:00+00:00,56400.0,56600.0,56400.0,56600.0,482364,1h,VCB,VCB.VN
2025-06-05 04:00:00+00:00,56500.0,56600.0,56400.0,56400.0,192452,1h,VCB,VCB.VN
2025-06-05 06:00:00+00:00,56300.0,56500.0,56300.0,56500.0,841246,1h,VCB,VCB.VN
2025-06-05 07:00:00+00:00,56300.0,56500.0,56300.0,56300.0,959015,1h,VCB,VCB.VN
2025-06-06 02:00:00+00:00,56400.0,56600.0,56200.0,56300.0,0,1h,VCB,VCB.VN
2025-06-06 03:00:00+00:00,56300.0,56500.0,56300.0,56400.0,395600,1h,VCB,VCB.VN
2025-06-06 04:00:00+00:00,56200.0,56300.0,56200.0,56300.0,146633,1h,VCB,VCB.VN
2025-06-06 06:00:00+00:00,56100.0,56300.0,56100.0,56300.0,846845,1h,VCB,VCB.VN
2025-06-06 07:00:00+00:00,56100.0,56300.0,56100.0,56100.0,848640,1h,VCB,VCB.VN
2025-06-09 02:00:00+00:00,56100.0,56400.0,56100.0,56200.0,0,1h,VCB,VCB.VN
2025-06-09 03:00:00+00:00,56000.0,56200.0,56000.0,56100.0,378620,1h,VCB,VCB.VN
2025-06-09 04:00:00+00:00,56000.0,56100.0,56000.0,56100.0,150708,1h,VCB,VCB.VN
2025-06-09 06:00:00+00:00,56100.0,56100.0,56000.0,56000.0,648353,1h,VCB,VCB.VN
2025-06-09 07:00:00+00:00,55900.0,56100.0,55900.0,56100.0,0,1h,VCB,VCB.VN
2025-06-10 02:00:00+00:00,56100.0,56100.0,55900.0,56000.0,355736,1h,VCB,VCB.VN
2025-06-10 03:00:00+00:00,56100.0,56200.0,55900.0,56100.0,726960,1h,VCB,VCB.VN
2025-06-10 04:00:00+00:00,56000.0,56200.0,56000.0,56100.0,253998,1h,VCB,VCB.VN
2025-06-10 06:00:00+00:00,56000.0,56100.0,56000.0,56000.0,576878,1h,VCB,VCB.VN
2025-06-10 07:00:00+00:00,55900.0,56100.0,55900.0,56000.0,0,1h,VCB,VCB.VN
2025-06-11 02:00:00+00:00,56000.0,56200.0,55900.0,56200.0,470108,1h,VCB,VCB.VN
2025-06-11 03:00:00+00:00,55900.0,56000.0,55800.0,56000.0,350766,1h,VCB,VCB.VN
2025-06-11 04:00:00+00:00,55800.0,56000.0,55800.0,55900.0,312139,1h,VCB,VCB.VN
2025-06-11 06:00:00+00:00,55700.0,55900.0,55700.0,55800.0,628969,1h,VCB,VCB.VN
2025-06-11 07:00:00+00:00,55700.0,55800.0,55700.0,55700.0,0,1h,VCB,VCB.VN
2025-06-12 02:00:00+00:00,55800.0,56000.0,55800.0,56000.0,327001,1h,VCB,VCB.VN
2025-06-12 03:00:00+00:00,55800.0,55900.0,55700.0,55800.0,571249,1h,VCB,VCB.VN
2025-06-12 04:00:00+00:00,55800.0,55800.0,55700.0,55800.0,274223,1h,VCB,VCB.VN
2025-06-12 06:00:00+00:00,55900.0,56100.0,55700.0,55800.0,955089,1h,VCB,VCB.VN
2025-06-12 07:00:00+00:00,56000.0,56000.0,55800.0,55900.0,0,1h,VCB,VCB.VN
2025-06-13 02:00:00+00:00,55700.0,56000.0,55600.0,55900.0,983781,1h,VCB,VCB.VN
2025-06-13 03:00:00+00:00,56700.0,57100.0,55600.0,55700.0,2385295,1h,VCB,VCB.VN
2025-06-13 04:00:00+00:00,56400.0,56700.0,56300.0,56700.0,427320,1h,VCB,VCB.VN
2025-06-13 06:00:00+00:00,56200.0,56500.0,56100.0,56400.0,915866,1h,VCB,VCB.VN
2025-06-13 07:00:00+00:00,56200.0,56300.0,56000.0,56200.0,718529,1h,VCB,VCB.VN
2025-06-16 02:00:00+00:00,56500.0,56700.0,56200.0,56200.0,0,1h,VCB,VCB.VN
2025-06-16 03:00:00+00:00,56500.0,56600.0,56400.0,56600.0,805010,1h,VCB,VCB.VN
2025-06-16 04:00:00+00:00,56500.0,56600.0,56400.0,56500.0,292348,1h,VCB,VCB.VN
2025-06-16 06:00:00+00:00,56500.0,56600.0,56400.0,56500.0,1336285,1h,VCB,VCB.VN
2025-06-16 07:00:00+00:00,56600.0,56700.0,56400.0,56500.0,0,1h,VCB,VCB.VN
2025-06-17 02:00:00+00:00,57200.0,57500.0,56800.0,56900.0,1952660,1h,VCB,VCB.VN
2025-06-17 03:00:00+00:00,57000.0,57300.0,57000.0,57200.0,1141682,1h,VCB,VCB.VN
2025-06-17 04:00:00+00:00,57100.0,57200.0,57000.0,57100.0,264523,1h,VCB,VCB.VN
2025-06-17 06:00:00+00:00,57100.0,57100.0,56900.0,57100.0,1066808,1h,VCB,VCB.VN
2025-06-17 07:00:00+00:00,57200.0,57200.0,57000.0,57100.0,0,1h,VCB,VCB.VN
2025-06-18 02:00:00+00:00,57100.0,57300.0,56900.0,57200.0,432655,1h,VCB,VCB.VN
2025-06-18 03:00:00+00:00,56900.0,57200.0,56900.0,57100.0,503542,1h,VCB,VCB.VN
2025-06-18 04:00:00+00:00,56800.0,57000.0,56800.0,56900.0,332709,1h,VCB,VCB.VN
2025-06-18 06:00:00+00:00,56600.0,56900.0,56500.0,56900.0,1666451,1h,VCB,VCB.VN
2025-06-18 07:00:00+00:00,56700.0,56800.0,56600.0,56700.0,0,1h,VCB,VCB.VN
2025-06-19 02:00:00+00:00,56700.0,57000.0,56700.0,56700.0,267735,1h,VCB,VCB.VN
2025-06-19 03:00:00+00:00,56600.0,56800.0,56500.0,56800.0,446735,1h,VCB,VCB.VN
2025-06-19 04:00:00+00:00,56600.0,56700.0,56500.0,56600.0,357131,1h,VCB,VCB.VN
2025-06-19 06:00:00+00:00,56600.0,56700.0,56500.0,56600.0,529032,1h,VCB,VCB.VN
2025-06-19 07:00:00+00:00,56600.0,56800.0,56500.0,56600.0,0,1h,VCB,VCB.VN
2025-06-20 02:00:00+00:00,56600.0,56800.0,56500.0,56700.0,608046,1h,VCB,VCB.VN
2025-06-20 03:00:00+00:00,57000.0,57200.0,56600.0,56600.0,1737808,1h,VCB,VCB.VN
2025-06-20 04:00:00+00:00,56900.0,57000.0,56900.0,57000.0,233251,1h,VCB,VCB.VN
2025-06-20 06:00:00+00:00,56800.0,56900.0,56700.0,56900.0,794505,1h,VCB,VCB.VN
2025-06-20 07:00:00+00:00,57100.0,57100.0,56600.0,56800.0,3705808,1h,VCB,VCB.VN
2025-06-23 02:00:00+00:00,56800.0,56900.0,56500.0,56700.0,0,1h,VCB,VCB.VN
2025-06-23 03:00:00+00:00,56800.0,56900.0,56700.0,56800.0,390126,1h,VCB,VCB.VN
2025-06-23 04:00:00+00:00,56700.0,56800.0,56600.0,56700.0,160536,1h,VCB,VCB.VN
2025-06-23 06:00:00+00:00,56700.0,56800.0,56600.0,56700.0,655150,1h,VCB,VCB.VN
2025-06-23 07:00:00+00:00,56600.0,56700.0,56600.0,56700.0,0,1h,VCB,VCB.VN
2025-06-24 02:00:00+00:00,56800.0,57100.0,56700.0,56900.0,674247,1h,VCB,VCB.VN
2025-06-24 03:00:00+00:00,56700.0,56900.0,56600.0,56800.0,769449,1h,VCB,VCB.VN
2025-06-24 04:00:00+00:00,56700.0,56800.0,56600.0,56700.0,538326,1h,VCB,VCB.VN
2025-06-24 06:00:00+00:00,56700.0,56800.0,56600.0,56700.0,2030140,1h,VCB,VCB.VN
2025-06-24 07:00:00+00:00,56600.0,56700.0,56600.0,56600.0,0,1h,VCB,VCB.VN
2025-06-25 02:00:00+00:00,56800.0,56900.0,56700.0,56800.0,474775,1h,VCB,VCB.VN
2025-06-25 03:00:00+00:00,56600.0,56800.0,56600.0,56700.0,538078,1h,VCB,VCB.VN
2025-06-25 04:00:00+00:00,56700.0,56800.0,56600.0,56600.0,240867,1h,VCB,VCB.VN
2025-06-25 06:00:00+00:00,56700.0,56900.0,56600.0,56700.0,980263,1h,VCB,VCB.VN
2025-06-25 07:00:00+00:00,56600.0,56800.0,56600.0,56700.0,0,1h,VCB,VCB.VN
2025-06-26 02:00:00+00:00,56600.0,56800.0,56500.0,56700.0,536421,1h,VCB,VCB.VN
2025-06-26 03:00:00+00:00,56600.0,56600.0,56500.0,56600.0,382181,1h,VCB,VCB.VN
2025-06-26 04:00:00+00:00,56600.0,56700.0,56500.0,56500.0,222903,1h,VCB,VCB.VN
2025-06-26 06:00:00+00:00,56600.0,56700.0,56500.0,56600.0,842005,1h,VCB,VCB.VN
2025-06-26 07:00:00+00:00,56400.0,56600.0,56400.0,56500.0,0,1h,VCB,VCB.VN
2025-06-27 02:00:00+00:00,56500.0,56800.0,56400.0,56600.0,377383,1h,VCB,VCB.VN
2025-06-27 03:00:00+00:00,56500.0,56700.0,56400.0,56500.0,382681,1h,VCB,VCB.VN
2025-06-27 04:00:00+00:00,56700.0,56700.0,56500.0,56500.0,272967,1h,VCB,VCB.VN
2025-06-27 06:00:00+00:00,56900.0,57300.0,56500.0,56700.0,2366950,1h,VCB,VCB.VN
2025-06-27 07:00:00+00:00,56700.0,57000.0,56700.0,56900.0,776354,1h,VCB,VCB.VN
2025-06-30 02:00:00+00:00,57100.0,57200.0,56900.0,57000.0,0,1h,VCB,VCB.VN
2025-06-30 03:00:00+00:00,57100.0,57100.0,57000.0,57000.0,729177,1h,VCB,VCB.VN
2025-06-30 04:00:00+00:00,57000.0,57100.0,56900.0,57000.0,294944,1h,VCB,VCB.VN
2025-06-30 06:00:00+00:00,57100.0,57200.0,56900.0,57000.0,1762467,1h,VCB,VCB.VN
2025-06-30 07:00:00+00:00,57000.0,57100.0,57000.0,57000.0,0,1h,VCB,VCB.VN
2025-07-01 02:00:00+00:00,57900.0,57900.0,57100.0,57200.0,2560170,1h,VCB,VCB.VN
2025-07-01 03:00:00+00:00,58300.0,58800.0,57800.0,57800.0,4564443,1h,VCB,VCB.VN
2025-07-01 04:00:00+00:00,58200.0,58400.0,58000.0,58300.0,626316,1h,VCB,VCB.VN
2025-07-01 06:00:00+00:00,58200.0,58300.0,58000.0,58200.0,1488361,1h,VCB,VCB.VN
2025-07-01 07:00:00+00:00,58200.0,58300.0,58000.0,58200.0,0,1h,VCB,VCB.VN
2025-07-02 02:00:00+00:00,58000.0,58600.0,57900.0,58300.0,653946,1h,VCB,VCB.VN
2025-07-02 03:00:00+00:00,58000.0,58000.0,57700.0,58000.0,415180,1h,VCB,VCB.VN
2025-07-02 04:00:00+00:00,57900.0,58000.0,57800.0,58000.0,188595,1h,VCB,VCB.VN
2025-07-02 06:00:00+00:00,57900.0,58000.0,57800.0,57900.0,896190,1h,VCB,VCB.VN
2025-07-02 07:00:00+00:00,58000.0,58000.0,57700.0,57900.0,0,1h,VCB,VCB.VN
2025-07-03 02:00:00+00:00,58400.0,58500.0,58000.0,58100.0,1668057,1h,VCB,VCB.VN
2025-07-03 03:00:00+00:00,58700.0,58800.0,58300.0,58400.0,1792216,1h,VCB,VCB.VN
2025-07-03 04:00:00+00:00,58600.0,58700.0,58500.0,58700.0,513556,1h,VCB,VCB.VN
2025-07-03 06:00:00+00:00,58200.0,58700.0,58100.0,58700.0,2052909,1h,VCB,VCB.VN
2025-07-03 07:00:00+00:00,57900.0,58400.0,57700.0,58300.0,0,1h,VCB,VCB.VN
2025-07-04 02:00:00+00:00,57900.0,58400.0,57900.0,57900.0,646036,1h,VCB,VCB.VN
2025-07-04 03:00:00+00:00,57900.0,58100.0,57900.0,57900.0,509050,1h,VCB,VCB.VN
2025-07-04 04:00:00+00:00,57900.0,57900.0,57800.0,57900.0,508582,1h,VCB,VCB.VN
2025-07-04 06:00:00+00:00,58100.0,58100.0,57800.0,57800.0,1116910,1h,VCB,VCB.VN
2025-07-04 07:00:00+00:00,58400.0,58800.0,58000.0,58100.0,2193006,1h,VCB,VCB.VN
2025-07-07 02:00:00+00:00,58600.0,58900.0,58500.0,58500.0,0,1h,VCB,VCB.VN
2025-07-07 03:00:00+00:00,58300.0,58700.0,58200.0,58600.0,2052962,1h,VCB,VCB.VN
2025-07-07 04:00:00+00:00,58600.0,58700.0,58300.0,58400.0,1373521,1h,VCB,VCB.VN
2025-07-07 06:00:00+00:00,58300.0,58700.0,58300.0,58600.0,2308274,1h,VCB,VCB.VN
2025-07-07 07:00:00+00:00,58600.0,58600.0,58300.0,58400.0,0,1h,VCB,VCB.VN
2025-07-08 02:00:00+00:00,59200.0,59500.0,58800.0,58800.0,3292116,1h,VCB,VCB.VN
2025-07-08 03:00:00+00:00,59000.0,59300.0,58900.0,59200.0,2336740,1h,VCB,VCB.VN
2025-07-08 04:00:00+00:00,58700.0,59000.0,58700.0,58900.0,802330,1h,VCB,VCB.VN
2025-07-08 06:00:00+00:00,58800.0,58900.0,58600.0,58700.0,1620420,1h,VCB,VCB.VN
2025-07-08 07:00:00+00:00,59000.0,59100.0,58600.0,58800.0,0,1h,VCB,VCB.VN
2025-07-09 02:00:00+00:00,61500.0,61800.0,59400.0,59400.0,7179058,1h,VCB,VCB.VN
2025-07-09 03:00:00+00:00,61300.0,61600.0,60800.0,61500.0,3011933,1h,VCB,VCB.VN
2025-07-09 04:00:00+00:00,61500.0,61600.0,61300.0,61300.0,1047549,1h,VCB,VCB.VN
2025-07-09 06:00:00+00:00,60900.0,61800.0,60800.0,61500.0,3802276,1h,VCB,VCB.VN
2025-07-09 07:00:00+00:00,61500.0,61500.0,60800.0,60900.0,0,1h,VCB,VCB.VN
2025-07-10 02:00:00+00:00,61400.0,61800.0,61000.0,61800.0,2114701,1h,VCB,VCB.VN
2025-07-10 03:00:00+00:00,61800.0,61800.0,61300.0,61400.0,1669650,1h,VCB,VCB.VN
2025-07-10 04:00:00+00:00,61700.0,61800.0,61500.0,61800.0,956523,1h,VCB,VCB.VN
2025-07-10 06:00:00+00:00,61600.0,61700.0,61300.0,61700.0,2340627,1h,VCB,VCB.VN
2025-07-10 07:00:00+00:00,61400.0,61600.0,61400.0,61600.0,0,1h,VCB,VCB.VN
2025-07-11 02:00:00+00:00,62200.0,63100.0,61500.0,61500.0,3176104,1h,VCB,VCB.VN
2025-07-11 03:00:00+00:00,63000.0,63100.0,62200.0,62200.0,3237828,1h,VCB,VCB.VN
2025-07-11 04:00:00+00:00,63000.0,63000.0,62800.0,63000.0,1126104,1h,VCB,VCB.VN
2025-07-11 06:00:00+00:00,62700.0,63000.0,62500.0,63000.0,3246463,1h,VCB,VCB.VN
2025-07-11 07:00:00+00:00,62700.0,63000.0,62600.0,62800.0,2059802,1h,VCB,VCB.VN
2025-07-14 02:00:00+00:00,62000.0,62900.0,61000.0,62900.0,0,1h,VCB,VCB.VN
2025-07-14 03:00:00+00:00,62200.0,62300.0,61500.0,62100.0,2910445,1h,VCB,VCB.VN
2025-07-14 04:00:00+00:00,62100.0,62500.0,62000.0,62200.0,649394,1h,VCB,VCB.VN
2025-07-14 06:00:00+00:00,62500.0,62500.0,62000.0,62100.0,1298207,1h,VCB,VCB.VN
2025-07-14 07:00:00+00:00,62400.0,62700.0,62400.0,62400.0,0,1h,VCB,VCB.VN
2025-07-15 02:00:00+00:00,62300.0,62400.0,62100.0,62400.0,600188,1h,VCB,VCB.VN
2025-07-15 03:00:00+00:00,62400.0,62400.0,62200.0,62300.0,700296,1h,VCB,VCB.VN
2025-07-15 04:00:00+00:00,62300.0,62600.0,62300.0,62400.0,454859,1h,VCB,VCB.VN
2025-07-15 06:00:00+00:00,61700.0,62400.0,61700.0,62300.0,2783192,1h,VCB,VCB.VN
2025-07-15 07:00:00+00:00,61400.0,62000.0,61400.0,61700.0,0,1h,VCB,VCB.VN
2025-07-16 02:00:00+00:00,61300.0,61800.0,61300.0,61400.0,1350267,1h,VCB,VCB.VN
2025-07-16 03:00:00+00:00,61200.0,61400.0,61100.0,61300.0,31079560,1h,VCB,VCB.VN
2025-07-16 04:00:00+00:00,61300.0,61300.0,61100.0,61200.0,1440612,1h,VCB,VCB.VN
2025-07-16 06:00:00+00:00,61300.0,61600.0,61100.0,61200.0,26213772,1h,VCB,VCB.VN
2025-07-16 07:00:00+00:00,61800.0,62100.0,61200.0,61300.0,0,1h,VCB,VCB.VN
2025-07-17 02:00:00+00:00,61900.0,62400.0,61800.0,61800.0,2252156,1h,VCB,VCB.VN
2025-07-17 03:00:00+00:00,62300.0,62300.0,61800.0,61900.0,1558878,1h,VCB,VCB.VN
2025-07-17 04:00:00+00:00,62600.0,62700.0,62100.0,62300.0,1214654,1h,VCB,VCB.VN
2025-07-17 06:00:00+00:00,62300.0,62700.0,62100.0,62600.0,7135483,1h,VCB,VCB.VN
2025-07-17 07:00:00+00:00,62200.0,62500.0,62000.0,62300.0,0,1h,VCB,VCB.VN
2025-07-18 02:00:00+00:00,62300.0,62600.0,62200.0,62300.0,1023800,1h,VCB,VCB.VN
2025-07-18 03:00:00+00:00,62200.0,62400.0,62000.0,62300.0,1111682,1h,VCB,VCB.VN
2025-07-18 04:00:00+00:00,62000.0,62200.0,61900.0,62200.0,834430,1h,VCB,VCB.VN
2025-07-18 06:00:00+00:00,62000.0,62400.0,61800.0,62000.0,2893140,1h,VCB,VCB.VN
2025-07-18 07:00:00+00:00,61900.0,62100.0,61800.0,62000.0,1178322,1h,VCB,VCB.VN
2025-07-21 02:00:00+00:00,62400.0,62700.0,62000.0,62200.0,0,1h,VCB,VCB.VN
2025-07-21 03:00:00+00:00,61800.0,62500.0,61800.0,62300.0,1634547,1h,VCB,VCB.VN
2025-07-21 04:00:00+00:00,61800.0,62000.0,61700.0,61900.0,443546,1h,VCB,VCB.VN
2025-07-21 06:00:00+00:00,61800.0,62000.0,61600.0,61700.0,1492343,1h,VCB,VCB.VN
2025-07-21 07:00:00+00:00,61300.0,61900.0,61300.0,61800.0,1901090,1h,VCB,VCB.VN
2025-07-22 02:00:00+00:00,61400.0,61800.0,60900.0,61300.0,0,1h,VCB,VCB.VN
2025-07-22 03:00:00+00:00,62000.0,62200.0,61300.0,61300.0,1234258,1h,VCB,VCB.VN
2025-07-22 04:00:00+00:00,61800.0,62200.0,61800.0,62000.0,252966,1h,VCB,VCB.VN
2025-07-22 06:00:00+00:00,61900.0,62000.0,61400.0,61800.0,1229162,1h,VCB,VCB.VN
2025-07-22 07:00:00+00:00,62200.0,62200.0,61900.0,62000.0,0,1h,VCB,VCB.VN
2025-07-23 02:00:00+00:00,62100.0,62600.0,61900.0,62500.0,1024241,1h,VCB,VCB.VN
2025-07-23 03:00:00+00:00,62200.0,62500.0,62100.0,62100.0,1597879,1h,VCB,VCB.VN
2025-07-23 04:00:00+00:00,62100.0,62300.0,62000.0,62200.0,539159,1h,VCB,VCB.VN
2025-07-23 06:00:00+00:00,62000.0,62200.0,61800.0,62100.0,1147580,1h,VCB,VCB.VN
2025-07-23 07:00:00+00:00,62100.0,62300.0,61900.0,62000.0,0,1h,VCB,VCB.VN
2025-07-24 02:00:00+00:00,63200.0,63500.0,62200.0,62200.0,3991868,1h,VCB,VCB.VN
2025-07-24 03:00:00+00:00,62300.0,63200.0,62300.0,63200.0,1669542,1h,VCB,VCB.VN
2025-07-24 04:00:00+00:00,62400.0,62500.0,62200.0,62400.0,408950,1h,VCB,VCB.VN
2025-07-24 06:00:00+00:00,62100.0,62500.0,61900.0,62400.0,1726383,1h,VCB,VCB.VN
2025-07-24 07:00:00+00:00,62100.0,62300.0,62100.0,62200.0,0,1h,VCB,VCB.VN
2025-07-25 02:00:00+00:00,62100.0,62500.0,62100.0,62100.0,625062,1h,VCB,VCB.VN
2025-07-25 03:00:00+00:00,62000.0,62200.0,61900.0,62100.0,1221936,1h,VCB,VCB.VN
2025-07-25 04:00:00+00:00,62000.0,62100.0,61900.0,62000.0,318219,1h,VCB,VCB.VN
2025-07-25 06:00:00+00:00,62000.0,62200.0,61900.0,62000.0,1764283,1h,VCB,VCB.VN
2025-07-25 07:00:00+00:00,62000.0,62300.0,62000.0,62000.0,1181783,1h,VCB,VCB.VN
2025-07-28 02:00:00+00:00,62300.0,62600.0,62100.0,62200.0,0,1h,VCB,VCB.VN
2025-07-28 03:00:00+00:00,62600.0,62800.0,62300.0,62400.0,2062636,1h,VCB,VCB.VN
2025-07-28 04:00:00+00:00,62700.0,63000.0,62600.0,62600.0,1485548,1h,VCB,VCB.VN
2025-07-28 06:00:00+00:00,62400.0,62800.0,62400.0,62700.0,3864938,1h,VCB,VCB.VN
2025-07-28 07:00:00+00:00,62800.0,63000.0,62400.0,62500.0,0,1h,VCB,VCB.VN
2025-07-29 02:00:00+00:00,62400.0,63200.0,62300.0,63200.0,1670093,1h,VCB,VCB.VN
2025-07-29 03:00:00+00:00,62200.0,62600.0,61600.0,62500.0,2297377,1h,VCB,VCB.VN
2025-07-29 04:00:00+00:00,61900.0,62300.0,61800.0,62200.0,666707,1h,VCB,VCB.VN
2025-07-29 06:00:00+00:00,61900.0,62100.0,61700.0,61900.0,2371983,1h,VCB,VCB.VN
2025-07-29 07:00:00+00:00,61000.0,61900.0,61000.0,61900.0,0,1h,VCB,VCB.VN
2025-07-30 02:00:00+00:00,61200.0,61600.0,60900.0,61000.0,1922155,1h,VCB,VCB.VN
2025-07-30 03:00:00+00:00,61300.0,61300.0,61200.0,61300.0,738724,1h,VCB,VCB.VN
2025-07-30 04:00:00+00:00,60900.0,61300.0,60800.0,61200.0,763921,1h,VCB,VCB.VN
2025-07-30 06:00:00+00:00,60800.0,60900.0,60400.0,60900.0,1985538,1h,VCB,VCB.VN
2025-07-30 07:00:00+00:00,60900.0,61900.0,60700.0,60700.0,0,1h,VCB,VCB.VN
2025-07-31 02:00:00+00:00,61000.0,61700.0,60600.0,61500.0,994911,1h,VCB,VCB.VN
2025-07-31 03:00:00+00:00,60500.0,61100.0,60500.0,61100.0,970791,1h,VCB,VCB.VN
2025-07-31 04:00:00+00:00,60400.0,60700.0,60300.0,60600.0,829636,1h,VCB,VCB.VN
2025-07-31 06:00:00+00:00,60400.0,60700.0,60300.0,60500.0,1675533,1h,VCB,VCB.VN
2025-07-31 07:00:00+00:00,60200.0,60500.0,60100.0,60400.0,0,1h,VCB,VCB.VN
2025-08-01 02:00:00+00:00,60500.0,60600.0,60200.0,60300.0,665872,1h,VCB,VCB.VN
2025-08-01 03:00:00+00:00,60200.0,60500.0,60100.0,60400.0,734664,1h,VCB,VCB.VN
2025-08-01 04:00:00+00:00,60000.0,60300.0,60000.0,60200.0,576329,1h,VCB,VCB.VN
2025-08-01 06:00:00+00:00,59800.0,60200.0,59800.0,60000.0,1697916,1h,VCB,VCB.VN
2025-08-01 07:00:00+00:00,60200.0,60200.0,59700.0,59900.0,1256661,1h,VCB,VCB.VN
2025-08-04 02:00:00+00:00,60400.0,60800.0,60000.0,60100.0,0,1h,VCB,VCB.VN
2025-08-04 03:00:00+00:00,60700.0,60800.0,60400.0,60400.0,760199,1h,VCB,VCB.VN
2025-08-04 04:00:00+00:00,60500.0,60700.0,60500.0,60700.0,198523,1h,VCB,VCB.VN
2025-08-04 06:00:00+00:00,61000.0,61300.0,60500.0,60600.0,1756912,1h,VCB,VCB.VN
2025-08-04 07:00:00+00:00,61100.0,61400.0,60900.0,60900.0,0,1h,VCB,VCB.VN
2025-08-05 02:00:00+00:00,61500.0,61800.0,61200.0,61500.0,1927486,1h,VCB,VCB.VN
2025-08-05 03:00:00+00:00,62200.0,62400.0,61500.0,61500.0,3006701,1h,VCB,VCB.VN
2025-08-05 04:00:00+00:00,62100.0,62300.0,62000.0,62200.0,1563689,1h,VCB,VCB.VN
2025-08-05 06:00:00+00:00,63500.0,63700.0,61900.0,62100.0,8104582,1h,VCB,VCB.VN
2025-08-05 07:00:00+00:00,61500.0,63600.0,61200.0,63600.0,0,1h,VCB,VCB.VN
2025-08-06 02:00:00+00:00,62400.0,62800.0,61900.0,62100.0,986549,1h,VCB,VCB.VN
2025-08-06 03:00:00+00:00,62200.0,62500.0,61900.0,62500.0,620447,1h,VCB,VCB.VN
2025-08-06 04:00:00+00:00,62300.0,62400.0,62100.0,62200.0,372834,1h,VCB,VCB.VN
2025-08-06 06:00:00+00:00,62300.0,62600.0,62100.0,62300.0,1893721,1h,VCB,VCB.VN
2025-08-06 07:00:00+00:00,62300.0,62400.0,62100.0,62300.0,0,1h,VCB,VCB.VN
2025-08-07 02:00:00+00:00,62300.0,62900.0,62300.0,62900.0,1254064,1h,VCB,VCB.VN
2025-08-07 03:00:00+00:00,62000.0,62400.0,62000.0,62400.0,1127866,1h,VCB,VCB.VN
2025-08-07 04:00:00+00:00,61800.0,62000.0,61800.0,62000.0,720132,1h,VCB,VCB.VN
2025-08-07 06:00:00+00:00,61500.0,62000.0,61300.0,61900.0,4564087,1h,VCB,VCB.VN
2025-08-07 07:00:00+00:00,61700.0,62100.0,61400.0,61500.0,0,1h,VCB,VCB.VN
2025-08-08 02:00:00+00:00,62300.0,62500.0,61900.0,62200.0,1851581,1h,VCB,VCB.VN
2025-08-08 03:00:00+00:00,62100.0,63300.0,62100.0,62200.0,4488949,1h,VCB,VCB.VN
2025-08-08 04:00:00+00:00,61800.0,62300.0,61700.0,62100.0,787508,1h,VCB,VCB.VN
2025-08-08 06:00:00+00:00,61900.0,62300.0,61600.0,61800.0,2265828,1h,VCB,VCB.VN
2025-08-08 07:00:00+00:00,61900.0,62100.0,61800.0,61900.0,1401321,1h,VCB,VCB.VN
2025-08-11 02:00:00+00:00,62600.0,62600.0,62100.0,62100.0,0,1h,VCB,VCB.VN
2025-08-11 03:00:00+00:00,62700.0,63200.0,62300.0,62500.0,2021762,1h,VCB,VCB.VN
2025-08-11 04:00:00+00:00,62700.0,62800.0,62500.0,62700.0,420158,1h,VCB,VCB.VN
2025-08-11 06:00:00+00:00,62300.0,62800.0,62300.0,62700.0,2148654,1h,VCB,VCB.VN
2025-08-11 07:00:00+00:00,62500.0,62600.0,62300.0,62300.0,0,1h,VCB,VCB.VN
2025-08-12 02:00:00+00:00,63900.0,64800.0,62700.0,62800.0,5978029,1h,VCB,VCB.VN
2025-08-12 03:00:00+00:00,63700.0,63900.0,63500.0,63900.0,1485989,1h,VCB,VCB.VN
2025-08-12 04:00:00+00:00,63100.0,63800.0,63100.0,63600.0,688630,1h,VCB,VCB.VN
2025-08-12 06:00:00+00:00,63100.0,63500.0,62800.0,63100.0,2970671,1h,VCB,VCB.VN
2025-08-12 07:00:00+00:00,63000.0,63200.0,63000.0,63000.0,0,1h,VCB,VCB.VN
2025-08-13 02:00:00+00:00,62800.0,63600.0,62800.0,63500.0,1505977,1h,VCB,VCB.VN
2025-08-13 03:00:00+00:00,62600.0,62900.0,62500.0,62800.0,1695339,1h,VCB,VCB.VN
2025-08-13 04:00:00+00:00,62300.0,62600.0,62300.0,62600.0,1206813,1h,VCB,VCB.VN
2025-08-13 06:00:00+00:00,62400.0,62600.0,62000.0,62300.0,2000616,1h,VCB,VCB.VN
2025-08-13 07:00:00+00:00,62500.0,62700.0,62300.0,62300.0,0,1h,VCB,VCB.VN
2025-08-14 02:00:00+00:00,63400.0,64400.0,63300.0,63700.0,3400109,1h,VCB,VCB.VN
2025-08-14 03:00:00+00:00,64400.0,64800.0,63400.0,63500.0,5278117,1h,VCB,VCB.VN
2025-08-14 04:00:00+00:00,64200.0,64400.0,64000.0,64400.0,699930,1h,VCB,VCB.VN
2025-08-14 06:00:00+00:00,65100.0,66300.0,63900.0,64100.0,8550126,1h,VCB,VCB.VN
2025-08-14 07:00:00+00:00,65200.0,65300.0,65000.0,65100.0,0,1h,VCB,VCB.VN
2025-08-15 02:00:00+00:00,66300.0,67500.0,65600.0,67400.0,5528860,1h,VCB,VCB.VN
2025-08-15 03:00:00+00:00,65900.0,66400.0,65800.0,66300.0,1407233,1h,VCB,VCB.VN
2025-08-15 04:00:00+00:00,65900.0,66000.0,65600.0,65900.0,1082545,1h,VCB,VCB.VN
2025-08-15 06:00:00+00:00,66400.0,66500.0,65500.0,65800.0,3293281,1h,VCB,VCB.VN
2025-08-15 07:00:00+00:00,64300.0,66500.0,64200.0,66500.0,5436689,1h,VCB,VCB.VN
2025-08-18 02:00:00+00:00,64200.0,65100.0,64000.0,64800.0,0,1h,VCB,VCB.VN
2025-08-18 03:00:00+00:00,65100.0,65600.0,64000.0,64200.0,1544893,1h,VCB,VCB.VN
2025-08-18 04:00:00+00:00,65000.0,65200.0,64900.0,65100.0,615651,1h,VCB,VCB.VN
2025-08-18 06:00:00+00:00,64900.0,65200.0,64400.0,65100.0,2734737,1h,VCB,VCB.VN
2025-08-18 07:00:00+00:00,64500.0,65100.0,64500.0,64800.0,0,1h,VCB,VCB.VN
2025-08-19 02:00:00+00:00,65000.0,65400.0,64300.0,64500.0,1795037,1h,VCB,VCB.VN
2025-08-19 03:00:00+00:00,64400.0,65100.0,64300.0,65000.0,1499124,1h,VCB,VCB.VN
2025-08-19 04:00:00+00:00,64500.0,64600.0,64400.0,64500.0,643468,1h,VCB,VCB.VN
2025-08-19 06:00:00+00:00,64400.0,64500.0,64200.0,64500.0,2946147,1h,VCB,VCB.VN
2025-08-19 07:00:00+00:00,64200.0,65000.0,64200.0,64400.0,0,1h,VCB,VCB.VN
2025-08-20 02:00:00+00:00,64400.0,64600.0,63500.0,64500.0,2355542,1h,VCB,VCB.VN
2025-08-20 03:00:00+00:00,63000.0,64400.0,62200.0,64300.0,3775393,1h,VCB,VCB.VN
2025-08-20 04:00:00+00:00,62800.0,63300.0,62500.0,63000.0,946708,1h,VCB,VCB.VN
2025-08-20 06:00:00+00:00,63400.0,63900.0,62600.0,62800.0,2422860,1h,VCB,VCB.VN
2025-08-20 07:00:00+00:00,63000.0,63600.0,63000.0,63300.0,0,1h,VCB,VCB.VN
2025-08-21 02:00:00+00:00,64500.0,64900.0,63300.0,63300.0,2332487,1h,VCB,VCB.VN
2025-08-21 03:00:00+00:00,64500.0,65000.0,64300.0,64600.0,2173050,1h,VCB,VCB.VN
2025-08-21 04:00:00+00:00,64300.0,64600.0,64200.0,64500.0,498358,1h,VCB,VCB.VN
2025-08-21 06:00:00+00:00,64100.0,64600.0,64000.0,64300.0,2550722,1h,VCB,VCB.VN
2025-08-21 07:00:00+00:00,64200.0,64700.0,64000.0,64000.0,0,1h,VCB,VCB.VN
2025-08-22 02:00:00+00:00,66200.0,67200.0,63700.0,64000.0,8400750,1h,VCB,VCB.VN
2025-08-22 03:00:00+00:00,65500.0,66900.0,65200.0,66200.0,2791098,1h,VCB,VCB.VN
2025-08-22 04:00:00+00:00,65400.0,66200.0,64900.0,65300.0,1191348,1h,VCB,VCB.VN
2025-08-22 06:00:00+00:00,65300.0,66100.0,64500.0,65300.0,4095494,1h,VCB,VCB.VN
2025-08-22 07:00:00+00:00,64600.0,66100.0,64600.0,65200.0,2697761,1h,VCB,VCB.VN
2025-08-25 02:00:00+00:00,64800.0,65800.0,64600.0,65800.0,0,1h,VCB,VCB.VN
2025-08-25 03:00:00+00:00,64200.0,65300.0,64100.0,64800.0,1206753,1h,VCB,VCB.VN
2025-08-25 04:00:00+00:00,64200.0,64400.0,64100.0,64200.0,470671,1h,VCB,VCB.VN
2025-08-25 06:00:00+00:00,63800.0,64200.0,63400.0,64200.0,2418899,1h,VCB,VCB.VN
2025-08-25 07:00:00+00:00,63600.0,63900.0,63400.0,63700.0,0,1h,VCB,VCB.VN
2025-08-26 02:00:00+00:00,63500.0,63800.0,63000.0,63600.0,797469,1h,VCB,VCB.VN
2025-08-26 03:00:00+00:00,63400.0,63700.0,63300.0,63500.0,1021327,1h,VCB,VCB.VN
2025-08-26 04:00:00+00:00,63200.0,63500.0,63200.0,63400.0,403073,1h,VCB,VCB.VN
2025-08-26 06:00:00+00:00,63600.0,63700.0,62900.0,63200.0,3739441,1h,VCB,VCB.VN
2025-08-26 07:00:00+00:00,64600.0,65000.0,63600.0,63600.0,0,1h,VCB,VCB.VN
2025-08-27 02:00:00+00:00,69100.0,69100.0,65000.0,65000.0,16488932,1h,VCB,VCB.VN
2025-08-27 03:00:00+00:00,69100.0,69100.0,68900.0,69100.0,11639398,1h,VCB,VCB.VN
2025-08-27 04:00:00+00:00,69100.0,69100.0,69100.0,69100.0,280804,1h,VCB,VCB.VN
2025-08-27 06:00:00+00:00,69100.0,69100.0,69100.0,69100.0,4006238,1h,VCB,VCB.VN
2025-08-27 07:00:00+00:00,69100.0,69100.0,69100.0,69100.0,0,1h,VCB,VCB.VN
2025-08-28 02:00:00+00:00,69500.0,70600.0,69300.0,69500.0,3306839,1h,VCB,VCB.VN
2025-08-28 03:00:00+00:00,69100.0,69600.0,68700.0,69600.0,1400943,1h,VCB,VCB.VN
2025-08-28 04:00:00+00:00,69000.0,69200.0,68800.0,69000.0,483810,1h,VCB,VCB.VN
2025-08-28 06:00:00+00:00,69200.0,69500.0,68800.0,69000.0,2666280,1h,VCB,VCB.VN
2025-08-28 07:00:00+00:00,69000.0,69400.0,69000.0,69200.0,0,1h,VCB,VCB.VN
2025-08-29 02:00:00+00:00,69400.0,69700.0,68800.0,69200.0,1217997,1h,VCB,VCB.VN
2025-08-29 03:00:00+00:00,69800.0,70100.0,69400.0,69400.0,3047947,1h,VCB,VCB.VN
2025-08-29 04:00:00+00:00,69600.0,69900.0,69600.0,69800.0,591888,1h,VCB,VCB.VN
2025-08-29 06:00:00+00:00,68800.0,69800.0,68500.0,69600.0,5875432,1h,VCB,VCB.VN
2025-08-29 07:00:00+00:00,68600.0,69600.0,68600.0,68800.0,3973649,1h,VCB,VCB.VN
2025-09-03 02:00:00+00:00,68100.0,68800.0,67800.0,68800.0,0,1h,VCB,VCB.VN
2025-09-03 03:00:00+00:00,67900.0,68400.0,67600.0,68200.0,3060240,1h,VCB,VCB.VN
2025-09-03 04:00:00+00:00,67800.0,67900.0,67600.0,67900.0,676442,1h,VCB,VCB.VN
2025-09-03 06:00:00+00:00,67500.0,68100.0,67400.0,67800.0,3723369,1h,VCB,VCB.VN
2025-09-03 07:00:00+00:00,67000.0,68100.0,67000.0,67500.0,0,1h,VCB,VCB.VN
2025-09-04 02:00:00+00:00,67000.0,67500.0,66900.0,67500.0,1651202,1h,VCB,VCB.VN
2025-09-04 03:00:00+00:00,67200.0,67900.0,67000.0,67100.0,1460717,1h,VCB,VCB.VN
2025-09-04 04:00:00+00:00,67400.0,67600.0,67200.0,67200.0,457103,1h,VCB,VCB.VN
2025-09-04 06:00:00+00:00,68400.0,68900.0,67300.0,67400.0,3466501,1h,VCB,VCB.VN
2025-09-04 07:00:00+00:00,68900.0,69000.0,68100.0,68400.0,0,1h,VCB,VCB.VN
2025-09-05 02:00:00+00:00,69100.0,69600.0,68700.0,69500.0,1742095,1h,VCB,VCB.VN
2025-09-05 03:00:00+00:00,69200.0,69400.0,68900.0,69100.0,1642642,1h,VCB,VCB.VN
2025-09-05 04:00:00+00:00,69300.0,69400.0,69000.0,69000.0,822629,1h,VCB,VCB.VN
2025-09-05 06:00:00+00:00,68800.0,69300.0,68600.0,69300.0,2927312,1h,VCB,VCB.VN
2025-09-05 07:00:00+00:00,67500.0,68900.0,67500.0,68800.0,4124896,1h,VCB,VCB.VN
2025-09-08 02:00:00+00:00,67200.0,67500.0,66700.0,67100.0,0,1h,VCB,VCB.VN
2025-09-08 03:00:00+00:00,66300.0,67200.0,65900.0,67200.0,2672577,1h,VCB,VCB.VN
2025-09-08 04:00:00+00:00,65800.0,66400.0,65600.0,66300.0,919137,1h,VCB,VCB.VN
2025-09-08 06:00:00+00:00,66100.0,66300.0,65400.0,65800.0,2220687,1h,VCB,VCB.VN
2025-09-08 07:00:00+00:00,65300.0,67100.0,65300.0,66200.0,0,1h,VCB,VCB.VN
2025-09-09 02:00:00+00:00,65600.0,66200.0,65300.0,65500.0,1061248,1h,VCB,VCB.VN
2025-09-09 03:00:00+00:00,64700.0,65700.0,64500.0,65600.0,1124850,1h,VCB,VCB.VN
2025-09-09 04:00:00+00:00,64900.0,65200.0,64600.0,64700.0,819191,1h,VCB,VCB.VN
2025-09-09 06:00:00+00:00,64800.0,65200.0,64800.0,64900.0,1876598,1h,VCB,VCB.VN
2025-09-09 07:00:00+00:00,64900.0,65100.0,64500.0,64800.0,0,1h,VCB,VCB.VN
2025-09-10 02:00:00+00:00,65900.0,66000.0,65300.0,65600.0,913731,1h,VCB,VCB.VN
2025-09-10 03:00:00+00:00,64800.0,65900.0,64800.0,65900.0,1101117,1h,VCB,VCB.VN
2025-09-10 04:00:00+00:00,64900.0,65000.0,64800.0,64900.0,234110,1h,VCB,VCB.VN
2025-09-10 06:00:00+00:00,65300.0,65500.0,64800.0,65000.0,1657886,1h,VCB,VCB.VN
2025-09-10 07:00:00+00:00,65800.0,65800.0,65100.0,65300.0,0,1h,VCB,VCB.VN
2025-09-11 02:00:00+00:00,64600.0,65800.0,64200.0,65600.0,1990966,1h,VCB,VCB.VN
2025-09-11 03:00:00+00:00,64600.0,64900.0,64400.0,64600.0,1626908,1h,VCB,VCB.VN
2025-09-11 04:00:00+00:00,65000.0,65100.0,64500.0,64600.0,333451,1h,VCB,VCB.VN
2025-09-11 06:00:00+00:00,65500.0,65600.0,64500.0,65000.0,1506065,1h,VCB,VCB.VN
2025-09-11 07:00:00+00:00,65700.0,66000.0,65300.0,65400.0,0,1h,VCB,VCB.VN
2025-09-12 02:00:00+00:00,65400.0,66200.0,65300.0,66200.0,1231615,1h,VCB,VCB.VN
2025-09-12 03:00:00+00:00,65700.0,65700.0,65000.0,65400.0,1410096,1h,VCB,VCB.VN
2025-09-12 04:00:00+00:00,65700.0,65800.0,65600.0,65700.0,419208,1h,VCB,VCB.VN
2025-09-12 06:00:00+00:00,65900.0,65900.0,65400.0,65700.0,1371445,1h,VCB,VCB.VN
2025-09-12 07:00:00+00:00,65800.0,65900.0,65600.0,65900.0,1267560,1h,VCB,VCB.VN
2025-09-15 02:00:00+00:00,65700.0,66000.0,65500.0,66000.0,0,1h,VCB,VCB.VN
2025-09-15 03:00:00+00:00,65600.0,65800.0,65500.0,65600.0,3944833,1h,VCB,VCB.VN
2025-09-15 04:00:00+00:00,65700.0,65900.0,65500.0,65700.0,592309,1h,VCB,VCB.VN
2025-09-15 06:00:00+00:00,65700.0,65800.0,65500.0,65700.0,1638979,1h,VCB,VCB.VN
2025-09-15 07:00:00+00:00,65800.0,66000.0,65600.0,65700.0,0,1h,VCB,VCB.VN
2025-09-16 02:00:00+00:00,66100.0,66600.0,66000.0,66000.0,2130629,1h,VCB,VCB.VN
2025-09-16 03:00:00+00:00,66400.0,66400.0,65900.0,66200.0,1003205,1h,VCB,VCB.VN
2025-09-16 04:00:00+00:00,66100.0,66400.0,66100.0,66300.0,483617,1h,VCB,VCB.VN
2025-09-16 06:00:00+00:00,65900.0,66300.0,65900.0,66100.0,1384718,1h,VCB,VCB.VN
2025-09-16 07:00:00+00:00,65600.0,66000.0,65600.0,65900.0,0,1h,VCB,VCB.VN
2025-09-17 02:00:00+00:00,65400.0,65800.0,65300.0,65500.0,845700,1h,VCB,VCB.VN
2025-09-17 03:00:00+00:00,65200.0,65500.0,65200.0,65400.0,950304,1h,VCB,VCB.VN
2025-09-17 04:00:00+00:00,65300.0,65300.0,65200.0,65300.0,221710,1h,VCB,VCB.VN
2025-09-17 06:00:00+00:00,65200.0,65400.0,65000.0,65300.0,1456763,1h,VCB,VCB.VN
2025-09-17 07:00:00+00:00,64800.0,65200.0,64800.0,65100.0,0,1h,VCB,VCB.VN
2025-09-18 02:00:00+00:00,64400.0,64900.0,64300.0,64900.0,1188184,1h,VCB,VCB.VN
2025-09-18 03:00:00+00:00,64000.0,64500.0,63800.0,64400.0,3310297,1h,VCB,VCB.VN
2025-09-18 04:00:00+00:00,64000.0,64100.0,63900.0,64000.0,659258,1h,VCB,VCB.VN
2025-09-18 06:00:00+00:00,64000.0,64100.0,63600.0,64000.0,2150191,1h,VCB,VCB.VN
2025-09-18 07:00:00+00:00,63900.0,64100.0,63800.0,64000.0,0,1h,VCB,VCB.VN
2025-09-19 02:00:00+00:00,63700.0,64500.0,63600.0,64200.0,675285,1h,VCB,VCB.VN
2025-09-19 03:00:00+00:00,63400.0,63800.0,63400.0,63600.0,970017,1h,VCB,VCB.VN
2025-09-19 04:00:00+00:00,63200.0,63500.0,63200.0,63400.0,1041396,1h,VCB,VCB.VN
2025-09-19 06:00:00+00:00,63300.0,63400.0,63200.0,63300.0,1607238,1h,VCB,VCB.VN
2025-09-19 07:00:00+00:00,63000.0,63400.0,63000.0,63300.0,2854230,1h,VCB,VCB.VN
2025-09-22 02:00:00+00:00,62700.0,63200.0,62600.0,63000.0,0,1h,VCB,VCB.VN
2025-09-22 03:00:00+00:00,62500.0,62900.0,62400.0,62700.0,1308102,1h,VCB,VCB.VN
2025-09-22 04:00:00+00:00,62400.0,62600.0,62300.0,62500.0,612739,1h,VCB,VCB.VN
2025-09-22 06:00:00+00:00,62000.0,62600.0,61800.0,62400.0,2306781,1h,VCB,VCB.VN
2025-09-22 07:00:00+00:00,62000.0,62400.0,61900.0,62000.0,0,1h,VCB,VCB.VN
2025-09-23 02:00:00+00:00,62800.0,63100.0,62300.0,62400.0,983090,1h,VCB,VCB.VN
2025-09-23 03:00:00+00:00,62600.0,62800.0,62500.0,62800.0,510881,1h,VCB,VCB.VN
2025-09-23 04:00:00+00:00,62700.0,62800.0,62500.0,62600.0,259762,1h,VCB,VCB.VN
2025-09-23 06:00:00+00:00,62600.0,62900.0,62300.0,62800.0,1159815,1h,VCB,VCB.VN
2025-09-23 07:00:00+00:00,62200.0,62700.0,62200.0,62500.0,0,1h,VCB,VCB.VN
2025-09-24 02:00:00+00:00,62100.0,62400.0,62000.0,62400.0,668675,1h,VCB,VCB.VN
2025-09-24 03:00:00+00:00,62100.0,62300.0,62000.0,62100.0,622758,1h,VCB,VCB.VN
2025-09-24 04:00:00+00:00,61900.0,62100.0,61800.0,62000.0,439331,1h,VCB,VCB.VN
2025-09-24 06:00:00+00:00,61900.0,62200.0,61800.0,61900.0,1105634,1h,VCB,VCB.VN
2025-09-24 07:00:00+00:00,62700.0,62700.0,61900.0,62000.0,0,1h,VCB,VCB.VN
2025-09-25 02:00:00+00:00,63000.0,63400.0,62900.0,63300.0,908721,1h,VCB,VCB.VN
2025-09-25 03:00:00+00:00,62900.0,63000.0,62700.0,62900.0,694538,1h,VCB,VCB.VN
2025-09-25 04:00:00+00:00,63000.0,63100.0,62700.0,62900.0,358787,1h,VCB,VCB.VN
2025-09-25 06:00:00+00:00,63100.0,63400.0,62900.0,63000.0,1469832,1h,VCB,VCB.VN
2025-09-25 07:00:00+00:00,63000.0,63200.0,63000.0,63000.0,0,1h,VCB,VCB.VN
2025-09-26 02:00:00+00:00,63000.0,63400.0,63000.0,63200.0,608274,1h,VCB,VCB.VN
2025-09-26 03:00:00+00:00,63100.0,63300.0,63000.0,63000.0,547133,1h,VCB,VCB.VN
2025-09-26 04:00:00+00:00,63000.0,63200.0,62900.0,63100.0,319475,1h,VCB,VCB.VN
2025-09-26 06:00:00+00:00,63200.0,63200.0,62900.0,63000.0,1083380,1h,VCB,VCB.VN
2025-09-26 07:00:00+00:00,63000.0,63200.0,63000.0,63200.0,1469013,1h,VCB,VCB.VN
2025-09-29 02:00:00+00:00,62600.0,62900.0,62600.0,62900.0,0,1h,VCB,VCB.VN
2025-09-29 03:00:00+00:00,62700.0,62700.0,62400.0,62600.0,565850,1h,VCB,VCB.VN
2025-09-29 04:00:00+00:00,62500.0,62800.0,62500.0,62600.0,245537,1h,VCB,VCB.VN
2025-09-29 06:00:00+00:00,62600.0,62800.0,62500.0,62600.0,758905,1h,VCB,VCB.VN
2025-09-29 07:00:00+00:00,62600.0,62600.0,62400.0,62500.0,0,1h,VCB,VCB.VN
2025-09-30 02:00:00+00:00,62600.0,62900.0,62500.0,62800.0,503235,1h,VCB,VCB.VN
2025-09-30 03:00:00+00:00,62100.0,62700.0,61900.0,62600.0,894968,1h,VCB,VCB.VN
2025-09-30 04:00:00+00:00,61900.0,62200.0,61900.0,62100.0,587743,1h,VCB,VCB.VN
2025-09-30 06:00:00+00:00,62000.0,62300.0,61800.0,62000.0,1207809,1h,VCB,VCB.VN
2025-09-30 07:00:00+00:00,62000.0,62500.0,62000.0,62000.0,0,1h,VCB,VCB.VN
2025-10-01 02:00:00+00:00,62300.0,62700.0,62000.0,62700.0,635426,1h,VCB,VCB.VN
2025-10-01 03:00:00+00:00,62400.0,62500.0,62100.0,62400.0,721694,1h,VCB,VCB.VN
2025-10-01 04:00:00+00:00,62400.0,62500.0,62300.0,62300.0,218426,1h,VCB,VCB.VN
2025-10-01 06:00:00+00:00,62400.0,62500.0,62200.0,62400.0,919520,1h,VCB,VCB.VN
2025-10-01 07:00:00+00:00,62400.0,62500.0,62300.0,62300.0,0,1h,VCB,VCB.VN
2025-10-02 02:00:00+00:00,63000.0,63100.0,62400.0,62400.0,1189670,1h,VCB,VCB.VN
2025-10-02 03:00:00+00:00,62700.0,63100.0,62600.0,63000.0,529264,1h,VCB,VCB.VN
2025-10-02 04:00:00+00:00,62500.0,62700.0,62500.0,62700.0,218405,1h,VCB,VCB.VN
2025-10-02 06:00:00+00:00,62700.0,62700.0,62400.0,62600.0,722442,1h,VCB,VCB.VN
2025-10-02 07:00:00+00:00,62100.0,62600.0,62100.0,62600.0,0,1h,VCB,VCB.VN
2025-10-03 02:00:00+00:00,61800.0,62000.0,61600.0,62000.0,408540,1h,VCB,VCB.VN
2025-10-03 03:00:00+00:00,61500.0,61900.0,61400.0,61800.0,594603,1h,VCB,VCB.VN
2025-10-03 04:00:00+00:00,61900.0,61900.0,61500.0,61500.0,273022,1h,VCB,VCB.VN
2025-10-03 06:00:00+00:00,62000.0,62000.0,61600.0,61900.0,1081242,1h,VCB,VCB.VN
2025-10-03 07:00:00+00:00,61700.0,62000.0,61700.0,62000.0,714342,1h,VCB,VCB.VN
2025-10-06 02:00:00+00:00,63300.0,63900.0,62800.0,62800.0,94976,1h,VCB,VCB.VN
2025-10-06 03:00:00+00:00,63400.0,63800.0,63300.0,63300.0,1618411,1h,VCB,VCB.VN
2025-10-06 04:00:00+00:00,63500.0,63700.0,63400.0,63400.0,495195,1h,VCB,VCB.VN
2025-10-06 06:00:00+00:00,63400.0,63700.0,63400.0,63600.0,953477,1h,VCB,VCB.VN
2025-10-06 07:00:00+00:00,64000.0,64000.0,63400.0,63400.0,0,1h,VCB,VCB.VN
2025-10-07 02:00:00+00:00,63400.0,64100.0,63300.0,64100.0,605854,1h,VCB,VCB.VN
2025-10-07 03:00:00+00:00,63700.0,64000.0,63400.0,63400.0,754785,1h,VCB,VCB.VN
2025-10-07 04:00:00+00:00,63900.0,63900.0,63700.0,63700.0,383034,1h,VCB,VCB.VN
2025-10-07 06:00:00+00:00,63800.0,63900.0,63500.0,63900.0,1177938,1h,VCB,VCB.VN
2025-10-07 07:00:00+00:00,63700.0,64000.0,63700.0,63800.0,0,1h,VCB,VCB.VN
2025-10-08 02:00:00+00:00,64000.0,64200.0,63700.0,64200.0,1858509,1h,VCB,VCB.VN
2025-10-08 03:00:00+00:00,63900.0,64000.0,63700.0,64000.0,1182323,1h,VCB,VCB.VN
2025-10-08 04:00:00+00:00,63800.0,63900.0,63600.0,63900.0,499721,1h,VCB,VCB.VN
2025-10-08 06:00:00+00:00,64400.0,64400.0,63700.0,63700.0,2724564,1h,VCB,VCB.VN
2025-10-08 07:00:00+00:00,64600.0,64900.0,64200.0,64400.0,0,1h,VCB,VCB.VN
2025-10-09 02:00:00+00:00,64500.0,64700.0,64100.0,64500.0,1109959,1h,VCB,VCB.VN
2025-10-09 03:00:00+00:00,64200.0,65200.0,64100.0,64500.0,1376794,1h,VCB,VCB.VN
2025-10-09 04:00:00+00:00,64100.0,64300.0,63900.0,64200.0,461348,1h,VCB,VCB.VN
2025-10-09 06:00:00+00:00,64100.0,64300.0,63900.0,64100.0,1528264,1h,VCB,VCB.VN
2025-10-09 07:00:00+00:00,63800.0,64300.0,63800.0,64100.0,0,1h,VCB,VCB.VN
2025-10-10 02:00:00+00:00,63800.0,64200.0,63600.0,63900.0,954461,1h,VCB,VCB.VN
2025-10-10 03:00:00+00:00,64200.0,64400.0,63800.0,63800.0,1310587,1h,VCB,VCB.VN
2025-10-10 04:00:00+00:00,64300.0,64300.0,64100.0,64200.0,357301,1h,VCB,VCB.VN
2025-10-10 06:00:00+00:00,64100.0,64400.0,64100.0,64300.0,1352970,1h,VCB,VCB.VN
2025-10-10 07:00:00+00:00,64200.0,64200.0,64000.0,64100.0,1016681,1h,VCB,VCB.VN
2025-10-13 02:00:00+00:00,63300.0,63800.0,63000.0,63400.0,0,1h,VCB,VCB.VN
2025-10-13 03:00:00+00:00,63200.0,63600.0,63000.0,63300.0,2271356,1h,VCB,VCB.VN
2025-10-13 04:00:00+00:00,63200.0,63300.0,63000.0,63200.0,666020,1h,VCB,VCB.VN
2025-10-13 06:00:00+00:00,63100.0,63300.0,63000.0,63200.0,1674152,1h,VCB,VCB.VN
2025-10-13 07:00:00+00:00,63100.0,63300.0,62800.0,63100.0,0,1h,VCB,VCB.VN
2025-10-14 02:00:00+00:00,63200.0,63500.0,63100.0,63500.0,1398533,1h,VCB,VCB.VN
2025-10-14 03:00:00+00:00,63300.0,63400.0,62900.0,63200.0,1847702,1h,VCB,VCB.VN
2025-10-14 04:00:00+00:00,63700.0,64000.0,63200.0,63300.0,818513,1h,VCB,VCB.VN
2025-10-14 06:00:00+00:00,63200.0,63700.0,63100.0,63700.0,1459235,1h,VCB,VCB.VN
2025-10-14 07:00:00+00:00,63100.0,63500.0,63100.0,63200.0,0,1h,VCB,VCB.VN
2025-10-15 02:00:00+00:00,63300.0,63400.0,63100.0,63100.0,538343,1h,VCB,VCB.VN
2025-10-15 03:00:00+00:00,63200.0,63400.0,63100.0,63300.0,1097502,1h,VCB,VCB.VN
2025-10-15 04:00:00+00:00,63100.0,63400.0,63000.0,63200.0,755663,1h,VCB,VCB.VN
2025-10-15 06:00:00+00:00,63100.0,63400.0,63000.0,63100.0,1765322,1h,VCB,VCB.VN
2025-10-15 07:00:00+00:00,62500.0,63100.0,62500.0,63000.0,0,1h,VCB,VCB.VN
2025-10-16 02:00:00+00:00,62800.0,63000.0,62600.0,62700.0,616643,1h,VCB,VCB.VN
2025-10-16 03:00:00+00:00,62700.0,62900.0,62600.0,62800.0,1108408,1h,VCB,VCB.VN
2025-10-16 04:00:00+00:00,62700.0,62800.0,62600.0,62600.0,328454,1h,VCB,VCB.VN
2025-10-16 06:00:00+00:00,62500.0,62800.0,62500.0,62700.0,1293057,1h,VCB,VCB.VN
2025-10-16 07:00:00+00:00,62900.0,62900.0,62500.0,62500.0,0,1h,VCB,VCB.VN
2025-10-17 02:00:00+00:00,62500.0,62900.0,62400.0,62900.0,697215,1h,VCB,VCB.VN
2025-10-17 03:00:00+00:00,62600.0,62800.0,62400.0,62500.0,654853,1h,VCB,VCB.VN
2025-10-17 04:00:00+00:00,62600.0,62700.0,62500.0,62600.0,399942,1h,VCB,VCB.VN
2025-10-17 06:00:00+00:00,62100.0,62700.0,62000.0,62600.0,2064430,1h,VCB,VCB.VN
2025-10-17 07:00:00+00:00,61900.0,62200.0,61800.0,62100.0,1845618,1h,VCB,VCB.VN
2025-10-20 02:00:00+00:00,61900.0,62200.0,61700.0,61800.0,0,1h,VCB,VCB.VN
2025-10-20 03:00:00+00:00,61800.0,62100.0,61700.0,62000.0,1257227,1h,VCB,VCB.VN
2025-10-20 04:00:00+00:00,61600.0,62000.0,61500.0,61800.0,1111691,1h,VCB,VCB.VN
2025-10-20 06:00:00+00:00,61400.0,61700.0,61300.0,61600.0,3346632,1h,VCB,VCB.VN
2025-10-20 07:00:00+00:00,59400.0,61400.0,58600.0,61400.0,0,1h,VCB,VCB.VN
2025-10-21 02:00:00+00:00,60200.0,60700.0,59700.0,59700.0,2113496,1h,VCB,VCB.VN
2025-10-21 03:00:00+00:00,59900.0,60600.0,59800.0,60300.0,1691053,1h,VCB,VCB.VN
2025-10-21 04:00:00+00:00,59800.0,60000.0,59500.0,59900.0,635091,1h,VCB,VCB.VN
2025-10-21 06:00:00+00:00,59900.0,60400.0,59700.0,59800.0,1853601,1h,VCB,VCB.VN
2025-10-21 07:00:00+00:00,59300.0,60500.0,59300.0,60000.0,0,1h,VCB,VCB.VN
2025-10-22 02:00:00+00:00,59400.0,60200.0,59400.0,60100.0,638128,1h,VCB,VCB.VN
2025-10-22 03:00:00+00:00,59100.0,59700.0,59000.0,59500.0,1072919,1h,VCB,VCB.VN
2025-10-22 04:00:00+00:00,59300.0,59300.0,59000.0,59100.0,290719,1h,VCB,VCB.VN
2025-10-22 06:00:00+00:00,58600.0,59400.0,58500.0,59400.0,1817245,1h,VCB,VCB.VN
2025-10-22 07:00:00+00:00,59600.0,59900.0,58600.0,58600.0,0,1h,VCB,VCB.VN
2025-10-23 02:00:00+00:00,59800.0,59900.0,58900.0,58900.0,1272363,1h,VCB,VCB.VN
2025-10-23 03:00:00+00:00,60100.0,60100.0,59800.0,59800.0,990017,1h,VCB,VCB.VN
2025-10-23 04:00:00+00:00,60200.0,60300.0,60000.0,60000.0,368540,1h,VCB,VCB.VN
2025-10-23 06:00:00+00:00,60000.0,60200.0,59700.0,60200.0,1264763,1h,VCB,VCB.VN
2025-10-23 07:00:00+00:00,59800.0,60200.0,59800.0,60000.0,0,1h,VCB,VCB.VN
2025-10-24 02:00:00+00:00,59800.0,59900.0,59700.0,59800.0,666828,1h,VCB,VCB.VN
2025-10-24 03:00:00+00:00,59100.0,59900.0,59100.0,59800.0,1047594,1h,VCB,VCB.VN
2025-10-24 04:00:00+00:00,59400.0,59600.0,58800.0,59200.0,1091069,1h,VCB,VCB.VN
2025-10-24 06:00:00+00:00,59700.0,59900.0,59300.0,59400.0,1002365,1h,VCB,VCB.VN
2025-10-24 07:00:00+00:00,59500.0,59800.0,59500.0,59600.0,571414,1h,VCB,VCB.VN
2025-10-27 02:00:00+00:00,59700.0,60000.0,59600.0,60000.0,0,1h,VCB,VCB.VN
2025-10-27 03:00:00+00:00,59300.0,59800.0,59300.0,59800.0,383777,1h,VCB,VCB.VN
2025-10-27 04:00:00+00:00,59700.0,59700.0,59300.0,59400.0,199414,1h,VCB,VCB.VN
2025-10-27 06:00:00+00:00,59600.0,59700.0,59400.0,59700.0,774983,1h,VCB,VCB.VN
2025-10-27 07:00:00+00:00,59200.0,59700.0,59200.0,59600.0,0,1h,VCB,VCB.VN
2025-10-28 02:00:00+00:00,59600.0,59700.0,59100.0,59200.0,643300,1h,VCB,VCB.VN
2025-10-28 03:00:00+00:00,59600.0,59900.0,59400.0,59600.0,691463,1h,VCB,VCB.VN
2025-10-28 04:00:00+00:00,59700.0,59800.0,59600.0,59600.0,196818,1h,VCB,VCB.VN
2025-10-28 06:00:00+00:00,59800.0,60000.0,59500.0,59700.0,676901,1h,VCB,VCB.VN
2025-10-28 07:00:00+00:00,60000.0,60200.0,59800.0,59800.0,0,1h,VCB,VCB.VN
2025-10-29 02:00:00+00:00,60000.0,60300.0,59900.0,60000.0,679719,1h,VCB,VCB.VN
2025-10-29 03:00:00+00:00,59900.0,60100.0,59800.0,60000.0,586029,1h,VCB,VCB.VN
2025-10-29 04:00:00+00:00,60000.0,60200.0,59900.0,59900.0,380689,1h,VCB,VCB.VN
2025-10-29 06:00:00+00:00,60400.0,60500.0,60000.0,60000.0,1184768,1h,VCB,VCB.VN
2025-10-29 07:00:00+00:00,60700.0,61000.0,60400.0,60400.0,0,1h,VCB,VCB.VN
2025-10-30 02:00:00+00:00,61000.0,61200.0,60700.0,61000.0,333020,1h,VCB,VCB.VN
2025-10-30 03:00:00+00:00,60700.0,61100.0,60700.0,61000.0,449380,1h,VCB,VCB.VN
2025-10-30 04:00:00+00:00,60800.0,61100.0,60700.0,60900.0,280547,1h,VCB,VCB.VN
2025-10-30 06:00:00+00:00,60600.0,60900.0,60400.0,60800.0,510147,1h,VCB,VCB.VN
2025-10-30 07:00:00+00:00,60600.0,60700.0,60300.0,60500.0,0,1h,VCB,VCB.VN
2025-10-31 02:00:00+00:00,60400.0,60800.0,60400.0,60800.0,426052,1h,VCB,VCB.VN
2025-10-31 03:00:00+00:00,60300.0,60400.0,60000.0,60400.0,213933,1h,VCB,VCB.VN
2025-10-31 04:00:00+00:00,60400.0,60600.0,60300.0,60300.0,101991,1h,VCB,VCB.VN
2025-10-31 06:00:00+00:00,60200.0,60500.0,60200.0,60400.0,610139,1h,VCB,VCB.VN
2025-10-31 07:00:00+00:00,59600.0,60300.0,59600.0,60300.0,1042633,1h,VCB,VCB.VN
2025-11-03 02:00:00+00:00,59500.0,60200.0,59400.0,60000.0,0,1h,VCB,VCB.VN
2025-11-03 03:00:00+00:00,60000.0,60000.0,59500.0,59500.0,548417,1h,VCB,VCB.VN
2025-11-03 04:00:00+00:00,60200.0,60200.0,59900.0,59900.0,152713,1h,VCB,VCB.VN
2025-11-03 06:00:00+00:00,59700.0,60300.0,59600.0,60100.0,535973,1h,VCB,VCB.VN
2025-11-03 07:00:00+00:00,59300.0,60000.0,59300.0,59700.0,0,1h,VCB,VCB.VN
2025-11-04 02:00:00+00:00,59400.0,59600.0,59200.0,59200.0,2134515,1h,VCB,VCB.VN
2025-11-04 03:00:00+00:00,59300.0,59600.0,59300.0,59400.0,494524,1h,VCB,VCB.VN
2025-11-04 04:00:00+00:00,59400.0,59500.0,59300.0,59400.0,153371,1h,VCB,VCB.VN
2025-11-04 06:00:00+00:00,59800.0,59900.0,59100.0,59400.0,1152182,1h,VCB,VCB.VN
2025-11-04 07:00:00+00:00,60100.0,60400.0,59700.0,59800.0,0,1h,VCB,VCB.VN
2025-11-05 02:00:00+00:00,60100.0,60300.0,59900.0,60000.0,443535,1h,VCB,VCB.VN
2025-11-05 03:00:00+00:00,60700.0,61100.0,60000.0,60100.0,842547,1h,VCB,VCB.VN
2025-11-05 04:00:00+00:00,60800.0,61000.0,60700.0,60800.0,515462,1h,VCB,VCB.VN
2025-11-05 06:00:00+00:00,60400.0,60900.0,60300.0,60800.0,1366027,1h,VCB,VCB.VN
2025-11-05 07:00:00+00:00,60800.0,60800.0,60100.0,60400.0,0,1h,VCB,VCB.VN
2025-11-06 02:00:00+00:00,61000.0,61300.0,60900.0,60900.0,724225,1h,VCB,VCB.VN
2025-11-06 03:00:00+00:00,60600.0,61000.0,60400.0,60900.0,692862,1h,VCB,VCB.VN
2025-11-06 04:00:00+00:00,60400.0,60600.0,60300.0,60500.0,194387,1h,VCB,VCB.VN
2025-11-06 06:00:00+00:00,60300.0,60700.0,60200.0,60300.0,1163414,1h,VCB,VCB.VN
2025-11-06 07:00:00+00:00,60300.0,60700.0,60300.0,60300.0,0,1h,VCB,VCB.VN
2025-11-07 02:00:00+00:00,60000.0,60000.0,59700.0,60000.0,759697,1h,VCB,VCB.VN
2025-11-07 03:00:00+00:00,59800.0,60000.0,59700.0,59900.0,467307,1h,VCB,VCB.VN
2025-11-07 04:00:00+00:00,59700.0,59900.0,59700.0,59800.0,118180,1h,VCB,VCB.VN
2025-11-07 06:00:00+00:00,59500.0,59900.0,59500.0,59700.0,858387,1h,VCB,VCB.VN
2025-11-07 07:00:00+00:00,59300.0,59600.0,59000.0,59500.0,1458987,1h,VCB,VCB.VN
2025-11-10 02:00:00+00:00,59200.0,59700.0,59100.0,59400.0,0,1h,VCB,VCB.VN
2025-11-10 03:00:00+00:00,59000.0,59300.0,58900.0,59300.0,477629,1h,VCB,VCB.VN
2025-11-10 04:00:00+00:00,59100.0,59300.0,59000.0,59000.0,87575,1h,VCB,VCB.VN
2025-11-10 06:00:00+00:00,59200.0,59300.0,58800.0,59100.0,928773,1h,VCB,VCB.VN
2025-11-10 07:00:00+00:00,58800.0,59600.0,58800.0,59200.0,0,1h,VCB,VCB.VN
2025-11-11 02:00:00+00:00,58900.0,59300.0,58800.0,59100.0,488078,1h,VCB,VCB.VN
2025-11-11 03:00:00+00:00,58900.0,59100.0,58800.0,59000.0,318728,1h,VCB,VCB.VN
2025-11-11 04:00:00+00:00,59000.0,59000.0,58900.0,58900.0,126687,1h,VCB,VCB.VN
2025-11-11 06:00:00+00:00,59400.0,59600.0,58800.0,59000.0,947647,1h,VCB,VCB.VN
2025-11-11 07:00:00+00:00,58900.0,59400.0,58900.0,59200.0,0,1h,VCB,VCB.VN
2025-11-12 02:00:00+00:00,59000.0,59500.0,59000.0,59100.0,412625,1h,VCB,VCB.VN
2025-11-12 03:00:00+00:00,59200.0,59300.0,59000.0,59100.0,196188,1h,VCB,VCB.VN
2025-11-12 04:00:00+00:00,59200.0,59300.0,59100.0,59200.0,220864,1h,VCB,VCB.VN
2025-11-12 06:00:00+00:00,59500.0,59600.0,59200.0,59300.0,745019,1h,VCB,VCB.VN
2025-11-12 07:00:00+00:00,59500.0,59700.0,59300.0,59600.0,0,1h,VCB,VCB.VN
2025-11-13 02:00:00+00:00,59400.0,59600.0,59200.0,59500.0,778855,1h,VCB,VCB.VN
2025-11-13 03:00:00+00:00,59700.0,59700.0,59300.0,59500.0,304526,1h,VCB,VCB.VN
2025-11-13 04:00:00+00:00,59900.0,59900.0,59600.0,59700.0,218606,1h,VCB,VCB.VN
2025-11-13 06:00:00+00:00,59800.0,60000.0,59500.0,59900.0,906771,1h,VCB,VCB.VN
2025-11-13 07:00:00+00:00,59800.0,59900.0,59700.0,59800.0,0,1h,VCB,VCB.VN
2025-11-14 02:00:00+00:00,59600.0,59800.0,59400.0,59800.0,334026,1h,VCB,VCB.VN
2025-11-14 03:00:00+00:00,59700.0,59800.0,59500.0,59700.0,352174,1h,VCB,VCB.VN
2025-11-14 04:00:00+00:00,60000.0,60100.0,59600.0,59700.0,328661,1h,VCB,VCB.VN
2025-11-14 06:00:00+00:00,60100.0,60400.0,60000.0,60000.0,781254,1h,VCB,VCB.VN
2025-11-14 07:00:00+00:00,60000.0,60300.0,59900.0,60100.0,451995,1h,VCB,VCB.VN
2025-11-17 02:00:00+00:00,60100.0,60400.0,59900.0,60000.0,0,1h,VCB,VCB.VN
2025-11-17 03:00:00+00:00,60200.0,60200.0,60000.0,60100.0,368887,1h,VCB,VCB.VN
2025-11-17 04:00:00+00:00,60200.0,60200.0,60000.0,60000.0,97377,1h,VCB,VCB.VN
2025-11-17 06:00:00+00:00,60100.0,60300.0,60000.0,60200.0,635992,1h,VCB,VCB.VN
2025-11-17 07:00:00+00:00,60200.0,60200.0,60000.0,60100.0,0,1h,VCB,VCB.VN
2025-11-18 02:00:00+00:00,60200.0,60400.0,60000.0,60400.0,394450,1h,VCB,VCB.VN
2025-11-18 03:00:00+00:00,60100.0,60200.0,60000.0,60200.0,385445,1h,VCB,VCB.VN
2025-11-18 04:00:00+00:00,60100.0,60200.0,60000.0,60100.0,2212527,1h,VCB,VCB.VN
2025-11-18 06:00:00+00:00,60000.0,60100.0,59800.0,60100.0,1008011,1h,VCB,VCB.VN
2025-11-18 07:00:00+00:00,59900.0,60100.0,59900.0,60000.0,0,1h,VCB,VCB.VN
2025-11-19 02:00:00+00:00,60000.0,60100.0,59700.0,59900.0,355322,1h,VCB,VCB.VN
2025-11-19 03:00:00+00:00,59500.0,60100.0,59500.0,60000.0,741892,1h,VCB,VCB.VN
2025-11-19 04:00:00+00:00,59600.0,59800.0,59500.0,59500.0,266555,1h,VCB,VCB.VN
2025-11-19 06:00:00+00:00,59600.0,59800.0,59500.0,59600.0,861811,1h,VCB,VCB.VN
2025-11-19 07:00:00+00:00,59400.0,59700.0,59300.0,59600.0,0,1h,VCB,VCB.VN
2025-11-20 02:00:00+00:00,59500.0,59700.0,59300.0,59600.0,322007,1h,VCB,VCB.VN
2025-11-20 03:00:00+00:00,59300.0,59500.0,59200.0,59400.0,600204,1h,VCB,VCB.VN
2025-11-20 04:00:00+00:00,59300.0,59400.0,59200.0,59300.0,136365,1h,VCB,VCB.VN
2025-11-20 06:00:00+00:00,59200.0,59400.0,59200.0,59300.0,463298,1h,VCB,VCB.VN
2025-11-20 07:00:00+00:00,59400.0,59700.0,59200.0,59300.0,0,1h,VCB,VCB.VN
2025-11-21 02:00:00+00:00,58800.0,59200.0,58800.0,59100.0,778757,1h,VCB,VCB.VN
2025-11-21 03:00:00+00:00,58800.0,59000.0,58800.0,58900.0,915598,1h,VCB,VCB.VN
2025-11-21 04:00:00+00:00,58800.0,58900.0,58700.0,58800.0,417156,1h,VCB,VCB.VN
2025-11-21 06:00:00+00:00,58800.0,59000.0,58700.0,58700.0,1188985,1h,VCB,VCB.VN
2025-11-21 07:00:00+00:00,59000.0,59100.0,58800.0,58800.0,826552,1h,VCB,VCB.VN
2025-11-24 02:00:00+00:00,59000.0,59300.0,58900.0,59000.0,0,1h,VCB,VCB.VN
2025-11-24 03:00:00+00:00,59000.0,59000.0,58700.0,58900.0,407998,1h,VCB,VCB.VN
2025-11-24 04:00:00+00:00,59000.0,59000.0,58700.0,59000.0,219725,1h,VCB,VCB.VN
2025-11-24 06:00:00+00:00,58900.0,59100.0,58800.0,59000.0,622439,1h,VCB,VCB.VN
2025-11-24 07:00:00+00:00,58800.0,59000.0,58800.0,58800.0,0,1h,VCB,VCB.VN
2025-11-25 02:00:00+00:00,58800.0,59000.0,58700.0,58900.0,373996,1h,VCB,VCB.VN
2025-11-25 03:00:00+00:00,58700.0,58800.0,58600.0,58800.0,568398,1h,VCB,VCB.VN
2025-11-25 04:00:00+00:00,58700.0,58800.0,58500.0,58700.0,276285,1h,VCB,VCB.VN
2025-11-25 06:00:00+00:00,58400.0,58700.0,58400.0,58700.0,885248,1h,VCB,VCB.VN
2025-11-25 07:00:00+00:00,58200.0,58700.0,58200.0,58400.0,0,1h,VCB,VCB.VN
2025-11-26 02:00:00+00:00,58400.0,58600.0,58200.0,58500.0,680461,1h,VCB,VCB.VN
2025-11-26 03:00:00+00:00,57900.0,58400.0,57800.0,58400.0,1925296,1h,VCB,VCB.VN
2025-11-26 04:00:00+00:00,57900.0,58000.0,57800.0,57800.0,884615,1h,VCB,VCB.VN
2025-11-26 06:00:00+00:00,58100.0,58300.0,57800.0,57900.0,1700307,1h,VCB,VCB.VN
2025-11-26 07:00:00+00:00,58100.0,58200.0,57900.0,58000.0,0,1h,VCB,VCB.VN
2025-11-27 02:00:00+00:00,58400.0,58500.0,58200.0,58200.0,596666,1h,VCB,VCB.VN
2025-11-27 03:00:00+00:00,58200.0,58400.0,58100.0,58400.0,719608,1h,VCB,VCB.VN
2025-11-27 04:00:00+00:00,58100.0,58200.0,58000.0,58200.0,284080,1h,VCB,VCB.VN
2025-11-27 06:00:00+00:00,58100.0,58200.0,58000.0,58100.0,854540,1h,VCB,VCB.VN
2025-11-27 07:00:00+00:00,57900.0,58200.0,57900.0,58100.0,0,1h,VCB,VCB.VN
2025-11-28 02:00:00+00:00,58000.0,58100.0,57900.0,58000.0,370612,1h,VCB,VCB.VN
2025-11-28 03:00:00+00:00,57800.0,58000.0,57700.0,58000.0,764010,1h,VCB,VCB.VN
2025-11-28 04:00:00+00:00,57800.0,57900.0,57700.0,57800.0,433390,1h,VCB,VCB.VN
2025-11-28 06:00:00+00:00,57800.0,57900.0,57700.0,57800.0,677832,1h,VCB,VCB.VN
2025-11-28 07:00:00+00:00,57400.0,57800.0,57400.0,57800.0,1470242,1h,VCB,VCB.VN
2025-12-01 02:00:00+00:00,57800.0,58000.0,57600.0,57600.0,0,1h,VCB,VCB.VN
2025-12-01 03:00:00+00:00,57700.0,57800.0,57500.0,57800.0,578506,1h,VCB,VCB.VN
2025-12-01 04:00:00+00:00,57600.0,57700.0,57600.0,57600.0,161033,1h,VCB,VCB.VN
2025-12-01 06:00:00+00:00,57700.0,57700.0,57500.0,57600.0,706655,1h,VCB,VCB.VN
2025-12-01 07:00:00+00:00,57500.0,57800.0,57500.0,57700.0,0,1h,VCB,VCB.VN
2025-12-02 02:00:00+00:00,57500.0,57700.0,57400.0,57500.0,357629,1h,VCB,VCB.VN
2025-12-02 03:00:00+00:00,57400.0,57500.0,57200.0,57500.0,693315,1h,VCB,VCB.VN
2025-12-02 04:00:00+00:00,57200.0,57400.0,57200.0,57400.0,273187,1h,VCB,VCB.VN
2025-12-02 06:00:00+00:00,57500.0,57500.0,57200.0,57200.0,901166,1h,VCB,VCB.VN
2025-12-02 07:00:00+00:00,57600.0,57800.0,57400.0,57400.0,0,1h,VCB,VCB.VN
2025-12-03 02:00:00+00:00,58300.0,58900.0,57800.0,57800.0,1505829,1h,VCB,VCB.VN
2025-12-03 03:00:00+00:00,58200.0,58400.0,58100.0,58300.0,662979,1h,VCB,VCB.VN
2025-12-03 04:00:00+00:00,58300.0,58400.0,58100.0,58200.0,296356,1h,VCB,VCB.VN
2025-12-03 06:00:00+00:00,58800.0,59100.0,58200.0,58300.0,2895039,1h,VCB,VCB.VN
2025-12-03 07:00:00+00:00,58900.0,58900.0,58600.0,58800.0,0,1h,VCB,VCB.VN
2025-12-04 02:00:00+00:00,59200.0,59400.0,59000.0,59000.0,843094,1h,VCB,VCB.VN
2025-12-04 03:00:00+00:00,58900.0,59200.0,58800.0,59100.0,628704,1h,VCB,VCB.VN
2025-12-04 04:00:00+00:00,58800.0,58900.0,58700.0,58800.0,241359,1h,VCB,VCB.VN
2025-12-04 06:00:00+00:00,59000.0,59100.0,58700.0,58800.0,979280,1h,VCB,VCB.VN
2025-12-04 07:00:00+00:00,58900.0,59100.0,58800.0,59000.0,0,1h,VCB,VCB.VN
2025-12-05 02:00:00+00:00,58600.0,59200.0,58600.0,59000.0,427749,1h,VCB,VCB.VN
2025-12-05 03:00:00+00:00,58500.0,58700.0,58500.0,58600.0,582961,1h,VCB,VCB.VN
2025-12-05 04:00:00+00:00,58500.0,58600.0,58400.0,58500.0,269347,1h,VCB,VCB.VN
2025-12-05 06:00:00+00:00,58400.0,58600.0,58200.0,58500.0,1346862,1h,VCB,VCB.VN
2025-12-05 07:00:00+00:00,58300.0,58500.0,58200.0,58500.0,0,1h,VCB,VCB.VN
2025-12-08 02:00:00+00:00,58000.0,58300.0,58000.0,58200.0,476571,1h,VCB,VCB.VN
2025-12-08 03:00:00+00:00,57900.0,58100.0,57900.0,58100.0,584635,1h,VCB,VCB.VN
2025-12-08 04:00:00+00:00,57900.0,58000.0,57900.0,58000.0,217744,1h,VCB,VCB.VN
2025-12-08 06:00:00+00:00,57900.0,58000.0,57800.0,57900.0,602493,1h,VCB,VCB.VN
2025-12-08 07:00:00+00:00,57900.0,58000.0,57800.0,57900.0,0,1h,VCB,VCB.VN
2025-12-09 02:00:00+00:00,57500.0,57900.0,57500.0,57900.0,750126,1h,VCB,VCB.VN
2025-12-09 03:00:00+00:00,57400.0,57600.0,57300.0,57500.0,2320695,1h,VCB,VCB.VN
2025-12-09 04:00:00+00:00,57400.0,57600.0,57300.0,57400.0,390288,1h,VCB,VCB.VN
2025-12-09 06:00:00+00:00,58500.0,58600.0,57300.0,57400.0,1864832,1h,VCB,VCB.VN
2025-12-09 07:00:00+00:00,58000.0,58700.0,58000.0,58400.0,0,1h,VCB,VCB.VN
2025-12-10 02:00:00+00:00,58000.0,58500.0,57800.0,58300.0,1739810,1h,VCB,VCB.VN
2025-12-10 03:00:00+00:00,58000.0,58100.0,57800.0,57800.0,955841,1h,VCB,VCB.VN
2025-12-10 04:00:00+00:00,58300.0,58400.0,57900.0,58000.0,380094,1h,VCB,VCB.VN
2025-12-10 06:00:00+00:00,58300.0,58600.0,58300.0,58300.0,3059787,1h,VCB,VCB.VN
2025-12-10 07:00:00+00:00,58200.0,58400.0,58100.0,58400.0,0,1h,VCB,VCB.VN
2025-12-11 02:00:00+00:00,58200.0,58400.0,58100.0,58400.0,129050,1h,VCB,VCB.VN
2025-12-11 03:00:00+00:00,58000.0,58300.0,57900.0,58200.0,272752,1h,VCB,VCB.VN
2025-12-11 04:00:00+00:00,58000.0,58200.0,58000.0,58100.0,116639,1h,VCB,VCB.VN
2025-12-11 06:00:00+00:00,58000.0,58100.0,57800.0,58000.0,653047,1h,VCB,VCB.VN
2025-12-11 07:00:00+00:00,57600.0,58100.0,57600.0,58000.0,0,1h,VCB,VCB.VN
2025-12-12 02:00:00+00:00,57400.0,57800.0,57300.0,57800.0,593569,1h,VCB,VCB.VN
2025-12-12 03:00:00+00:00,57400.0,57600.0,57300.0,57400.0,479394,1h,VCB,VCB.VN
2025-12-12 04:00:00+00:00,57400.0,57500.0,57300.0,57400.0,160264,1h,VCB,VCB.VN
2025-12-12 06:00:00+00:00,57200.0,57500.0,57000.0,57400.0,1335743,1h,VCB,VCB.VN
2025-12-12 07:00:00+00:00,56800.0,57300.0,56800.0,57100.0,2339152,1h,VCB,VCB.VN
2025-12-15 02:00:00+00:00,57100.0,57300.0,56800.0,56800.0,0,1h,VCB,VCB.VN
2025-12-15 03:00:00+00:00,57000.0,57300.0,56900.0,57100.0,947743,1h,VCB,VCB.VN
2025-12-15 04:00:00+00:00,56800.0,57000.0,56800.0,57000.0,485740,1h,VCB,VCB.VN
2025-12-15 06:00:00+00:00,57000.0,57200.0,56700.0,56900.0,961093,1h,VCB,VCB.VN
2025-12-15 07:00:00+00:00,56800.0,57100.0,56800.0,57000.0,0,1h,VCB,VCB.VN
2025-12-16 02:00:00+00:00,56700.0,57200.0,56700.0,56900.0,501649,1h,VCB,VCB.VN
2025-12-16 03:00:00+00:00,56300.0,56800.0,56000.0,56700.0,2456724,1h,VCB,VCB.VN
2025-12-16 04:00:00+00:00,56300.0,56400.0,56100.0,56200.0,422804,1h,VCB,VCB.VN
2025-12-16 06:00:00+00:00,56900.0,57200.0,56200.0,56300.0,1424868,1h,VCB,VCB.VN
2025-12-16 07:00:00+00:00,56900.0,57400.0,56800.0,56900.0,0,1h,VCB,VCB.VN
2025-12-17 02:00:00+00:00,57100.0,57200.0,56900.0,57000.0,428818,1h,VCB,VCB.VN
2025-12-17 03:00:00+00:00,57400.0,57500.0,57100.0,57100.0,434492,1h,VCB,VCB.VN
2025-12-17 04:00:00+00:00,57400.0,57400.0,57200.0,57400.0,116618,1h,VCB,VCB.VN
2025-12-17 06:00:00+00:00,57200.0,57400.0,57000.0,57400.0,485151,1h,VCB,VCB.VN
2025-12-17 07:00:00+00:00,56700.0,57400.0,56700.0,57200.0,0,1h,VCB,VCB.VN
2025-12-18 02:00:00+00:00,57500.0,57500.0,57000.0,57200.0,620565,1h,VCB,VCB.VN
2025-12-18 03:00:00+00:00,57200.0,57500.0,57100.0,57500.0,508058,1h,VCB,VCB.VN
2025-12-18 04:00:00+00:00,57100.0,57300.0,57100.0,57300.0,149056,1h,VCB,VCB.VN
2025-12-18 06:00:00+00:00,57200.0,57300.0,56800.0,57200.0,729251,1h,VCB,VCB.VN
2025-12-18 07:00:00+00:00,56800.0,57200.0,56700.0,57100.0,0,1h,VCB,VCB.VN
2025-12-19 02:00:00+00:00,57000.0,57300.0,56900.0,57000.0,315708,1h,VCB,VCB.VN
2025-12-19 03:00:00+00:00,56900.0,57100.0,56900.0,57100.0,299485,1h,VCB,VCB.VN
2025-12-19 04:00:00+00:00,56900.0,57000.0,56800.0,56900.0,252286,1h,VCB,VCB.VN
2025-12-19 06:00:00+00:00,57100.0,57100.0,56700.0,56900.0,817906,1h,VCB,VCB.VN
2025-12-19 07:00:00+00:00,57500.0,57500.0,56900.0,57000.0,2653657,1h,VCB,VCB.VN
2025-12-22 02:00:00+00:00,57400.0,57700.0,57400.0,57700.0,0,1h,VCB,VCB.VN
2025-12-22 03:00:00+00:00,57500.0,57500.0,57300.0,57500.0,301412,1h,VCB,VCB.VN
2025-12-22 04:00:00+00:00,58000.0,58000.0,57400.0,57500.0,815890,1h,VCB,VCB.VN
2025-12-22 06:00:00+00:00,57800.0,58000.0,57800.0,58000.0,833233,1h,VCB,VCB.VN
2025-12-22 07:00:00+00:00,57800.0,58000.0,57800.0,57900.0,0,1h,VCB,VCB.VN
2025-12-23 02:00:00+00:00,58000.0,58100.0,57800.0,57800.0,651909,1h,VCB,VCB.VN
2025-12-23 03:00:00+00:00,57900.0,58100.0,57700.0,58000.0,580885,1h,VCB,VCB.VN
2025-12-23 04:00:00+00:00,57900.0,58000.0,57800.0,57900.0,153870,1h,VCB,VCB.VN
2025-12-23 06:00:00+00:00,57500.0,57900.0,57400.0,57900.0,872113,1h,VCB,VCB.VN
2025-12-23 07:00:00+00:00,57200.0,57500.0,57000.0,57500.0,0,1h,VCB,VCB.VN
2025-12-24 02:00:00+00:00,57100.0,57300.0,56900.0,57300.0,979449,1h,VCB,VCB.VN
2025-12-24 03:00:00+00:00,57100.0,57300.0,56900.0,57100.0,797019,1h,VCB,VCB.VN
2025-12-24 04:00:00+00:00,57000.0,57100.0,56900.0,57100.0,467098,1h,VCB,VCB.VN
2025-12-24 06:00:00+00:00,57100.0,57100.0,56900.0,57000.0,1133481,1h,VCB,VCB.VN
2025-12-24 07:00:00+00:00,57000.0,57200.0,56900.0,57100.0,0,1h,VCB,VCB.VN
2025-12-25 02:00:00+00:00,57700.0,57800.0,57000.0,57000.0,1187909,1h,VCB,VCB.VN
2025-12-25 03:00:00+00:00,57700.0,57800.0,57500.0,57700.0,683009,1h,VCB,VCB.VN
2025-12-25 04:00:00+00:00,57600.0,57900.0,57400.0,57700.0,635595,1h,VCB,VCB.VN
2025-12-25 06:00:00+00:00,57300.0,57600.0,57100.0,57600.0,984109,1h,VCB,VCB.VN
2025-12-25 07:00:00+00:00,57100.0,57500.0,57100.0,57300.0,0,1h,VCB,VCB.VN
2025-12-26 02:00:00+00:00,57200.0,57400.0,57000.0,57100.0,399491,1h,VCB,VCB.VN
2025-12-26 03:00:00+00:00,56900.0,57200.0,56800.0,57200.0,892567,1h,VCB,VCB.VN
2025-12-26 04:00:00+00:00,56700.0,57000.0,56600.0,56900.0,608223,1h,VCB,VCB.VN
2025-12-26 06:00:00+00:00,57000.0,57100.0,56600.0,56700.0,800796,1h,VCB,VCB.VN
2025-12-26 07:00:00+00:00,57100.0,57300.0,56800.0,57000.0,610709,1h,VCB,VCB.VN
2025-12-29 02:00:00+00:00,57300.0,57500.0,57100.0,57400.0,0,1h,VCB,VCB.VN
2025-12-29 03:00:00+00:00,57400.0,57400.0,57200.0,57400.0,284694,1h,VCB,VCB.VN
2025-12-29 04:00:00+00:00,57400.0,57400.0,57200.0,57300.0,185726,1h,VCB,VCB.VN
2025-12-29 06:00:00+00:00,57300.0,57400.0,57200.0,57400.0,442087,1h,VCB,VCB.VN
2025-12-29 07:00:00+00:00,57100.0,57300.0,57100.0,57300.0,0,1h,VCB,VCB.VN
2025-12-30 02:00:00+00:00,57600.0,58100.0,57200.0,57300.0,997121,1h,VCB,VCB.VN
2025-12-30 03:00:00+00:00,57400.0,57800.0,57300.0,57600.0,566250,1h,VCB,VCB.VN
2025-12-30 04:00:00+00:00,57400.0,57500.0,57300.0,57300.0,117391,1h,VCB,VCB.VN
2025-12-30 06:00:00+00:00,57400.0,57500.0,57300.0,57400.0,553677,1h,VCB,VCB.VN
2025-12-30 07:00:00+00:00,57300.0,57500.0,57300.0,57400.0,0,1h,VCB,VCB.VN
2025-12-31 02:00:00+00:00,57700.0,57900.0,57300.0,57400.0,494914,1h,VCB,VCB.VN
2025-12-31 03:00:00+00:00,57400.0,57700.0,57300.0,57600.0,404068,1h,VCB,VCB.VN
2025-12-31 04:00:00+00:00,57400.0,57500.0,57300.0,57300.0,226664,1h,VCB,VCB.VN
2025-12-31 06:00:00+00:00,57500.0,57600.0,57400.0,57500.0,408589,1h,VCB,VCB.VN
2025-12-31 07:00:00+00:00,57500.0,57500.0,57300.0,57500.0,1001059,1h,VCB,VCB.VN
2026-01-05 02:00:00+00:00,57400.0,57600.0,57400.0,57500.0,0,1h,VCB,VCB.VN
2026-01-05 03:00:00+00:00,57400.0,57500.0,57300.0,57400.0,649441,1h,VCB,VCB.VN
2026-01-05 04:00:00+00:00,57400.0,57500.0,57400.0,57500.0,182832,1h,VCB,VCB.VN
2026-01-05 06:00:00+00:00,57500.0,57500.0,57300.0,57400.0,862228,1h,VCB,VCB.VN
2026-01-05 07:00:00+00:00,57100.0,57500.0,57000.0,57500.0,0,1h,VCB,VCB.VN
2026-01-06 02:00:00+00:00,57000.0,57300.0,56900.0,57100.0,653031,1h,VCB,VCB.VN
2026-01-06 03:00:00+00:00,56800.0,57100.0,56700.0,57000.0,868867,1h,VCB,VCB.VN
2026-01-06 04:00:00+00:00,56700.0,56900.0,56600.0,56700.0,344491,1h,VCB,VCB.VN
2026-01-06 06:00:00+00:00,57300.0,57400.0,56600.0,56700.0,1491626,1h,VCB,VCB.VN
2026-01-06 07:00:00+00:00,57300.0,57500.0,57200.0,57300.0,0,1h,VCB,VCB.VN
2026-01-07 02:00:00+00:00,59100.0,59700.0,57500.0,57600.0,4688422,1h,VCB,VCB.VN
2026-01-07 03:00:00+00:00,59200.0,59400.0,58900.0,59200.0,1808444,1h,VCB,VCB.VN
2026-01-07 04:00:00+00:00,59300.0,59400.0,59100.0,59200.0,1017990,1h,VCB,VCB.VN
2026-01-07 06:00:00+00:00,59600.0,59600.0,59100.0,59300.0,2519998,1h,VCB,VCB.VN
2026-01-07 07:00:00+00:00,59600.0,59900.0,59300.0,59600.0,0,1h,VCB,VCB.VN
2026-01-08 02:00:00+00:00,60000.0,60700.0,59700.0,59800.0,2384213,1h,VCB,VCB.VN
2026-01-08 03:00:00+00:00,60300.0,60300.0,59900.0,60100.0,1724673,1h,VCB,VCB.VN
2026-01-08 04:00:00+00:00,62200.0,62400.0,60200.0,60300.0,4651203,1h,VCB,VCB.VN
2026-01-08 06:00:00+00:00,63000.0,63700.0,62100.0,62200.0,12910909,1h,VCB,VCB.VN
2026-01-08 07:00:00+00:00,63700.0,63700.0,63100.0,63100.0,0,1h,VCB,VCB.VN
2026-01-09 02:00:00+00:00,66900.0,67000.0,65400.0,65400.0,7922962,1h,VCB,VCB.VN
2026-01-09 03:00:00+00:00,66400.0,66900.0,66100.0,66800.0,3790094,1h,VCB,VCB.VN
2026-01-09 04:00:00+00:00,66400.0,66800.0,66300.0,66300.0,1797798,1h,VCB,VCB.VN
2026-01-09 06:00:00+00:00,67500.0,67900.0,66000.0,66400.0,12566963,1h,VCB,VCB.VN
2026-01-09 07:00:00+00:00,68000.0,68000.0,67000.0,67500.0,6445558,1h,VCB,VCB.VN
2026-01-12 02:00:00+00:00,72600.0,72700.0,69600.0,69900.0,0,1h,VCB,VCB.VN
2026-01-12 03:00:00+00:00,72700.0,72700.0,72500.0,72600.0,3457766,1h,VCB,VCB.VN
2026-01-12 04:00:00+00:00,72700.0,72700.0,72700.0,72700.0,586584,1h,VCB,VCB.VN
2026-01-12 06:00:00+00:00,72700.0,72700.0,72700.0,72700.0,2396127,1h,VCB,VCB.VN
2026-01-12 07:00:00+00:00,72700.0,72700.0,72700.0,72700.0,0,1h,VCB,VCB.VN
2026-01-13 02:00:00+00:00,72700.0,74300.0,72000.0,74300.0,8014529,1h,VCB,VCB.VN
2026-01-13 03:00:00+00:00,72700.0,74000.0,72400.0,72600.0,3940305,1h,VCB,VCB.VN
2026-01-13 04:00:00+00:00,72200.0,72900.0,72200.0,72700.0,1085518,1h,VCB,VCB.VN
2026-01-13 06:00:00+00:00,75400.0,76000.0,71800.0,72200.0,11327726,1h,VCB,VCB.VN
2026-01-13 07:00:00+00:00,74000.0,75500.0,73500.0,75300.0,0,1h,VCB,VCB.VN
2026-01-14 02:00:00+00:00,74300.0,75000.0,73100.0,73100.0,3475861,1h,VCB,VCB.VN
2026-01-14 03:00:00+00:00,78300.0,78800.0,73900.0,74300.0,6606968,1h,VCB,VCB.VN
2026-01-14 04:00:00+00:00,77900.0,78300.0,77100.0,78300.0,1705336,1h,VCB,VCB.VN
2026-01-14 06:00:00+00:00,77300.0,78500.0,75700.0,77900.0,5660607,1h,VCB,VCB.VN
2026-01-14 07:00:00+00:00,76000.0,77400.0,73900.0,77400.0,0,1h,VCB,VCB.VN
2026-01-15 02:00:00+00:00,74000.0,74900.0,72500.0,74000.0,2773812,1h,VCB,VCB.VN
2026-01-15 03:00:00+00:00,73600.0,74300.0,73000.0,74000.0,3523309,1h,VCB,VCB.VN
2026-01-15 04:00:00+00:00,72900.0,73900.0,72600.0,73600.0,2142764,1h,VCB,VCB.VN
2026-01-15 06:00:00+00:00,73600.0,73700.0,72300.0,72900.0,5323650,1h,VCB,VCB.VN
2026-01-15 07:00:00+00:00,71900.0,74300.0,71900.0,73700.0,0,1h,VCB,VCB.VN
2026-01-16 02:00:00+00:00,73900.0,76000.0,72500.0,73000.0,5069005,1h,VCB,VCB.VN
2026-01-16 03:00:00+00:00,73300.0,74300.0,73300.0,73900.0,1651513,1h,VCB,VCB.VN
2026-01-16 04:00:00+00:00,73200.0,73500.0,73000.0,73300.0,776230,1h,VCB,VCB.VN
2026-01-16 06:00:00+00:00,73000.0,73600.0,72700.0,73200.0,2934132,1h,VCB,VCB.VN
2026-01-16 07:00:00+00:00,73000.0,73200.0,72000.0,73100.0,3021926,1h,VCB,VCB.VN
2026-01-19 02:00:00+00:00,73000.0,73500.0,72000.0,73000.0,0,1h,VCB,VCB.VN
2026-01-19 03:00:00+00:00,72200.0,73000.0,71600.0,73000.0,1875890,1h,VCB,VCB.VN
2026-01-19 04:00:00+00:00,72000.0,73000.0,71900.0,72200.0,1198067,1h,VCB,VCB.VN
2026-01-19 06:00:00+00:00,72400.0,73100.0,71800.0,71900.0,1700106,1h,VCB,VCB.VN
2026-01-19 07:00:00+00:00,72700.0,73000.0,72300.0,72300.0,0,1h,VCB,VCB.VN
2026-01-20 02:00:00+00:00,73600.0,74100.0,73300.0,74000.0,2282404,1h,VCB,VCB.VN
2026-01-20 03:00:00+00:00,72800.0,73800.0,72500.0,73600.0,6478941,1h,VCB,VCB.VN
2026-01-20 04:00:00+00:00,72500.0,72900.0,72100.0,72800.0,2384006,1h,VCB,VCB.VN
2026-01-20 06:00:00+00:00,73700.0,75000.0,72300.0,72500.0,7365830,1h,VCB,VCB.VN
2026-01-20 07:00:00+00:00,73500.0,73800.0,72900.0,73700.0,0,1h,VCB,VCB.VN
2026-01-21 02:00:00+00:00,72100.0,73100.0,71700.0,72800.0,3442319,1h,VCB,VCB.VN
2026-01-21 03:00:00+00:00,72900.0,73600.0,71700.0,72100.0,2199127,1h,VCB,VCB.VN
2026-01-21 04:00:00+00:00,72200.0,73500.0,72200.0,72900.0,784729,1h,VCB,VCB.VN
2026-01-21 06:00:00+00:00,71900.0,72500.0,71800.0,72300.0,2790548,1h,VCB,VCB.VN
2026-01-21 07:00:00+00:00,72800.0,73000.0,71800.0,71800.0,0,1h,VCB,VCB.VN
2026-01-22 02:00:00+00:00,72400.0,73800.0,72200.0,73400.0,2340018,1h,VCB,VCB.VN
2026-01-22 03:00:00+00:00,73800.0,75900.0,72400.0,72500.0,31383664,1h,VCB,VCB.VN
2026-01-22 04:00:00+00:00,73300.0,73900.0,73200.0,73800.0,971578,1h,VCB,VCB.VN
2026-01-22 06:00:00+00:00,72900.0,73300.0,72500.0,73300.0,26043243,1h,VCB,VCB.VN
2026-01-22 07:00:00+00:00,71000.0,73100.0,70600.0,72800.0,0,1h,VCB,VCB.VN
2026-01-23 02:00:00+00:00,70100.0,71000.0,69500.0,71000.0,3734045,1h,VCB,VCB.VN
2026-01-23 03:00:00+00:00,69200.0,70200.0,69000.0,70100.0,4470027,1h,VCB,VCB.VN
2026-01-23 04:00:00+00:00,69100.0,69400.0,69100.0,69300.0,1391942,1h,VCB,VCB.VN
2026-01-23 06:00:00+00:00,69300.0,69900.0,69100.0,69100.0,3185706,1h,VCB,VCB.VN
2026-01-23 07:00:00+00:00,68600.0,69600.0,68500.0,69300.0,5094196,1h,VCB,VCB.VN
2026-01-26 02:00:00+00:00,69800.0,70300.0,68900.0,68900.0,0,1h,VCB,VCB.VN
2026-01-26 03:00:00+00:00,70000.0,70500.0,69900.0,69900.0,1442610,1h,VCB,VCB.VN
2026-01-26 04:00:00+00:00,70900.0,71100.0,70000.0,70000.0,1148671,1h,VCB,VCB.VN
2026-01-26 06:00:00+00:00,69700.0,71000.0,69300.0,70900.0,3890103,1h,VCB,VCB.VN
2026-01-26 07:00:00+00:00,69600.0,69900.0,68700.0,69700.0,0,1h,VCB,VCB.VN
2026-01-27 02:00:00+00:00,68700.0,69900.0,68100.0,69700.0,1785531,1h,VCB,VCB.VN
2026-01-27 03:00:00+00:00,68900.0,69000.0,68400.0,68700.0,1887135,1h,VCB,VCB.VN
2026-01-27 04:00:00+00:00,68900.0,69500.0,68700.0,68900.0,710437,1h,VCB,VCB.VN
2026-01-27 06:00:00+00:00,69700.0,70000.0,68500.0,68900.0,2545765,1h,VCB,VCB.VN
2026-01-27 07:00:00+00:00,70600.0,71500.0,69400.0,69700.0,0,1h,VCB,VCB.VN
2026-01-28 02:00:00+00:00,71300.0,71800.0,70100.0,71100.0,2899992,1h,VCB,VCB.VN
2026-01-28 03:00:00+00:00,71200.0,72900.0,70700.0,71300.0,4035332,1h,VCB,VCB.VN
2026-01-28 04:00:00+00:00,70800.0,71300.0,70700.0,71200.0,853388,1h,VCB,VCB.VN
2026-01-28 06:00:00+00:00,70100.0,71100.0,70000.0,70800.0,2443434,1h,VCB,VCB.VN
2026-01-28 07:00:00+00:00,69600.0,70400.0,69400.0,70100.0,0,1h,VCB,VCB.VN
2026-01-29 02:00:00+00:00,69000.0,69800.0,68700.0,69300.0,1555232,1h,VCB,VCB.VN
2026-01-29 03:00:00+00:00,69000.0,69100.0,68600.0,69000.0,1966931,1h,VCB,VCB.VN
2026-01-29 04:00:00+00:00,68900.0,69000.0,68800.0,69000.0,631286,1h,VCB,VCB.VN
2026-01-29 06:00:00+00:00,69800.0,69900.0,68800.0,69000.0,2125064,1h,VCB,VCB.VN
2026-01-29 07:00:00+00:00,69800.0,70800.0,69500.0,69800.0,0,1h,VCB,VCB.VN
2026-01-30 02:00:00+00:00,70000.0,70700.0,69600.0,70600.0,1125614,1h,VCB,VCB.VN
2026-01-30 03:00:00+00:00,70500.0,70700.0,69900.0,69900.0,1520929,1h,VCB,VCB.VN
2026-01-30 04:00:00+00:00,71400.0,71700.0,70500.0,70600.0,2129805,1h,VCB,VCB.VN
2026-01-30 06:00:00+00:00,71600.0,71900.0,71100.0,71400.0,3815091,1h,VCB,VCB.VN
2026-01-30 07:00:00+00:00,70500.0,71700.0,70500.0,71500.0,2904191,1h,VCB,VCB.VN
2026-02-02 07:00:00+00:00,71500.0,71500.0,71500.0,71500.0,0,1h,VCB,VCB.VN
2026-02-03 02:00:00+00:00,72200.0,72800.0,71300.0,72400.0,2905256,1h,VCB,VCB.VN
2026-02-03 03:00:00+00:00,72200.0,72500.0,71600.0,72200.0,2390971,1h,VCB,VCB.VN
2026-02-03 04:00:00+00:00,72800.0,73300.0,72200.0,72300.0,3088510,1h,VCB,VCB.VN
2026-02-03 06:00:00+00:00,72300.0,73000.0,72200.0,72800.0,4173204,1h,VCB,VCB.VN
2026-02-03 07:00:00+00:00,71800.0,72400.0,71500.0,72300.0,0,1h,VCB,VCB.VN
2026-02-04 02:00:00+00:00,71800.0,72000.0,71500.0,72000.0,1695895,1h,VCB,VCB.VN
2026-02-04 03:00:00+00:00,71400.0,71900.0,71100.0,71700.0,1664271,1h,VCB,VCB.VN
2026-02-04 04:00:00+00:00,70900.0,71500.0,70800.0,71400.0,1026408,1h,VCB,VCB.VN
2026-02-04 06:00:00+00:00,70900.0,71200.0,70700.0,70900.0,2424390,1h,VCB,VCB.VN
2026-02-04 07:00:00+00:00,70800.0,71000.0,70500.0,70900.0,0,1h,VCB,VCB.VN
2026-02-05 02:00:00+00:00,69700.0,70800.0,69500.0,70700.0,1789204,1h,VCB,VCB.VN
2026-02-05 03:00:00+00:00,69500.0,69900.0,68900.0,69700.0,2819363,1h,VCB,VCB.VN
2026-02-05 04:00:00+00:00,69000.0,69500.0,68900.0,69400.0,1277107,1h,VCB,VCB.VN
2026-02-05 06:00:00+00:00,69200.0,69400.0,68900.0,69100.0,2396872,1h,VCB,VCB.VN
2026-02-05 07:00:00+00:00,68400.0,69400.0,68400.0,69100.0,0,1h,VCB,VCB.VN
2026-02-06 02:00:00+00:00,66500.0,67900.0,66300.0,67900.0,5791249,1h,VCB,VCB.VN
2026-02-06 03:00:00+00:00,66000.0,66600.0,64900.0,66400.0,9424736,1h,VCB,VCB.VN
2026-02-06 04:00:00+00:00,65900.0,66000.0,65300.0,65900.0,1190675,1h,VCB,VCB.VN
2026-02-06 06:00:00+00:00,65800.0,66700.0,65700.0,65900.0,3224785,1h,VCB,VCB.VN
2026-02-06 07:00:00+00:00,65100.0,66400.0,65100.0,65800.0,0,1h,VCB,VCB.VN
2026-02-09 02:00:00+00:00,64800.0,66000.0,64200.0,65500.0,2130932,1h,VCB,VCB.VN
2026-02-09 03:00:00+00:00,64700.0,65000.0,64500.0,64800.0,1511870,1h,VCB,VCB.VN
2026-02-09 04:00:00+00:00,64700.0,64900.0,64600.0,64600.0,345366,1h,VCB,VCB.VN
2026-02-09 06:00:00+00:00,65200.0,65800.0,64700.0,64800.0,2125273,1h,VCB,VCB.VN
2026-02-09 07:00:00+00:00,65000.0,65400.0,64700.0,65200.0,0,1h,VCB,VCB.VN
2026-02-10 02:00:00+00:00,65100.0,65500.0,64500.0,64500.0,1185742,1h,VCB,VCB.VN
2026-02-10 03:00:00+00:00,63800.0,65200.0,63400.0,65100.0,4433824,1h,VCB,VCB.VN
2026-02-10 04:00:00+00:00,64300.0,64600.0,63600.0,63800.0,820120,1h,VCB,VCB.VN
2026-02-10 06:00:00+00:00,63400.0,64500.0,63400.0,64300.0,3601279,1h,VCB,VCB.VN
2026-02-10 07:00:00+00:00,63100.0,64000.0,62600.0,63500.0,0,1h,VCB,VCB.VN
2026-02-11 02:00:00+00:00,65500.0,65700.0,63500.0,64000.0,2667203,1h,VCB,VCB.VN
2026-02-11 03:00:00+00:00,65800.0,66600.0,65200.0,65600.0,4143245,1h,VCB,VCB.VN
2026-02-11 04:00:00+00:00,65900.0,66000.0,65100.0,65800.0,847460,1h,VCB,VCB.VN
2026-02-11 06:00:00+00:00,65700.0,66300.0,65300.0,65900.0,1552367,1h,VCB,VCB.VN
2026-02-11 07:00:00+00:00,64700.0,65700.0,64500.0,65700.0,0,1h,VCB,VCB.VN
2026-02-12 02:00:00+00:00,65000.0,65500.0,64800.0,65500.0,673440,1h,VCB,VCB.VN
2026-02-12 03:00:00+00:00,65200.0,65300.0,64900.0,65000.0,3901802,1h,VCB,VCB.VN
2026-02-12 04:00:00+00:00,64900.0,65200.0,64900.0,65200.0,274559,1h,VCB,VCB.VN
2026-02-12 06:00:00+00:00,64800.0,65100.0,64700.0,64900.0,1890766,1h,VCB,VCB.VN
2026-02-12 07:00:00+00:00,64200.0,64800.0,64200.0,64700.0,0,1h,VCB,VCB.VN
2026-02-13 02:00:00+00:00,64400.0,65100.0,64000.0,64700.0,953589,1h,VCB,VCB.VN
2026-02-13 03:00:00+00:00,64300.0,64600.0,64200.0,64600.0,674817,1h,VCB,VCB.VN
2026-02-13 04:00:00+00:00,64200.0,64500.0,64200.0,64300.0,317619,1h,VCB,VCB.VN
2026-02-13 06:00:00+00:00,64600.0,65000.0,64200.0,64200.0,1350873,1h,VCB,VCB.VN
2026-02-13 07:00:00+00:00,64400.0,64800.0,64300.0,64600.0,1664211,1h,VCB,VCB.VN
2026-02-23 02:00:00+00:00,65700.0,65900.0,64600.0,65000.0,0,1h,VCB,VCB.VN
2026-02-23 03:00:00+00:00,65200.0,65600.0,65000.0,65600.0,1575374,1h,VCB,VCB.VN
2026-02-23 04:00:00+00:00,65500.0,65500.0,65200.0,65300.0,399292,1h,VCB,VCB.VN
2026-02-23 06:00:00+00:00,66400.0,66700.0,65200.0,65500.0,3819508,1h,VCB,VCB.VN
2026-02-23 07:00:00+00:00,66400.0,66500.0,66000.0,66400.0,0,1h,VCB,VCB.VN
2026-02-24 02:00:00+00:00,65400.0,66600.0,65300.0,66600.0,1986817,1h,VCB,VCB.VN
2026-02-24 03:00:00+00:00,65900.0,65900.0,65200.0,65400.0,1820328,1h,VCB,VCB.VN
2026-02-24 04:00:00+00:00,65800.0,66200.0,65700.0,65900.0,493895,1h,VCB,VCB.VN
2026-02-24 06:00:00+00:00,65300.0,65800.0,65100.0,65800.0,2836012,1h,VCB,VCB.VN
2026-02-24 07:00:00+00:00,65000.0,65300.0,64900.0,65300.0,0,1h,VCB,VCB.VN
2026-02-25 02:00:00+00:00,65600.0,65700.0,64700.0,65000.0,2188868,1h,VCB,VCB.VN
2026-02-25 03:00:00+00:00,65900.0,66500.0,65400.0,65600.0,2844735,1h,VCB,VCB.VN
2026-02-25 04:00:00+00:00,65700.0,66000.0,65500.0,66000.0,610843,1h,VCB,VCB.VN
2026-02-25 06:00:00+00:00,65200.0,65700.0,65100.0,65700.0,2026473,1h,VCB,VCB.VN
2026-02-25 07:00:00+00:00,65100.0,65400.0,65100.0,65200.0,0,1h,VCB,VCB.VN
2026-02-26 02:00:00+00:00,65300.0,65800.0,65200.0,65200.0,1203830,1h,VCB,VCB.VN
2026-02-26 03:00:00+00:00,65300.0,65900.0,65200.0,65300.0,1563744,1h,VCB,VCB.VN
2026-02-26 04:00:00+00:00,65200.0,65400.0,65100.0,65400.0,964925,1h,VCB,VCB.VN
2026-02-26 06:00:00+00:00,65300.0,65400.0,65000.0,65200.0,1587946,1h,VCB,VCB.VN
2026-02-26 07:00:00+00:00,65400.0,65700.0,65200.0,65300.0,0,1h,VCB,VCB.VN
2026-02-27 02:00:00+00:00,65300.0,66400.0,65300.0,65500.0,2021415,1h,VCB,VCB.VN
2026-02-27 03:00:00+00:00,65000.0,65400.0,64800.0,65400.0,2410579,1h,VCB,VCB.VN
2026-02-27 04:00:00+00:00,65000.0,65100.0,64900.0,65000.0,623143,1h,VCB,VCB.VN
2026-02-27 06:00:00+00:00,65200.0,65200.0,64800.0,65000.0,1790938,1h,VCB,VCB.VN
2026-02-27 07:00:00+00:00,64900.0,65300.0,64800.0,65200.0,2110419,1h,VCB,VCB.VN
2026-03-02 02:00:00+00:00,63800.0,63900.0,62900.0,62900.0,0,1h,VCB,VCB.VN
2026-03-02 03:00:00+00:00,63400.0,63800.0,63100.0,63800.0,3261934,1h,VCB,VCB.VN
2026-03-02 04:00:00+00:00,63300.0,63700.0,63300.0,63400.0,1550059,1h,VCB,VCB.VN
2026-03-02 06:00:00+00:00,63300.0,63500.0,63000.0,63400.0,3654500,1h,VCB,VCB.VN
2026-03-02 07:00:00+00:00,62900.0,63400.0,62900.0,63300.0,0,1h,VCB,VCB.VN
2026-03-03 02:00:00+00:00,63500.0,63700.0,62900.0,62900.0,2239219,1h,VCB,VCB.VN
2026-03-03 03:00:00+00:00,63100.0,63600.0,63100.0,63600.0,1390352,1h,VCB,VCB.VN
2026-03-03 04:00:00+00:00,63100.0,63200.0,62800.0,63100.0,1013999,1h,VCB,VCB.VN
2026-03-03 06:00:00+00:00,61900.0,63100.0,61400.0,63100.0,5608440,1h,VCB,VCB.VN
2026-03-03 07:00:00+00:00,61600.0,62000.0,61600.0,61800.0,0,1h,VCB,VCB.VN
2026-03-04 02:00:00+00:00,62400.0,63200.0,61700.0,61800.0,3040093,1h,VCB,VCB.VN
2026-03-04 03:00:00+00:00,61900.0,62500.0,61700.0,62300.0,2328980,1h,VCB,VCB.VN
2026-03-04 04:00:00+00:00,62400.0,62800.0,61800.0,62000.0,956844,1h,VCB,VCB.VN
2026-03-04 06:00:00+00:00,62400.0,62400.0,61800.0,62400.0,2082507,1h,VCB,VCB.VN
2026-03-04 07:00:00+00:00,63000.0,63000.0,62200.0,62400.0,0,1h,VCB,VCB.VN
2026-03-05 02:00:00+00:00,63300.0,63700.0,63300.0,63700.0,1477396,1h,VCB,VCB.VN
2026-03-05 03:00:00+00:00,63300.0,63500.0,63100.0,63300.0,977784,1h,VCB,VCB.VN
2026-03-05 04:00:00+00:00,63300.0,63400.0,63200.0,63300.0,265618,1h,VCB,VCB.VN
2026-03-05 06:00:00+00:00,62800.0,63400.0,62500.0,63300.0,2164067,1h,VCB,VCB.VN
2026-03-05 07:00:00+00:00,62500.0,63100.0,62500.0,62700.0,0,1h,VCB,VCB.VN
2026-03-06 02:00:00+00:00,62500.0,62500.0,61700.0,62000.0,1299889,1h,VCB,VCB.VN
2026-03-06 03:00:00+00:00,62700.0,62800.0,62200.0,62500.0,1295546,1h,VCB,VCB.VN
2026-03-06 04:00:00+00:00,62900.0,63200.0,62700.0,62700.0,813653,1h,VCB,VCB.VN
2026-03-06 06:00:00+00:00,62400.0,62900.0,62200.0,62900.0,2203742,1h,VCB,VCB.VN
2026-03-06 07:00:00+00:00,61600.0,62600.0,61600.0,62200.0,3256750,1h,VCB,VCB.VN
2026-03-09 02:00:00+00:00,57500.0,59700.0,57300.0,57400.0,1139378,1h,VCB,VCB.VN
2026-03-09 03:00:00+00:00,57300.0,57500.0,57300.0,57500.0,6004634,1h,VCB,VCB.VN
2026-03-09 04:00:00+00:00,57300.0,57300.0,57300.0,57300.0,1199750,1h,VCB,VCB.VN
2026-03-09 06:00:00+00:00,57700.0,58600.0,57300.0,57300.0,6124319,1h,VCB,VCB.VN
2026-03-09 07:00:00+00:00,57300.0,57700.0,57300.0,57700.0,0,1h,VCB,VCB.VN
2026-03-10 02:00:00+00:00,60300.0,60800.0,59000.0,59800.0,4573115,1h,VCB,VCB.VN
2026-03-10 03:00:00+00:00,60000.0,60900.0,59800.0,60300.0,1833246,1h,VCB,VCB.VN
2026-03-10 04:00:00+00:00,59800.0,60100.0,59800.0,60000.0,296139,1h,VCB,VCB.VN
2026-03-10 06:00:00+00:00,59200.0,60100.0,59000.0,59800.0,2633727,1h,VCB,VCB.VN
2026-03-10 07:00:00+00:00,60400.0,60400.0,58800.0,59300.0,0,1h,VCB,VCB.VN
2026-03-11 02:00:00+00:00,60300.0,60500.0,60000.0,60500.0,965027,1h,VCB,VCB.VN
2026-03-11 03:00:00+00:00,60400.0,60600.0,60100.0,60200.0,1202021,1h,VCB,VCB.VN
2026-03-11 04:00:00+00:00,60400.0,60400.0,60200.0,60400.0,368323,1h,VCB,VCB.VN
2026-03-11 06:00:00+00:00,61000.0,61200.0,60000.0,60400.0,4118054,1h,VCB,VCB.VN
2026-03-11 07:00:00+00:00,60400.0,61000.0,60100.0,61000.0,0,1h,VCB,VCB.VN
2026-03-12 02:00:00+00:00,60100.0,60300.0,59700.0,60200.0,1298986,1h,VCB,VCB.VN
2026-03-12 03:00:00+00:00,60100.0,60300.0,59900.0,60000.0,1728994,1h,VCB,VCB.VN
2026-03-12 04:00:00+00:00,59800.0,60100.0,59800.0,60000.0,670376,1h,VCB,VCB.VN
2026-03-12 06:00:00+00:00,59900.0,60000.0,59500.0,59800.0,1672577,1h,VCB,VCB.VN
2026-03-12 07:00:00+00:00,59800.0,59900.0,59600.0,59800.0,0,1h,VCB,VCB.VN
2026-03-13 02:00:00+00:00,60000.0,60000.0,58900.0,59200.0,1247859,1h,VCB,VCB.VN
2026-03-13 03:00:00+00:00,60000.0,60100.0,59300.0,60000.0,798688,1h,VCB,VCB.VN
2026-03-13 04:00:00+00:00,59600.0,60000.0,59500.0,60000.0,221683,1h,VCB,VCB.VN
2026-03-13 06:00:00+00:00,59700.0,60000.0,59500.0,59600.0,1296327,1h,VCB,VCB.VN
2026-03-13 07:00:00+00:00,59000.0,59700.0,59000.0,59600.0,2134021,1h,VCB,VCB.VN
2026-03-16 02:00:00+00:00,59000.0,59800.0,58800.0,59300.0,0,1h,VCB,VCB.VN
2026-03-16 03:00:00+00:00,58800.0,59400.0,58800.0,59000.0,844679,1h,VCB,VCB.VN
2026-03-16 04:00:00+00:00,58900.0,58900.0,58600.0,58800.0,525037,1h,VCB,VCB.VN
2026-03-16 06:00:00+00:00,58900.0,59000.0,58600.0,59000.0,1023235,1h,VCB,VCB.VN
2026-03-16 07:00:00+00:00,58800.0,59200.0,58700.0,58800.0,0,1h,VCB,VCB.VN
2026-03-17 02:00:00+00:00,59700.0,60100.0,59400.0,59500.0,1613697,1h,VCB,VCB.VN
2026-03-17 03:00:00+00:00,59800.0,59900.0,59600.0,59600.0,975414,1h,VCB,VCB.VN
2026-03-17 04:00:00+00:00,60000.0,60000.0,59800.0,59900.0,315758,1h,VCB,VCB.VN
2026-03-17 06:00:00+00:00,59700.0,60100.0,59700.0,60000.0,1550582,1h,VCB,VCB.VN
2026-03-17 07:00:00+00:00,60500.0,60500.0,59700.0,59700.0,0,1h,VCB,VCB.VN
2026-03-18 02:00:00+00:00,61200.0,62000.0,60700.0,60900.0,3311146,1h,VCB,VCB.VN
2026-03-18 03:00:00+00:00,60600.0,61200.0,60500.0,61000.0,1588380,1h,VCB,VCB.VN
2026-03-18 04:00:00+00:00,60200.0,60700.0,60000.0,60700.0,653108,1h,VCB,VCB.VN
2026-03-18 06:00:00+00:00,60200.0,60500.0,60000.0,60100.0,1611507,1h,VCB,VCB.VN
2026-03-18 07:00:00+00:00,60500.0,60600.0,60200.0,60300.0,0,1h,VCB,VCB.VN
2026-03-19 02:00:00+00:00,59900.0,60000.0,59500.0,59700.0,896953,1h,VCB,VCB.VN
2026-03-19 03:00:00+00:00,59700.0,60000.0,59700.0,59900.0,596509,1h,VCB,VCB.VN
2026-03-19 04:00:00+00:00,59700.0,59900.0,59600.0,59800.0,270770,1h,VCB,VCB.VN
2026-03-19 06:00:00+00:00,59100.0,59700.0,59000.0,59600.0,2240512,1h,VCB,VCB.VN
2026-03-19 07:00:00+00:00,59800.0,60000.0,59100.0,59100.0,0,1h,VCB,VCB.VN
2026-03-20 02:00:00+00:00,59300.0,59800.0,59200.0,59800.0,589327,1h,VCB,VCB.VN
2026-03-20 03:00:00+00:00,59500.0,59700.0,59300.0,59300.0,541390,1h,VCB,VCB.VN
2026-03-20 04:00:00+00:00,59300.0,59600.0,59200.0,59500.0,411718,1h,VCB,VCB.VN
2026-03-20 06:00:00+00:00,58800.0,59400.0,58600.0,59300.0,2369524,1h,VCB,VCB.VN
2026-03-20 07:00:00+00:00,58000.0,58900.0,58000.0,58800.0,4507533,1h,VCB,VCB.VN
2026-03-23 02:00:00+00:00,57100.0,57900.0,57000.0,57800.0,0,1h,VCB,VCB.VN
2026-03-23 03:00:00+00:00,57500.0,57600.0,56500.0,57100.0,2747873,1h,VCB,VCB.VN
2026-03-23 04:00:00+00:00,57800.0,58000.0,57300.0,57500.0,624747,1h,VCB,VCB.VN
2026-03-23 06:00:00+00:00,57700.0,58300.0,57400.0,57900.0,1967904,1h,VCB,VCB.VN
2026-03-23 07:00:00+00:00,57600.0,58000.0,57200.0,57700.0,0,1h,VCB,VCB.VN
2026-03-24 02:00:00+00:00,58000.0,59000.0,58000.0,59000.0,1104714,1h,VCB,VCB.VN
2026-03-24 03:00:00+00:00,58700.0,58900.0,58000.0,58000.0,1252774,1h,VCB,VCB.VN
2026-03-24 04:00:00+00:00,58500.0,58700.0,58300.0,58600.0,282741,1h,VCB,VCB.VN
2026-03-24 06:00:00+00:00,58200.0,58600.0,58000.0,58500.0,845614,1h,VCB,VCB.VN
2026-03-24 07:00:00+00:00,58200.0,58300.0,58100.0,58200.0,0,1h,VCB,VCB.VN
2026-03-25 02:00:00+00:00,58400.0,59100.0,58300.0,58800.0,1278954,1h,VCB,VCB.VN
2026-03-25 03:00:00+00:00,58400.0,58800.0,58300.0,58500.0,1097519,1h,VCB,VCB.VN
2026-03-25 04:00:00+00:00,58300.0,58500.0,58300.0,58400.0,622523,1h,VCB,VCB.VN
2026-03-25 06:00:00+00:00,58300.0,58700.0,58200.0,58300.0,2821855,1h,VCB,VCB.VN
2026-03-25 07:00:00+00:00,58400.0,58400.0,58000.0,58300.0,0,1h,VCB,VCB.VN
2026-03-26 02:00:00+00:00,58000.0,58600.0,57800.0,58500.0,1280674,1h,VCB,VCB.VN
2026-03-26 03:00:00+00:00,57700.0,58100.0,57700.0,58000.0,1159009,1h,VCB,VCB.VN
2026-03-26 04:00:00+00:00,57800.0,57900.0,57700.0,57700.0,463737,1h,VCB,VCB.VN
2026-03-26 06:00:00+00:00,57900.0,58000.0,57700.0,57900.0,1579922,1h,VCB,VCB.VN
2026-03-26 07:00:00+00:00,57900.0,57900.0,57500.0,57800.0,0,1h,VCB,VCB.VN
2026-03-27 02:00:00+00:00,58200.0,58400.0,57900.0,58000.0,843766,1h,VCB,VCB.VN
2026-03-27 03:00:00+00:00,58100.0,58200.0,58000.0,58100.0,683568,1h,VCB,VCB.VN
2026-03-27 04:00:00+00:00,58100.0,58200.0,58000.0,58100.0,446542,1h,VCB,VCB.VN
2026-03-27 06:00:00+00:00,58500.0,58500.0,57900.0,58100.0,2021410,1h,VCB,VCB.VN
2026-03-27 07:00:00+00:00,58800.0,59000.0,58400.0,58500.0,2147497,1h,VCB,VCB.VN
2026-03-30 02:00:00+00:00,58000.0,58100.0,57800.0,57900.0,0,1h,VCB,VCB.VN
2026-03-30 03:00:00+00:00,58100.0,58200.0,57800.0,58000.0,6018188,1h,VCB,VCB.VN
2026-03-30 04:00:00+00:00,58100.0,58100.0,58000.0,58100.0,273554,1h,VCB,VCB.VN
2026-03-30 06:00:00+00:00,58400.0,58400.0,57900.0,58100.0,1623418,1h,VCB,VCB.VN
2026-03-30 07:00:00+00:00,58000.0,58500.0,58000.0,58500.0,0,1h,VCB,VCB.VN
2026-03-31 02:00:00+00:00,58400.0,58600.0,58100.0,58200.0,1003890,1h,VCB,VCB.VN
2026-03-31 03:00:00+00:00,58500.0,58900.0,58300.0,58400.0,1167282,1h,VCB,VCB.VN
2026-03-31 04:00:00+00:00,58500.0,58700.0,58500.0,58600.0,335940,1h,VCB,VCB.VN
2026-03-31 06:00:00+00:00,58300.0,58600.0,58000.0,58600.0,1520255,1h,VCB,VCB.VN
2026-03-31 07:00:00+00:00,58100.0,58400.0,58000.0,58300.0,0,1h,VCB,VCB.VN
2026-04-01 02:00:00+00:00,58700.0,59000.0,58500.0,58900.0,1740316,1h,VCB,VCB.VN
2026-04-01 03:00:00+00:00,58600.0,58800.0,58600.0,58700.0,700560,1h,VCB,VCB.VN
2026-04-01 04:00:00+00:00,58600.0,58700.0,58600.0,58600.0,291896,1h,VCB,VCB.VN
2026-04-01 06:00:00+00:00,59000.0,59200.0,58600.0,58600.0,3600765,1h,VCB,VCB.VN
2026-04-01 07:00:00+00:00,59000.0,59100.0,58800.0,59000.0,0,1h,VCB,VCB.VN
2026-04-02 02:00:00+00:00,58600.0,58700.0,58300.0,58700.0,1174550,1h,VCB,VCB.VN
2026-04-02 03:00:00+00:00,58600.0,58800.0,58400.0,58600.0,718816,1h,VCB,VCB.VN
2026-04-02 04:00:00+00:00,58500.0,58700.0,58500.0,58600.0,426307,1h,VCB,VCB.VN
2026-04-02 06:00:00+00:00,58200.0,58600.0,58100.0,58500.0,2330944,1h,VCB,VCB.VN
2026-04-02 07:00:00+00:00,58200.0,58500.0,58100.0,58100.0,0,1h,VCB,VCB.VN
2026-04-03 02:00:00+00:00,58200.0,58500.0,58200.0,58300.0,504270,1h,VCB,VCB.VN
2026-04-03 03:00:00+00:00,58000.0,58400.0,58000.0,58300.0,1085242,1h,VCB,VCB.VN
2026-04-03 04:00:00+00:00,58200.0,58300.0,58000.0,58000.0,340463,1h,VCB,VCB.VN
2026-04-03 06:00:00+00:00,58100.0,58300.0,58000.0,58200.0,1197633,1h,VCB,VCB.VN
2026-04-03 07:00:00+00:00,57700.0,58100.0,57700.0,58100.0,2929677,1h,VCB,VCB.VN
2026-04-06 02:00:00+00:00,58000.0,58200.0,57700.0,57800.0,0,1h,VCB,VCB.VN
2026-04-06 03:00:00+00:00,57900.0,58100.0,57700.0,58000.0,559377,1h,VCB,VCB.VN
2026-04-06 04:00:00+00:00,57900.0,58000.0,57800.0,57900.0,181096,1h,VCB,VCB.VN
2026-04-06 06:00:00+00:00,58000.0,58200.0,57800.0,57900.0,1329554,1h,VCB,VCB.VN
2026-04-06 07:00:00+00:00,58000.0,58100.0,57700.0,58000.0,0,1h,VCB,VCB.VN
2026-04-07 02:00:00+00:00,58200.0,58200.0,57900.0,58000.0,393712,1h,VCB,VCB.VN
2026-04-07 03:00:00+00:00,58000.0,58300.0,57900.0,58100.0,905683,1h,VCB,VCB.VN
2026-04-07 04:00:00+00:00,57900.0,58000.0,57800.0,57900.0,327727,1h,VCB,VCB.VN
2026-04-07 06:00:00+00:00,57900.0,58000.0,57800.0,57900.0,1057505,1h,VCB,VCB.VN
2026-04-07 07:00:00+00:00,58000.0,58200.0,57700.0,57800.0,0,1h,VCB,VCB.VN
2026-04-08 02:00:00+00:00,59000.0,59500.0,58800.0,59200.0,3530939,1h,VCB,VCB.VN
2026-04-08 03:00:00+00:00,59300.0,59600.0,58900.0,59000.0,2671770,1h,VCB,VCB.VN
2026-04-08 04:00:00+00:00,59400.0,59500.0,59200.0,59300.0,521014,1h,VCB,VCB.VN
2026-04-08 06:00:00+00:00,60100.0,60200.0,59300.0,59300.0,4603510,1h,VCB,VCB.VN
2026-04-08 07:00:00+00:00,60200.0,60300.0,60000.0,60100.0,0,1h,VCB,VCB.VN
2026-04-09 02:00:00+00:00,59700.0,60100.0,59300.0,60000.0,1872597,1h,VCB,VCB.VN
2026-04-09 03:00:00+00:00,59500.0,59800.0,59400.0,59700.0,1091193,1h,VCB,VCB.VN
2026-04-09 04:00:00+00:00,59500.0,59600.0,59400.0,59500.0,479382,1h,VCB,VCB.VN
2026-04-09 06:00:00+00:00,59600.0,59700.0,59300.0,59500.0,1524956,1h,VCB,VCB.VN
2026-04-09 07:00:00+00:00,59400.0,59800.0,59400.0,59700.0,0,1h,VCB,VCB.VN
2026-04-10 02:00:00+00:00,60400.0,61000.0,59600.0,59600.0,2175193,1h,VCB,VCB.VN
2026-04-10 03:00:00+00:00,60400.0,60700.0,60300.0,60400.0,1518286,1h,VCB,VCB.VN
2026-04-10 04:00:00+00:00,60300.0,60500.0,60300.0,60400.0,514259,1h,VCB,VCB.VN
2026-04-10 06:00:00+00:00,60000.0,60400.0,59800.0,60300.0,1873170,1h,VCB,VCB.VN
2026-04-10 07:00:00+00:00,59800.0,60100.0,59700.0,60000.0,1686766,1h,VCB,VCB.VN
2026-04-13 02:00:00+00:00,59200.0,59500.0,59100.0,59500.0,0,1h,VCB,VCB.VN
2026-04-13 03:00:00+00:00,59200.0,59400.0,59200.0,59300.0,685616,1h,VCB,VCB.VN
2026-04-13 04:00:00+00:00,59100.0,59300.0,59000.0,59200.0,642668,1h,VCB,VCB.VN
2026-04-13 06:00:00+00:00,59300.0,59400.0,59000.0,59100.0,1714977,1h,VCB,VCB.VN
2026-04-13 07:00:00+00:00,59200.0,59400.0,59200.0,59300.0,0,1h,VCB,VCB.VN
2026-04-14 02:00:00+00:00,59400.0,59800.0,59400.0,59700.0,1042624,1h,VCB,VCB.VN
2026-04-14 03:00:00+00:00,59500.0,59600.0,59300.0,59400.0,3135706,1h,VCB,VCB.VN
2026-04-14 04:00:00+00:00,59400.0,59500.0,59300.0,59500.0,1955877,1h,VCB,VCB.VN
2026-04-14 06:00:00+00:00,59500.0,59500.0,59300.0,59400.0,2270073,1h,VCB,VCB.VN
2026-04-14 07:00:00+00:00,59300.0,59500.0,59100.0,59400.0,0,1h,VCB,VCB.VN
2026-04-15 02:00:00+00:00,60100.0,60500.0,59600.0,59700.0,2514671,1h,VCB,VCB.VN
2026-04-15 03:00:00+00:00,60200.0,60500.0,60000.0,60100.0,2283465,1h,VCB,VCB.VN
2026-04-15 04:00:00+00:00,60100.0,60200.0,60000.0,60100.0,571703,1h,VCB,VCB.VN
2026-04-15 06:00:00+00:00,59800.0,60100.0,59700.0,60100.0,2037760,1h,VCB,VCB.VN
2026-04-15 07:00:00+00:00,59900.0,60000.0,59700.0,59800.0,0,1h,VCB,VCB.VN
2026-04-16 02:00:00+00:00,59500.0,60100.0,59300.0,60000.0,689033,1h,VCB,VCB.VN
2026-04-16 03:00:00+00:00,59700.0,59700.0,59500.0,59500.0,490173,1h,VCB,VCB.VN
2026-04-16 04:00:00+00:00,59600.0,59700.0,59500.0,59700.0,334052,1h,VCB,VCB.VN
2026-04-16 06:00:00+00:00,59500.0,59700.0,59400.0,59600.0,1452053,1h,VCB,VCB.VN
2026-04-16 07:00:00+00:00,59400.0,59600.0,59400.0,59400.0,0,1h,VCB,VCB.VN
2026-04-17 02:00:00+00:00,59500.0,59800.0,59400.0,59400.0,797490,1h,VCB,VCB.VN
2026-04-17 03:00:00+00:00,59600.0,59800.0,59500.0,59500.0,1018186,1h,VCB,VCB.VN
2026-04-17 04:00:00+00:00,59500.0,59700.0,59500.0,59500.0,202172,1h,VCB,VCB.VN
2026-04-17 06:00:00+00:00,59500.0,59900.0,59400.0,59500.0,1316870,1h,VCB,VCB.VN
2026-04-17 07:00:00+00:00,59500.0,59800.0,59400.0,59500.0,1108462,1h,VCB,VCB.VN
2026-04-20 02:00:00+00:00,59600.0,59900.0,59500.0,59600.0,0,1h,VCB,VCB.VN
2026-04-20 03:00:00+00:00,59900.0,60200.0,59600.0,59600.0,1174828,1h,VCB,VCB.VN
2026-04-20 04:00:00+00:00,59800.0,60000.0,59800.0,59900.0,231869,1h,VCB,VCB.VN
2026-04-20 07:00:00+00:00,60100.0,60100.0,60100.0,60100.0,0,1h,VCB,VCB.VN
2026-04-21 02:00:00+00:00,59900.0,60600.0,59900.0,60400.0,1848618,1h,VCB,VCB.VN
2026-04-21 03:00:00+00:00,59900.0,60300.0,59900.0,60000.0,1801429,1h,VCB,VCB.VN
2026-04-21 04:00:00+00:00,60000.0,60100.0,59900.0,59900.0,280553,1h,VCB,VCB.VN
2026-04-21 06:00:00+00:00,59900.0,60100.0,59800.0,60000.0,1135637,1h,VCB,VCB.VN
2026-04-21 07:00:00+00:00,59600.0,60000.0,59600.0,59900.0,0,1h,VCB,VCB.VN
2026-04-22 02:00:00+00:00,59700.0,59800.0,59500.0,59600.0,405028,1h,VCB,VCB.VN
2026-04-22 03:00:00+00:00,59300.0,59700.0,59200.0,59600.0,860074,1h,VCB,VCB.VN
2026-04-22 04:00:00+00:00,59300.0,59400.0,59200.0,59300.0,212249,1h,VCB,VCB.VN
2026-04-22 06:00:00+00:00,59400.0,59600.0,59200.0,59300.0,885752,1h,VCB,VCB.VN
2026-04-22 07:00:00+00:00,59400.0,59500.0,59300.0,59400.0,0,1h,VCB,VCB.VN
2026-04-23 02:00:00+00:00,61700.0,61900.0,59600.0,59700.0,8517655,1h,VCB,VCB.VN
2026-04-23 03:00:00+00:00,63400.0,63500.0,61100.0,61700.0,16615493,1h,VCB,VCB.VN
2026-04-23 04:00:00+00:00,62800.0,63400.0,62700.0,63300.0,1560487,1h,VCB,VCB.VN
2026-04-23 06:00:00+00:00,62700.0,63200.0,62200.0,62800.0,5179749,1h,VCB,VCB.VN
2026-04-23 07:00:00+00:00,62800.0,62800.0,62100.0,62700.0,0,1h,VCB,VCB.VN
2026-04-24 02:00:00+00:00,62500.0,63000.0,62100.0,63000.0,1855744,1h,VCB,VCB.VN
2026-04-24 03:00:00+00:00,61600.0,62500.0,61500.0,62500.0,2428549,1h,VCB,VCB.VN
2026-04-24 04:00:00+00:00,61600.0,61700.0,61400.0,61600.0,1016452,1h,VCB,VCB.VN
2026-04-24 06:00:00+00:00,61200.0,61700.0,60900.0,61600.0,3751350,1h,VCB,VCB.VN
2026-04-24 07:00:00+00:00,60600.0,61200.0,60600.0,61100.0,2938147,1h,VCB,VCB.VN
2026-04-28 02:00:00+00:00,61100.0,61500.0,60800.0,60800.0,0,1h,VCB,VCB.VN
2026-04-28 03:00:00+00:00,61100.0,61300.0,61000.0,61100.0,980837,1h,VCB,VCB.VN
2026-04-28 04:00:00+00:00,61000.0,61200.0,61000.0,61100.0,351792,1h,VCB,VCB.VN
2026-04-28 06:00:00+00:00,60100.0,61100.0,59800.0,61000.0,3878152,1h,VCB,VCB.VN
2026-04-28 07:00:00+00:00,59800.0,60100.0,59800.0,60100.0,0,1h,VCB,VCB.VN
2026-04-29 02:00:00+00:00,59700.0,60000.0,59500.0,59900.0,974589,1h,VCB,VCB.VN
2026-04-29 03:00:00+00:00,59900.0,59900.0,59600.0,59600.0,821348,1h,VCB,VCB.VN
2026-04-29 04:00:00+00:00,59900.0,60500.0,59800.0,59800.0,1021207,1h,VCB,VCB.VN
2026-04-29 06:00:00+00:00,60100.0,60300.0,59800.0,59900.0,1718194,1h,VCB,VCB.VN
2026-04-29 07:00:00+00:00,59800.0,60400.0,59800.0,60100.0,1972775,1h,VCB,VCB.VN
2026-05-04 02:00:00+00:00,60300.0,60600.0,60000.0,60500.0,0,1h,VCB,VCB.VN
2026-05-04 03:00:00+00:00,60500.0,61200.0,60100.0,60300.0,2706093,1h,VCB,VCB.VN
2026-05-04 04:00:00+00:00,60500.0,60600.0,60300.0,60400.0,409948,1h,VCB,VCB.VN
2026-05-04 06:00:00+00:00,60500.0,60600.0,60300.0,60500.0,1661048,1h,VCB,VCB.VN
2026-05-04 07:00:00+00:00,60700.0,60900.0,60400.0,60500.0,0,1h,VCB,VCB.VN
2026-05-05 02:00:00+00:00,60200.0,60700.0,60100.0,60600.0,1360661,1h,VCB,VCB.VN
2026-05-05 03:00:00+00:00,59900.0,60200.0,59900.0,60200.0,1532997,1h,VCB,VCB.VN
2026-05-05 04:00:00+00:00,59800.0,60000.0,59800.0,59900.0,619119,1h,VCB,VCB.VN
2026-05-05 06:00:00+00:00,60100.0,60100.0,59700.0,59900.0,1741097,1h,VCB,VCB.VN
2026-05-05 07:00:00+00:00,59900.0,60200.0,59900.0,60000.0,0,1h,VCB,VCB.VN
2026-05-06 02:00:00+00:00,60000.0,60200.0,59900.0,60200.0,661336,1h,VCB,VCB.VN
2026-05-06 03:00:00+00:00,59900.0,60100.0,59900.0,60000.0,740121,1h,VCB,VCB.VN
2026-05-06 04:00:00+00:00,59800.0,60000.0,59700.0,59900.0,632499,1h,VCB,VCB.VN
2026-05-06 06:00:00+00:00,60200.0,60300.0,59800.0,59800.0,2251980,1h,VCB,VCB.VN
2026-05-06 07:00:00+00:00,60500.0,60500.0,60100.0,60100.0,0,1h,VCB,VCB.VN
2026-05-07 02:00:00+00:00,60600.0,61100.0,60400.0,60900.0,1217194,1h,VCB,VCB.VN
2026-05-07 03:00:00+00:00,60500.0,60600.0,60300.0,60600.0,1163293,1h,VCB,VCB.VN
2026-05-07 04:00:00+00:00,60600.0,60600.0,60400.0,60500.0,431018,1h,VCB,VCB.VN
2026-05-07 06:00:00+00:00,60500.0,60800.0,60400.0,60500.0,1712576,1h,VCB,VCB.VN
2026-05-07 07:00:00+00:00,60300.0,60600.0,60300.0,60500.0,0,1h,VCB,VCB.VN
2026-05-08 02:00:00+00:00,60800.0,61300.0,60300.0,60500.0,1784969,1h,VCB,VCB.VN
2026-05-08 03:00:00+00:00,61200.0,61700.0,60700.0,60700.0,3389254,1h,VCB,VCB.VN
2026-05-08 04:00:00+00:00,61200.0,61200.0,61000.0,61200.0,408281,1h,VCB,VCB.VN
2026-05-08 06:00:00+00:00,61200.0,61300.0,60700.0,61200.0,2680166,1h,VCB,VCB.VN
2026-05-08 07:00:00+00:00,60700.0,61300.0,60600.0,61200.0,1763253,1h,VCB,VCB.VN
2026-05-11 02:00:00+00:00,60700.0,61100.0,60600.0,61000.0,0,1h,VCB,VCB.VN
2026-05-11 03:00:00+00:00,60800.0,61000.0,60600.0,60700.0,1138021,1h,VCB,VCB.VN
2026-05-11 04:00:00+00:00,60800.0,60900.0,60600.0,60800.0,444501,1h,VCB,VCB.VN
2026-05-11 06:00:00+00:00,60600.0,61000.0,60600.0,60800.0,1598708,1h,VCB,VCB.VN
2026-05-11 07:00:00+00:00,60300.0,60800.0,60200.0,60600.0,0,1h,VCB,VCB.VN
2026-05-12 02:00:00+00:00,60200.0,60500.0,60000.0,60300.0,1149908,1h,VCB,VCB.VN
2026-05-12 03:00:00+00:00,60000.0,60200.0,59900.0,60100.0,1079599,1h,VCB,VCB.VN
2026-05-12 04:00:00+00:00,60000.0,60000.0,59800.0,60000.0,761389,1h,VCB,VCB.VN
2026-05-12 06:00:00+00:00,59900.0,60000.0,59500.0,60000.0,2302559,1h,VCB,VCB.VN
2026-05-12 07:00:00+00:00,59900.0,59900.0,59700.0,59900.0,0,1h,VCB,VCB.VN
2026-05-13 02:00:00+00:00,59600.0,59900.0,59600.0,59700.0,498489,1h,VCB,VCB.VN
2026-05-13 03:00:00+00:00,59400.0,59700.0,59400.0,59600.0,1359251,1h,VCB,VCB.VN
2026-05-13 04:00:00+00:00,59400.0,59500.0,59300.0,59400.0,1038408,1h,VCB,VCB.VN
2026-05-13 06:00:00+00:00,60200.0,61300.0,59200.0,59500.0,5128331,1h,VCB,VCB.VN
2026-05-13 07:00:00+00:00,60100.0,60400.0,60100.0,60200.0,0,1h,VCB,VCB.VN
2026-05-14 02:00:00+00:00,61100.0,61500.0,60000.0,60500.0,2518187,1h,VCB,VCB.VN
2026-05-14 03:00:00+00:00,61000.0,61300.0,60900.0,61200.0,998764,1h,VCB,VCB.VN
2026-05-14 04:00:00+00:00,60900.0,61000.0,60800.0,60900.0,254643,1h,VCB,VCB.VN
2026-05-14 06:00:00+00:00,60700.0,61000.0,60600.0,61000.0,1009611,1h,VCB,VCB.VN
2026-05-14 07:00:00+00:00,61000.0,61000.0,60500.0,60800.0,0,1h,VCB,VCB.VN
2026-05-15 02:00:00+00:00,61000.0,61300.0,60800.0,61300.0,717722,1h,VCB,VCB.VN
2026-05-15 03:00:00+00:00,61300.0,61500.0,60800.0,61000.0,2160903,1h,VCB,VCB.VN
2026-05-15 04:00:00+00:00,61500.0,61700.0,61300.0,61300.0,1197279,1h,VCB,VCB.VN
2026-05-15 06:00:00+00:00,60900.0,61600.0,60800.0,61500.0,2048549,1h,VCB,VCB.VN
2026-05-15 07:00:00+00:00,60700.0,61100.0,60700.0,60900.0,2252064,1h,VCB,VCB.VN
2009-06-30 00:00:00,15205.5224609375,15205.5224609375,15205.5224609375,15205.5224609375,1151961,1d,VCB,VCB.VN
2009-07-01 00:00:00,15332.234375,15965.798299723865,15078.809774596419,15965.798299723865,24477065,1d,VCB,VCB.VN
2009-07-02 00:00:00,14698.671875,15205.523030476963,14571.959086130759,15078.810241607722,5937389,1d,VCB,VCB.VN
2009-07-03 00:00:00,14191.8203125,14445.245882970208,14191.8203125,14318.533097735104,3524501,1d,VCB,VCB.VN
2009-07-06 00:00:00,14825.3837890625,14825.3837890625,14191.819882101228,14191.819882101228,6157031,1d,VCB,VCB.VN
2009-07-07 00:00:00,14318.533203125,14698.671561628275,14318.533203125,14571.958775460516,4369473,1d,VCB,VCB.VN
2009-07-08 00:00:00,14065.107421875,14191.820206160644,13811.682822789671,13938.395607075316,2989038,1d,VCB,VCB.VN
2009-07-09 00:00:00,13684.9697265625,14191.819882665743,13558.256945165205,13811.682507959795,3848503,1d,VCB,VCB.VN
2009-07-10 00:00:00,13051.40625,13558.257392304686,13051.40625,13431.544606728514,7730668,1d,VCB,VCB.VN
2009-07-13 00:00:00,12417.8427734375,13051.405705395284,12417.8427734375,12671.268334014985,3181889,1d,VCB,VCB.VN
2009-07-14 00:00:00,12113.732421875,12468.527429142241,12037.70436632578,12468.527429142241,3321269,1d,VCB,VCB.VN
2009-07-15 00:00:00,12417.8427734375,12620.582640207931,12164.417212860015,12164.417212860015,3162265,1d,VCB,VCB.VN
2009-07-16 00:00:00,12620.5830078125,12671.268703095895,12519.21355621762,12671.268703095895,2503133,1d,VCB,VCB.VN
2009-07-17 00:00:00,12443.185546875,12595.24069435009,12367.157488394474,12544.555968353714,1218284,1d,VCB,VCB.VN
2009-07-20 00:00:00,11860.3076171875,11987.020404839775,11834.965253554243,11936.334708087275,3405023,1d,VCB,VCB.VN
2009-07-21 00:00:00,11885.6494140625,12088.389282947051,11860.307051637674,11961.677470822919,1895595,1d,VCB,VCB.VN
2009-07-22 00:00:00,12037.705078125,12063.047441644614,11961.677987566158,12037.705078125,1613075,1d,VCB,VCB.VN
2009-07-23 00:00:00,12620.5830078125,12620.5830078125,11910.991999218568,11910.991999218568,3639552,1d,VCB,VCB.VN
2009-07-24 00:00:00,13178.119140625,13178.119140625,13178.119140625,13178.119140625,2447391,1d,VCB,VCB.VN
2009-07-27 00:00:00,13811.6826171875,13811.6826171875,13304.831487589961,13811.6826171875,6014915,1d,VCB,VCB.VN
2009-07-28 00:00:00,13431.544921875,14191.820683684531,13304.832133325746,13811.683287522761,4672595,1d,VCB,VCB.VN
2009-07-29 00:00:00,13304.83203125,13684.97039398131,13051.406456095794,13558.257606404206,3621846,1d,VCB,VCB.VN
2009-07-30 00:00:00,13051.40625,13304.831821152342,12797.980678847656,13178.119035576172,2376486,1d,VCB,VCB.VN
2009-07-31 00:00:00,13684.9697265625,13684.9697265625,13431.544163767912,13558.256945165205,4408765,1d,VCB,VCB.VN
2009-08-03 00:00:00,14318.533203125,14318.533203125,13938.395814107698,14318.533203125,10605256,1d,VCB,VCB.VN
2009-08-04 00:00:00,14825.3837890625,14952.096570454754,14445.245444885737,14952.096570454754,7322364,1d,VCB,VCB.VN
2009-08-05 00:00:00,14698.671875,14952.09745273848,14445.246297261518,14698.671875,6480334,1d,VCB,VCB.VN
2009-08-06 00:00:00,14445.24609375,14952.097242086202,14318.53330666595,14698.6716679181,6488440,1d,VCB,VCB.VN
2009-08-07 00:00:00,14318.533203125,14571.958775460516,14318.533203125,14318.533203125,3985575,1d,VCB,VCB.VN
2009-08-10 00:00:00,14571.958984375,14698.671772359408,14318.533408406185,14445.246196390593,2700215,1d,VCB,VCB.VN
2009-08-11 00:00:00,14445.24609375,14698.6716679181,14318.53330666595,14445.24609375,4731509,1d,VCB,VCB.VN
2009-08-12 00:00:00,14318.533203125,14571.958775460516,14318.533203125,14571.958775460516,3902251,1d,VCB,VCB.VN
2009-08-13 00:00:00,14445.24609375,14571.95888083405,14318.53330666595,14571.95888083405,3513022,1d,VCB,VCB.VN
2009-08-14 00:00:00,14445.24609375,14571.95888083405,14318.53330666595,14318.53330666595,2780481,1d,VCB,VCB.VN
2009-08-17 00:00:00,14191.8203125,14445.245882970208,14191.8203125,14318.533097735104,2439672,1d,VCB,VCB.VN
2009-08-18 00:00:00,14065.107421875,14191.820206160644,13938.395607075316,13938.395607075316,3634694,1d,VCB,VCB.VN
2009-08-19 00:00:00,14065.107421875,14318.532990446289,13938.395607075316,14318.532990446289,2818085,1d,VCB,VCB.VN
2009-08-20 00:00:00,14065.107421875,14191.820206160644,13938.395607075316,14191.820206160644,2264723,1d,VCB,VCB.VN
2009-08-21 00:00:00,14191.8203125,14698.671453440415,14191.8203125,14191.8203125,5657495,1d,VCB,VCB.VN
2009-08-24 00:00:00,14318.533203125,14445.245989292758,14191.820416957242,14445.245989292758,2485036,1d,VCB,VCB.VN
2009-08-25 00:00:00,14065.107421875,14318.532990446289,14065.107421875,14318.532990446289,2262177,1d,VCB,VCB.VN
2009-08-26 00:00:00,14191.8203125,14318.533097735104,14065.107527264898,14191.8203125,2021814,1d,VCB,VCB.VN
2009-08-27 00:00:00,14191.8203125,14191.8203125,14065.107527264898,14191.8203125,2110928,1d,VCB,VCB.VN
2009-08-28 00:00:00,14318.533203125,14318.533203125,14191.820416957242,14318.533203125,2503718,1d,VCB,VCB.VN
2009-08-31 00:00:00,14571.958984375,14571.958984375,14318.533408406185,14571.958984375,3425079,1d,VCB,VCB.VN
2009-09-01 00:00:00,14445.24609375,14571.95888083405,14318.53330666595,14318.53330666595,3318255,1d,VCB,VCB.VN
2009-09-03 00:00:00,14191.8203125,14318.533097735104,13811.682926280657,14191.8203125,4225862,1d,VCB,VCB.VN
2009-09-04 00:00:00,13811.6826171875,14191.819994899708,13811.6826171875,14191.819994899708,3976329,1d,VCB,VCB.VN
2009-09-07 00:00:00,13431.544921875,13811.683287522761,13178.119344776493,13431.544921875,3737371,1d,VCB,VCB.VN
2009-09-08 00:00:00,13558.2568359375,13684.969616313974,13431.544055561026,13684.969616313974,2692379,1d,VCB,VCB.VN
2009-09-09 00:00:00,13558.2568359375,13684.969616313974,13431.544055561026,13558.2568359375,2674203,1d,VCB,VCB.VN
2009-09-10 00:00:00,13431.544921875,13558.257710424254,13431.544921875,13431.544921875,1614916,1d,VCB,VCB.VN
2009-09-11 00:00:00,13431.544921875,13558.257710424254,13304.832133325746,13431.544921875,1631445,1d,VCB,VCB.VN
2009-09-14 00:00:00,13431.544921875,13558.257710424254,13304.832133325746,13431.544921875,2305227,1d,VCB,VCB.VN
2009-09-15 00:00:00,13304.83203125,13558.257606404206,13304.83203125,13558.257606404206,2847976,1d,VCB,VCB.VN
2009-09-16 00:00:00,13938.3955078125,13938.3955078125,13938.3955078125,13938.3955078125,3446389,1d,VCB,VCB.VN
2009-09-17 00:00:00,14191.8203125,14571.95866820531,13684.970141045553,14571.95866820531,8600672,1d,VCB,VCB.VN
2009-09-18 00:00:00,14318.533203125,14318.533203125,13684.970241772182,13938.395814107698,3329732,1d,VCB,VCB.VN
2009-09-21 00:00:00,13938.3955078125,14318.53288847631,13938.3955078125,14318.53288847631,2984928,1d,VCB,VCB.VN
2009-09-22 00:00:00,13684.9697265625,13938.39528935709,13684.9697265625,13684.9697265625,2581047,1d,VCB,VCB.VN
2009-09-23 00:00:00,13811.6826171875,14191.819994899708,13811.6826171875,13938.395399586883,2969141,1d,VCB,VCB.VN
2009-09-24 00:00:00,13558.2568359375,13811.682396690449,13558.2568359375,13684.969616313974,2121898,1d,VCB,VCB.VN
2009-09-25 00:00:00,14065.107421875,14191.820206160644,13431.544469932738,13558.257254218383,3655418,1d,VCB,VCB.VN
2009-09-28 00:00:00,13811.6826171875,14191.819994899708,13811.6826171875,14191.819994899708,2199499,1d,VCB,VCB.VN
2009-09-29 00:00:00,13684.9697265625,13938.39528935709,13558.256945165205,13938.39528935709,2939211,1d,VCB,VCB.VN
2009-09-30 00:00:00,13558.2568359375,13811.682396690449,13431.544055561026,13684.969616313974,2789139,1d,VCB,VCB.VN
2009-10-01 00:00:00,13304.83203125,13558.257606404206,13304.83203125,13558.257606404206,3428369,1d,VCB,VCB.VN
2009-10-02 00:00:00,12924.693359375,13051.40614392128,12671.268759768402,13051.40614392128,5547341,1d,VCB,VCB.VN
2009-10-05 00:00:00,12924.693359375,13051.40614392128,12671.268759768402,13051.40614392128,2375350,1d,VCB,VCB.VN
2009-10-06 00:00:00,12797.98046875,13051.40603574199,12797.98046875,13051.40603574199,1805846,1d,VCB,VCB.VN
2009-10-07 00:00:00,12924.693359375,13051.40614392128,12797.98057482872,12924.693359375,2336995,1d,VCB,VCB.VN
2009-10-08 00:00:00,12924.693359375,13051.40614392128,12797.98057482872,13051.40614392128,1757314,1d,VCB,VCB.VN
2009-10-09 00:00:00,13051.40625,13178.119035576172,12924.693464423828,13051.40625,3113727,1d,VCB,VCB.VN
2009-10-12 00:00:00,13431.544921875,13431.544921875,13051.406556227239,13178.119344776493,2973723,1d,VCB,VCB.VN
2009-10-13 00:00:00,13178.119140625,13431.544713797513,12924.693567452487,13431.544713797513,2011981,1d,VCB,VCB.VN
2009-10-14 00:00:00,13811.6826171875,13811.6826171875,13051.405922791193,13051.405922791193,5324086,1d,VCB,VCB.VN
2009-10-15 00:00:00,14445.24609375,14445.24609375,14191.8205195819,14445.24609375,13233947,1d,VCB,VCB.VN
2009-10-16 00:00:00,14318.533203125,14952.09713396379,14318.533203125,14571.958775460516,8774132,1d,VCB,VCB.VN
2009-10-19 00:00:00,13938.3955078125,14318.53288847631,13811.682724429245,13938.3955078125,3976408,1d,VCB,VCB.VN
2009-10-20 00:00:00,13811.6826171875,14191.819994899708,13811.6826171875,14065.107212500323,3562617,1d,VCB,VCB.VN
2009-10-21 00:00:00,13684.9697265625,13811.682507959795,13684.9697265625,13811.682507959795,4067797,1d,VCB,VCB.VN
2009-10-22 00:00:00,13938.3955078125,13938.3955078125,13684.96994104599,13811.682724429245,3390018,1d,VCB,VCB.VN
2009-10-23 00:00:00,14318.533203125,14571.958775460516,13938.395814107698,14065.107630789484,15458760,1d,VCB,VCB.VN
2009-10-26 00:00:00,13938.3955078125,14571.958455242819,13811.682724429245,14445.245671859564,4429762,1d,VCB,VCB.VN
2009-10-27 00:00:00,13431.544921875,13811.683287522761,13304.832133325746,13431.544921875,6244546,1d,VCB,VCB.VN
2009-10-28 00:00:00,13431.544921875,13684.970498973507,13304.832133325746,13684.970498973507,2442922,1d,VCB,VCB.VN
2009-10-29 00:00:00,12924.693359375,13304.83171301384,12797.98057482872,13051.40614392128,13667793,1d,VCB,VCB.VN
2009-10-30 00:00:00,13178.119140625,13431.544713797513,12924.693567452487,13304.831927211257,5103503,1d,VCB,VCB.VN
2009-11-02 00:00:00,13431.544921875,13431.544921875,12797.980979128732,13178.119344776493,8394661,1d,VCB,VCB.VN
2009-11-03 00:00:00,13051.40625,13431.544606728514,12797.980678847656,13304.831821152342,5447253,1d,VCB,VCB.VN
2009-11-04 00:00:00,13051.40625,13304.831821152342,12924.693464423828,13178.119035576172,3087285,1d,VCB,VCB.VN
2009-11-05 00:00:00,13431.544921875,13558.257710424254,13051.406556227239,13051.406556227239,3906717,1d,VCB,VCB.VN
2009-11-06 00:00:00,13051.40625,13558.257392304686,13051.40625,13431.544606728514,3548750,1d,VCB,VCB.VN
2009-11-09 00:00:00,12797.98046875,13178.118819237983,12797.98046875,12924.693252245994,4673495,1d,VCB,VCB.VN
2009-11-10 00:00:00,12569.8984375,13051.406246989614,12569.8984375,12924.69346144267,3185964,1d,VCB,VCB.VN
2009-11-11 00:00:00,12671.2685546875,12797.980367697024,12544.55577219203,12671.2685546875,2576856,1d,VCB,VCB.VN
2009-11-12 00:00:00,12797.98046875,12924.693252245994,12620.582959649988,12797.98046875,3715508,1d,VCB,VCB.VN
2009-11-13 00:00:00,12620.5830078125,12671.268703095895,12569.898282015061,12671.268703095895,2755406,1d,VCB,VCB.VN
2009-11-16 00:00:00,12569.8984375,12671.26885983475,12544.556074287806,12544.556074287806,3016817,1d,VCB,VCB.VN
2009-11-17 00:00:00,12392.5009765625,12544.55612594782,12392.5009765625,12519.213762631263,2357407,1d,VCB,VCB.VN
2009-11-18 00:00:00,12240.4453125,12367.157123754905,12189.759618512106,12291.130037001962,2100977,1d,VCB,VCB.VN
2009-11-19 00:00:00,12392.5009765625,12493.870429828732,12164.417767741532,12265.788190493737,2089420,1d,VCB,VCB.VN
2009-11-20 00:00:00,12215.1025390625,12392.501021899348,12215.1025390625,12392.501021899348,2291832,1d,VCB,VCB.VN
2009-11-23 00:00:00,11961.677734375,12189.759970709722,11961.677734375,12164.417607726526,3020928,1d,VCB,VCB.VN
2009-11-24 00:00:00,11733.5947265625,11936.334603335326,11733.5947265625,11910.992239924472,2291636,1d,VCB,VCB.VN
2009-11-25 00:00:00,11150.716796875,11657.566987491226,11150.716796875,11657.566987491226,5169352,1d,VCB,VCB.VN
2009-11-26 00:00:00,10593.1806640625,10871.94860178746,10593.1806640625,10770.57817820948,7285970,1d,VCB,VCB.VN
2009-11-27 00:00:00,11100.0302734375,11100.0302734375,10086.328998128687,10086.328998128687,3712378,1d,VCB,VCB.VN
2009-11-30 00:00:00,11632.224609375,11632.224609375,11277.42957331951,11353.456665551686,2803199,1d,VCB,VCB.VN
2009-12-01 00:00:00,12189.759765625,12189.759765625,12037.704620798093,12164.417403068173,3695417,1d,VCB,VCB.VN
2009-12-02 00:00:00,11910.9921875,12392.500968130884,11581.539525636952,11910.9921875,3119133,1d,VCB,VCB.VN
2009-12-03 00:00:00,11910.9921875,12037.70497348255,11581.539525636952,11657.566615534899,1902605,1d,VCB,VCB.VN
2009-12-04 00:00:00,11708.251953125,11961.677517330472,11657.56625859234,11961.677517330472,1046156,1d,VCB,VCB.VN
2009-12-07 00:00:00,11657.56640625,11733.59446426901,11556.196954872594,11556.196954872594,1081019,1d,VCB,VCB.VN
2009-12-08 00:00:00,11328.1142578125,11657.566928520791,11277.429529853069,11657.566928520791,2103680,1d,VCB,VCB.VN
2009-12-09 00:00:00,10897.291015625,10998.661439671025,10821.263924704972,10922.633379265011,3389353,1d,VCB,VCB.VN
2009-12-10 00:00:00,10821.263671875,11049.345908792118,10821.263671875,11049.345908792118,2088441,1d,VCB,VCB.VN
2009-12-11 00:00:00,10339.7548828125,10770.577962534438,10314.412519796968,10643.865177970814,2935259,1d,VCB,VCB.VN
2009-12-14 00:00:00,10846.6064453125,10846.6064453125,10593.180866272965,10846.6064453125,1800678,1d,VCB,VCB.VN
2009-12-15 00:00:00,11378.798828125,11378.798828125,10770.578223094404,10846.60628346622,3825704,1d,VCB,VCB.VN
2009-12-16 00:00:00,10897.291015625,11404.142166369134,10897.291015625,11378.79883324314,3484665,1d,VCB,VCB.VN
2009-12-17 00:00:00,11150.716796875,11404.142376926113,10643.86563677277,10846.606488608064,1811685,1d,VCB,VCB.VN
2009-12-18 00:00:00,11708.251953125,11708.251953125,11404.141663872808,11404.141663872808,2829015,1d,VCB,VCB.VN
2009-12-21 00:00:00,12063.046875,12164.417293802704,11708.251863419438,11708.251863419438,2200871,1d,VCB,VCB.VN
2009-12-22 00:00:00,11809.623046875,11961.678200181399,11657.566924082603,11657.566924082603,1518120,1d,VCB,VCB.VN
2009-12-23 00:00:00,11708.251953125,11809.622372704378,11657.56625859234,11809.622372704378,1159835,1d,VCB,VCB.VN
2009-12-24 00:00:00,11657.56640625,11657.56640625,11530.854592028241,11556.196954872594,1551455,1d,VCB,VCB.VN
2009-12-25 00:00:00,11910.9921875,12164.4177594651,11910.9921875,12164.4177594651,2686070,1d,VCB,VCB.VN
2009-12-28 00:00:00,11657.56640625,11758.93682711336,11632.22404340565,11682.909738580307,1034909,1d,VCB,VCB.VN
2009-12-29 00:00:00,11454.826171875,11784.278817408125,11404.14144778865,11404.14144778865,1342971,1d,VCB,VCB.VN
2009-12-30 00:00:00,11556.197265625,11632.224356202465,11353.456418446467,11353.456418446467,815933,1d,VCB,VCB.VN
2009-12-31 00:00:00,11910.9921875,11910.9921875,11556.197162337636,11657.566615534899,1559563,1d,VCB,VCB.VN
2010-01-04 00:00:00,12493.8701171875,12493.8701171875,11910.991897548467,11910.991897548467,2345067,1d,VCB,VCB.VN
2010-01-05 00:00:00,12620.5830078125,13051.406085548602,12493.870223832946,12924.693301569048,3663250,1d,VCB,VCB.VN
2010-01-06 00:00:00,12164.41796875,12620.583424443777,12164.41796875,12189.760332485323,1879688,1d,VCB,VCB.VN
2010-01-07 00:00:00,11910.9921875,12189.760122764415,11910.9921875,12164.4177594651,812800,1d,VCB,VCB.VN
2010-01-08 00:00:00,11910.9921875,12113.733032866468,11885.649824200684,12063.047336781865,1377371,1d,VCB,VCB.VN
2010-01-11 00:00:00,11910.9921875,12037.70497348255,11353.456316971167,12037.70497348255,811349,1d,VCB,VCB.VN
2010-01-12 00:00:00,11530.8544921875,11910.991870533237,11530.8544921875,11784.279087922676,1056026,1d,VCB,VCB.VN
2010-01-13 00:00:00,11910.9921875,11910.9921875,11024.00365510812,11024.00365510812,1839225,1d,VCB,VCB.VN
2010-01-14 00:00:00,11758.9365234375,11961.677359928417,11657.566105192042,11910.991666062722,507637,1d,VCB,VCB.VN
2010-01-15 00:00:00,11480.1689453125,11632.224092506403,11480.1689453125,11530.854640701107,836343,1d,VCB,VCB.VN
2010-01-18 00:00:00,11024.00390625,11404.142272857722,11024.00390625,11404.142272857722,1301962,1d,VCB,VCB.VN
2010-01-19 00:00:00,11328.1142578125,11328.1142578125,11100.031043023067,11150.716740468495,817814,1d,VCB,VCB.VN
2010-01-20 00:00:00,11100.0302734375,11505.51097745821,11100.0302734375,11505.51097745821,605570,1d,VCB,VCB.VN
2010-01-21 00:00:00,10897.291015625,11150.716590997066,10897.291015625,11100.030894231062,1730244,1d,VCB,VCB.VN
2010-01-22 00:00:00,10770.578125,11024.003697949971,10694.551034806593,10897.290911474985,1297494,1d,VCB,VCB.VN
2010-01-25 00:00:00,10770.578125,10795.920488397802,10719.893398204396,10719.893398204396,631543,1d,VCB,VCB.VN
2010-01-26 00:00:00,10846.6064453125,11074.688690859282,10795.920747812994,11024.003962845776,1093987,1d,VCB,VCB.VN
2010-01-27 00:00:00,10846.6064453125,11024.003962845776,10821.264081305746,10922.633537332762,661355,1d,VCB,VCB.VN
2010-01-28 00:00:00,10719.8935546875,10897.29107054764,10719.8935546875,10770.578282222972,526633,1d,VCB,VCB.VN
2010-01-29 00:00:00,10643.865234375,10719.89329331045,10643.865234375,10719.89329331045,637931,1d,VCB,VCB.VN
2010-02-01 00:00:00,10593.1806640625,10745.235814686479,10593.1806640625,10643.8653911085,424511,1d,VCB,VCB.VN
2010-02-02 00:00:00,10719.8935546875,10897.29107054764,10643.865493898304,10897.29107054764,1021869,1d,VCB,VCB.VN
2010-02-03 00:00:00,11024.00390625,11024.00390625,10846.60638962746,10897.291117380759,1308462,1d,VCB,VCB.VN
2010-02-04 00:00:00,11277.4287109375,11277.4287109375,10998.660788431496,11024.003150570965,1338431,1d,VCB,VCB.VN
2010-02-05 00:00:00,11074.6884765625,11150.716536597607,11024.00374952975,11150.716536597607,864667,1d,VCB,VCB.VN
2010-02-08 00:00:00,11074.6884765625,11074.6884765625,10871.948598945517,10871.948598945517,574818,1d,VCB,VCB.VN
2010-02-09 00:00:00,10795.919921875,10998.660757390411,10795.919921875,10947.975063768596,314631,1d,VCB,VCB.VN
2010-02-10 00:00:00,11024.00390625,11100.030997879949,10897.291117380759,10897.291117380759,304129,1d,VCB,VCB.VN
2010-02-11 00:00:00,11277.4287109375,11277.4287109375,11049.345512710433,11049.345512710433,899101,1d,VCB,VCB.VN
2010-02-12 00:00:00,11277.4287109375,11429.483853260237,11252.086348798031,11404.141491120768,748438,1d,VCB,VCB.VN
2010-02-22 00:00:00,11454.826171875,11581.5389515768,11404.14144778865,11404.14144778865,1106757,1d,VCB,VCB.VN
2010-02-23 00:00:00,11454.826171875,11454.826171875,11302.771030130025,11454.826171875,1853797,1d,VCB,VCB.VN
2010-02-24 00:00:00,11784.279296875,11784.279296875,11353.456216154354,11480.169001011716,2773899,1d,VCB,VCB.VN
2010-02-25 00:00:00,11910.9921875,11910.9921875,11606.881888936268,11784.27940151745,2604159,1d,VCB,VCB.VN
2010-02-26 00:00:00,12417.8427734375,12417.8427734375,11834.96456580084,11860.306927961403,3510478,1d,VCB,VCB.VN
2010-03-01 00:00:00,12620.5830078125,12671.268703095895,12417.843135136787,12417.843135136787,2231229,1d,VCB,VCB.VN
2010-03-02 00:00:00,12012.3623046875,12392.500652967556,12012.3623046875,12316.472595517165,1716297,1d,VCB,VCB.VN
2010-03-03 00:00:00,12113.732421875,12164.4171459172,11910.991586734357,12037.70436632578,785613,1d,VCB,VCB.VN
2010-03-04 00:00:00,11936.333984375,12164.417182217372,11936.333984375,12164.417182217372,705814,1d,VCB,VCB.VN
2010-03-05 00:00:00,11885.6494140625,12037.704558097397,11885.6494140625,11885.6494140625,516136,1d,VCB,VCB.VN
2010-03-08 00:00:00,11885.6494140625,12012.362195672571,11784.278994877255,11885.6494140625,1370004,1d,VCB,VCB.VN
2010-03-09 00:00:00,12164.41796875,12164.41796875,11885.650028689472,11885.650028689472,1658514,1d,VCB,VCB.VN
2010-03-10 00:00:00,12139.0751953125,12189.7599210725,12088.389500066543,12113.732832432499,1051209,1d,VCB,VCB.VN
2010-03-11 00:00:00,12037.705078125,12215.102592248279,12037.705078125,12215.102592248279,355959,1d,VCB,VCB.VN
2010-03-12 00:00:00,12037.705078125,12113.733138169822,11936.334654560564,12113.733138169822,783655,1d,VCB,VCB.VN
2010-03-15 00:00:00,11910.9921875,12063.047336781865,11910.9921875,12037.70497348255,1315906,1d,VCB,VCB.VN
2010-03-16 00:00:00,11606.8818359375,11784.279347708658,11606.8818359375,11784.279347708658,1133710,1d,VCB,VCB.VN
2010-03-17 00:00:00,11404.1416015625,11784.278976307762,11404.1416015625,11657.566194897363,833013,1d,VCB,VCB.VN
2010-03-18 00:00:00,11429.484375,11530.854797671216,11378.798678921406,11404.142011703689,1028917,1d,VCB,VCB.VN
2010-03-19 00:00:00,11302.771484375,11429.484269169236,11302.771484375,11429.484269169236,1277748,1d,VCB,VCB.VN
2010-03-22 00:00:00,11353.4560546875,11606.881620798049,11277.428966545905,11277.428966545905,752666,1d,VCB,VCB.VN
2010-03-23 00:00:00,11378.798828125,11657.566767011687,11353.45646449639,11378.798828125,786633,1d,VCB,VCB.VN
2010-03-24 00:00:00,11454.826171875,11454.826171875,11353.455754216375,11404.14144778865,487035,1d,VCB,VCB.VN
2010-03-25 00:00:00,11201.4013671875,11378.798882928151,11150.716639686168,11302.771791676154,530280,1d,VCB,VCB.VN
2010-03-26 00:00:00,11530.8544921875,11530.8544921875,11150.716144355818,11201.400869605664,1115848,1d,VCB,VCB.VN
2010-03-29 00:00:00,11378.798828125,11530.854948868633,11353.45646449639,11429.484524868207,647134,1d,VCB,VCB.VN
2010-03-30 00:00:00,11201.4013671875,11353.456519177485,11201.4013671875,11277.429427925488,466469,1d,VCB,VCB.VN
2010-03-31 00:00:00,11150.716796875,11353.45667922429,11150.716796875,11176.05916098291,583126,1d,VCB,VCB.VN
2010-04-01 00:00:00,11201.4013671875,11201.4013671875,11125.374275935503,11201.4013671875,1049877,1d,VCB,VCB.VN
2010-04-02 00:00:00,11226.7431640625,11404.1416403317,11150.716076649363,11404.1416403317,746167,1d,VCB,VCB.VN
2010-04-05 00:00:00,11328.1142578125,11404.142319237642,11277.429529853069,11378.79898577193,1041141,1d,VCB,VCB.VN
2010-04-06 00:00:00,11277.4287109375,11353.455797355904,11277.4287109375,11328.113435216437,973648,1d,VCB,VCB.VN
2010-04-07 00:00:00,11226.7431640625,11277.428858490532,11176.058439120408,11277.428858490532,655560,1d,VCB,VCB.VN
2010-04-08 00:00:00,11125.3740234375,11226.743476139514,11125.3740234375,11150.716386613003,1043181,1d,VCB,VCB.VN
2010-04-09 00:00:00,11150.716796875,11201.401525090821,11049.346370957353,11049.346370957353,901136,1d,VCB,VCB.VN
2010-04-12 00:00:00,11277.4287109375,11277.4287109375,11150.715930754232,11176.0582928937,1157720,1d,VCB,VCB.VN
2010-04-13 00:00:00,11125.3740234375,11277.429171976488,11125.3740234375,11201.401112964011,458633,1d,VCB,VCB.VN
2010-04-14 00:00:00,11049.345703125,11125.373760339531,11024.003340548805,11125.373760339531,328577,1d,VCB,VCB.VN
2010-04-15 00:00:00,11049.345703125,11150.716122915726,11024.003340548805,11150.716122915726,1178442,1d,VCB,VCB.VN
2010-04-16 00:00:00,10947.9755859375,11074.688371806778,10947.9755859375,11049.346008530116,888131,1d,VCB,VCB.VN
2010-04-19 00:00:00,10846.6064453125,10922.633537332762,10846.6064453125,10897.291173326008,605492,1d,VCB,VCB.VN
2010-04-20 00:00:00,10745.2353515625,10871.948133202108,10719.892989131766,10846.605770771373,786866,1d,VCB,VCB.VN
2010-04-21 00:00:00,10770.578125,10770.578125,10719.893398204396,10719.893398204396,574387,1d,VCB,VCB.VN
2010-04-22 00:00:00,11100.0302734375,11226.743054036842,10821.263319502063,10846.605681724744,824123,1d,VCB,VCB.VN
2010-04-26 00:00:00,10998.6611328125,11150.716279896262,10998.6611328125,11100.030584544369,806060,1d,VCB,VCB.VN
2010-04-27 00:00:00,11125.3740234375,11150.716386613003,10998.661238074015,11024.003601249518,1071146,1d,VCB,VCB.VN
2010-04-28 00:00:00,11024.00390625,11100.030997879949,10998.661542373351,11074.688634003298,437127,1d,VCB,VCB.VN
2010-04-29 00:00:00,10897.291015625,10973.319076031014,10897.291015625,10947.97574290502,656734,1d,VCB,VCB.VN
2010-05-04 00:00:00,11201.4013671875,11378.798882928151,10897.29106320753,10897.29106320753,1296866,1d,VCB,VCB.VN
2010-05-05 00:00:00,10973.318359375,11150.715862755407,10973.318359375,11150.715862755407,403282,1d,VCB,VCB.VN
2010-05-06 00:00:00,10871.9482421875,10973.318662412557,10871.9482421875,10897.290604872278,820596,1d,VCB,VCB.VN
2010-05-07 00:00:00,10770.578125,10821.26382128158,10694.551034806593,10770.578125,1118116,1d,VCB,VCB.VN
2010-05-10 00:00:00,10770.578125,10795.920488397802,10567.838248331607,10719.893398204396,1736589,1d,VCB,VCB.VN
2010-05-11 00:00:00,10770.578125,10897.290911474985,10694.551034806593,10897.290911474985,1024882,1d,VCB,VCB.VN
2010-05-12 00:00:00,10517.15234375,10719.893185888934,10517.15234375,10643.865127715344,1689934,1d,VCB,VCB.VN
2010-05-13 00:00:00,10567.837890625,10745.235397890932,10517.152196059062,10745.235397890932,1269367,1d,VCB,VCB.VN
2010-05-14 00:00:00,10567.837890625,10669.207340784993,10567.837890625,10669.207340784993,889504,1d,VCB,VCB.VN
2010-05-17 00:00:00,10491.8095703125,10618.522349319608,10390.439153209629,10618.522349319608,1361346,1d,VCB,VCB.VN
2010-05-18 00:00:00,10491.8095703125,10491.8095703125,10289.069705592678,10289.069705592678,809079,1d,VCB,VCB.VN
2010-05-19 00:00:00,10289.0703125,10415.783098981343,10289.0703125,10314.412675899073,1683667,1d,VCB,VCB.VN
2010-05-20 00:00:00,10339.7548828125,10339.7548828125,10137.015009202278,10137.015009202278,1737491,1d,VCB,VCB.VN
2010-05-21 00:00:00,9908.931640625,10111.671510911126,9908.931640625,9934.274003225022,2287209,1d,VCB,VCB.VN
2010-05-24 00:00:00,10137.0146484375,10137.0146484375,9908.931450443004,9908.931450443004,1102447,1d,VCB,VCB.VN
2010-05-25 00:00:00,10187.7001953125,10187.7001953125,10111.672133346494,10137.0154669925,1483726,1d,VCB,VCB.VN
2010-05-26 00:00:00,10137.0146484375,10213.04173477838,10137.0146484375,10162.357010551126,1213389,1d,VCB,VCB.VN
2010-05-27 00:00:00,10162.357421875,10162.357421875,10111.671726110304,10137.015058735635,901683,1d,VCB,VCB.VN
2010-05-28 00:00:00,10390.439453125,10390.439453125,10162.357219917449,10263.72763994633,912379,1d,VCB,VCB.VN
2010-05-31 00:00:00,10339.7548828125,10390.439608843566,10314.412519796968,10390.439608843566,1039966,1d,VCB,VCB.VN
2010-06-01 00:00:00,10390.439453125,10390.439453125,10263.72763994633,10289.070002582064,732180,1d,VCB,VCB.VN
2010-06-02 00:00:00,10390.439453125,10415.78278524668,10339.754727853533,10365.097090489266,1461553,1d,VCB,VCB.VN
2010-06-03 00:00:00,10390.439453125,10441.125147882414,10390.439453125,10390.439453125,1496378,1d,VCB,VCB.VN
2010-06-04 00:00:00,9832.904296875,9883.589020755724,9807.560965448718,9832.904296875,1330164,1d,VCB,VCB.VN
2010-06-07 00:00:00,9604.8212890625,9756.876433176702,9579.478926624455,9579.478926624455,995623,1d,VCB,VCB.VN
2010-06-08 00:00:00,9579.4794921875,9630.164220055964,9579.4794921875,9604.821856121733,1055009,1d,VCB,VCB.VN
2010-06-09 00:00:00,9554.13671875,9604.821444446048,9528.79338641602,9528.79338641602,843474,1d,VCB,VCB.VN
2010-06-10 00:00:00,9579.4794921875,9604.821856121733,9528.79379483304,9554.137128253267,749770,1d,VCB,VCB.VN
2010-06-11 00:00:00,9680.8486328125,9731.53432851714,9630.163906593825,9731.53432851714,550614,1d,VCB,VCB.VN
2010-06-14 00:00:00,9655.505859375,9706.19155292566,9655.505859375,9680.848221407368,310596,1d,VCB,VCB.VN
2010-06-15 00:00:00,9807.5615234375,9807.5615234375,9680.848737040606,9731.534433290948,955584,1d,VCB,VCB.VN
2010-06-16 00:00:00,10010.3017578125,10010.3017578125,9883.588979158072,9908.931340991774,814721,1d,VCB,VCB.VN
2010-06-17 00:00:00,10238.384765625,10238.384765625,9959.616825195171,10010.302522218952,1702272,1d,VCB,VCB.VN
2010-06-18 00:00:00,10137.0146484375,10365.096876946069,10137.0146484375,10137.0146484375,2642630,1d,VCB,VCB.VN
2010-06-21 00:00:00,10162.357421875,10238.384511293096,10111.671726110304,10238.384511293096,467055,1d,VCB,VCB.VN
2010-06-22 00:00:00,10187.7001953125,10213.0425594725,9959.616978900487,9959.616978900487,642586,1d,VCB,VCB.VN
2010-06-23 00:00:00,10137.0146484375,10213.04173477838,9934.273812556632,9934.273812556632,407007,1d,VCB,VCB.VN
2010-06-24 00:00:00,10137.0146484375,10187.699372664754,10137.0146484375,10162.357010551126,598089,1d,VCB,VCB.VN
2010-06-25 00:00:00,9756.876953125,10086.329621348128,9756.876953125,10060.987257559578,502665,1d,VCB,VCB.VN
2010-06-28 00:00:00,10010.3017578125,10010.3017578125,9756.876200503644,9756.876200503644,199655,1d,VCB,VCB.VN
2010-06-29 00:00:00,10491.8095703125,10491.8095703125,10010.301785674223,10010.301785674223,1600146,1d,VCB,VCB.VN
2010-06-30 00:00:00,10441.125,10441.125,10111.671381943821,10390.43930596047,1915222,1d,VCB,VCB.VN
2010-07-01 00:00:00,10010.3017578125,10390.43912428987,10010.3017578125,10263.727315121356,154763,1d,VCB,VCB.VN
2010-07-02 00:00:00,9984.9599609375,10137.015110029057,9883.589538381137,10137.015110029057,370848,1d,VCB,VCB.VN
2010-07-05 00:00:00,10086.3291015625,10086.3291015625,9959.616319663737,10035.64437659737,57037,1d,VCB,VCB.VN
2010-07-06 00:00:00,9908.931640625,10137.014842997094,9883.589278024978,9934.274003225022,218383,1d,VCB,VCB.VN
2010-07-07 00:00:00,9883.58984375,10086.329725640717,9883.58984375,9908.93220780059,172195,1d,VCB,VCB.VN
2010-07-08 00:00:00,9883.58984375,10060.987361590129,9883.58984375,9883.58984375,204946,1d,VCB,VCB.VN
2010-07-09 00:00:00,9858.2470703125,10010.30221778759,9858.2470703125,9883.589433310688,74225,1d,VCB,VCB.VN
2010-07-12 00:00:00,9782.21875,9883.589168765422,9782.21875,9858.24680644555,94397,1d,VCB,VCB.VN
2010-07-13 00:00:00,10137.0146484375,10137.0146484375,9883.589088329378,10010.301868383438,435166,1d,VCB,VCB.VN
2010-07-14 00:00:00,9807.5615234375,10137.015155863817,9807.5615234375,10137.015155863817,318475,1d,VCB,VCB.VN
2010-07-15 00:00:00,9883.58984375,9984.96026943836,9883.58984375,9984.96026943836,154255,1d,VCB,VCB.VN
2010-07-16 00:00:00,9908.931640625,10010.302060511036,9908.931640625,10010.302060511036,369868,1d,VCB,VCB.VN
2010-07-19 00:00:00,9984.9599609375,9984.9599609375,9934.274264916334,9984.9599609375,479160,1d,VCB,VCB.VN
2010-07-20 00:00:00,9934.2744140625,10010.302474492695,9908.93205041443,10010.302474492695,573884,1d,VCB,VCB.VN
2010-07-21 00:00:00,9807.5615234375,9883.589583070028,9807.5615234375,9883.589583070028,274635,1d,VCB,VCB.VN
2010-07-22 00:00:00,9680.8486328125,9832.904750440453,9680.8486328125,9807.561417845152,419148,1d,VCB,VCB.VN
2010-07-23 00:00:00,9630.1640625,9680.848789539228,9604.821698980386,9655.506426019614,500744,1d,VCB,VCB.VN
2010-07-26 00:00:00,9427.423828125,9630.16369809625,9376.73813351773,9604.821335535587,523154,1d,VCB,VCB.VN
2010-07-27 00:00:00,9376.73828125,9630.163849821289,9376.73828125,9630.163849821289,262375,1d,VCB,VCB.VN
2010-07-28 00:00:00,9351.3955078125,9579.478703412187,9351.3955078125,9376.737869660039,253598,1d,VCB,VCB.VN
2010-07-29 00:00:00,9376.73828125,9604.821486861352,9376.73828125,9604.821486861352,94007,1d,VCB,VCB.VN
2010-07-30 00:00:00,9503.451171875,9503.451171875,9376.738386171497,9376.738386171497,153943,1d,VCB,VCB.VN
2010-08-02 00:00:00,9376.73828125,9554.136760941477,9376.73828125,9503.451065535644,103292,1d,VCB,VCB.VN
2010-08-03 00:00:00,9351.3955078125,9478.108286536113,9351.3955078125,9478.108286536113,288031,1d,VCB,VCB.VN
2010-08-04 00:00:00,9376.73828125,9376.73828125,9300.711192370189,9376.73828125,251209,1d,VCB,VCB.VN
2010-08-05 00:00:00,9427.423828125,9452.766190685665,9402.080496078393,9452.766190685665,311226,1d,VCB,VCB.VN
2010-08-06 00:00:00,9427.423828125,9452.766190685665,9402.080496078393,9452.766190685665,448960,1d,VCB,VCB.VN
2010-08-09 00:00:00,9047.2861328125,9452.76687144231,9047.2861328125,9300.711715641883,437441,1d,VCB,VCB.VN
2010-08-10 00:00:00,8793.8603515625,8996.601201045862,8768.517987748577,8945.915503932025,731751,1d,VCB,VCB.VN
2010-08-11 00:00:00,8819.2021484375,8945.914928847422,8768.517424067903,8869.887842293027,448920,1d,VCB,VCB.VN
2010-08-12 00:00:00,8793.8603515625,8819.202715376423,8540.434774451294,8667.147563006898,636675,1d,VCB,VCB.VN
2010-08-13 00:00:00,8768.517578125,8768.517578125,8616.46243285877,8616.46243285877,208630,1d,VCB,VCB.VN
2010-08-16 00:00:00,9047.2861328125,9047.2861328125,8768.51818559738,8819.202914368852,404967,1d,VCB,VCB.VN
2010-08-17 00:00:00,9250.025390625,9250.025390625,8971.257462298523,9072.627882458864,622887,1d,VCB,VCB.VN
2010-08-18 00:00:00,9148.65625,9250.02570410982,9097.970553459108,9250.02570410982,212037,1d,VCB,VCB.VN
2010-08-19 00:00:00,9148.65625,9148.65625,9097.970553459108,9097.970553459108,316316,1d,VCB,VCB.VN
2010-08-20 00:00:00,9402.0810546875,9402.0810546875,9123.31408047178,9148.656444538117,804728,1d,VCB,VCB.VN
2010-08-23 00:00:00,9376.73828125,9427.423976655833,9300.711192370189,9326.053555330125,667507,1d,VCB,VCB.VN
2010-08-24 00:00:00,9250.025390625,9376.73817345394,9250.025390625,9376.73817345394,431606,1d,VCB,VCB.VN
2010-08-25 00:00:00,9123.3134765625,9123.3134765625,8920.572638480035,9097.970144687739,532472,1d,VCB,VCB.VN
2010-08-26 00:00:00,9148.65625,9173.998613527454,9072.628189931655,9123.313886472544,905799,1d,VCB,VCB.VN
2010-08-27 00:00:00,9326.0537109375,9326.0537109375,9097.970501520527,9148.656197772063,915086,1d,VCB,VCB.VN
2010-08-30 00:00:00,9579.4794921875,9604.821856121733,9427.424339096111,9427.424339096111,360194,1d,VCB,VCB.VN
2010-08-31 00:00:00,9731.5341796875,9731.5341796875,9579.479033870972,9706.191816965737,2023498,1d,VCB,VCB.VN
2010-09-01 00:00:00,9731.5341796875,9731.5341796875,9402.080555846733,9528.793338941497,658809,1d,VCB,VCB.VN
2010-09-06 00:00:00,9630.1640625,9832.904909628873,9630.1640625,9832.904909628873,1246451,1d,VCB,VCB.VN
2010-09-07 00:00:00,9478.1083984375,9503.45076058424,9427.423674144022,9503.45076058424,402578,1d,VCB,VCB.VN
2010-09-08 00:00:00,9630.1640625,9630.1640625,9376.7384883319,9376.7384883319,723445,1d,VCB,VCB.VN
2010-09-09 00:00:00,9604.8212890625,9731.534070738659,9579.478926624455,9680.84837637663,495495,1d,VCB,VCB.VN
2010-09-10 00:00:00,9376.73828125,9630.163849821289,9376.73828125,9604.821486861352,216852,1d,VCB,VCB.VN
2010-09-13 00:00:00,9478.1083984375,9554.136454363645,9300.7108939244,9554.136454363645,448920,1d,VCB,VCB.VN
2010-09-14 00:00:00,9452.7666015625,9604.8217530217,9376.738541089908,9376.738541089908,158172,1d,VCB,VCB.VN
2010-09-15 00:00:00,9427.423828125,9579.478972974925,9326.053408396403,9579.478972974925,791804,1d,VCB,VCB.VN
2010-09-16 00:00:00,9275.369140625,9427.42429297246,9275.369140625,9275.369140625,558836,1d,VCB,VCB.VN
2010-09-17 00:00:00,9528.7939453125,9528.7939453125,9275.369332482082,9326.054061150962,934824,1d,VCB,VCB.VN
2010-09-20 00:00:00,9326.0537109375,9528.793587485718,9326.0537109375,9528.793587485718,576543,1d,VCB,VCB.VN
2010-09-21 00:00:00,9021.943359375,9452.766442857179,9021.943359375,9452.766442857179,1599249,1d,VCB,VCB.VN
2010-09-22 00:00:00,9123.3134765625,9224.682926117795,9072.627782298916,9224.682926117795,332141,1d,VCB,VCB.VN
2010-09-23 00:00:00,9351.3955078125,9351.3955078125,9021.942864822657,9021.942864822657,526519,1d,VCB,VCB.VN
2010-09-24 00:00:00,9250.025390625,9351.395810785341,9250.025390625,9351.395810785341,160560,1d,VCB,VCB.VN
2010-09-27 00:00:00,9123.3134765625,9199.340563728972,9097.970144687739,9199.340563728972,518448,1d,VCB,VCB.VN
2010-09-28 00:00:00,9250.025390625,9250.025390625,9072.627882458864,9072.627882458864,452914,1d,VCB,VCB.VN
2010-09-29 00:00:00,9224.68359375,9250.025957972966,9097.970803149165,9148.656501081103,238906,1d,VCB,VCB.VN
2010-09-30 00:00:00,9173.998046875,9275.36846420943,9072.62762954057,9275.36846420943,1010588,1d,VCB,VCB.VN
2010-10-01 00:00:00,9123.3134765625,9224.682926117795,9097.970144687739,9123.3134765625,210467,1d,VCB,VCB.VN
2010-10-04 00:00:00,9123.3134765625,9224.682926117795,9097.970144687739,9224.682926117795,1171627,1d,VCB,VCB.VN
2010-10-05 00:00:00,9173.998046875,9173.998046875,9072.62762954057,9072.62762954057,835169,1d,VCB,VCB.VN
2010-10-06 00:00:00,9326.0537109375,9326.0537109375,9173.998561154844,9173.998561154844,1516551,1d,VCB,VCB.VN
2010-10-07 00:00:00,9250.025390625,9326.053448116743,9224.683027956402,9326.053448116743,587354,1d,VCB,VCB.VN
2010-10-08 00:00:00,9250.025390625,9275.368722779545,9199.340665287804,9250.025390625,767048,1d,VCB,VCB.VN
2010-10-11 00:00:00,9250.025390625,9250.025390625,9123.313577282008,9123.313577282008,438263,1d,VCB,VCB.VN
2010-10-12 00:00:00,9123.3134765625,9224.682926117795,9123.3134765625,9173.998201340148,239887,1d,VCB,VCB.VN
2010-10-13 00:00:00,9224.68359375,9224.68359375,9097.970803149165,9123.314136858136,512886,1d,VCB,VCB.VN
2010-10-14 00:00:00,9224.68359375,9250.025957972966,9224.68359375,9250.025957972966,291714,1d,VCB,VCB.VN
2010-10-15 00:00:00,9224.68359375,9250.025957972966,9173.99886530407,9250.025957972966,656455,1d,VCB,VCB.VN
2010-10-18 00:00:00,9097.970703125,9148.656400499694,9097.970703125,9097.970703125,552255,1d,VCB,VCB.VN
2010-10-19 00:00:00,8996.6005859375,9072.627672181203,8920.57253020787,9021.942948018734,554020,1d,VCB,VCB.VN
2010-10-20 00:00:00,8844.5458984375,8996.601048224124,8844.5458984375,8996.601048224124,705152,1d,VCB,VCB.VN
2010-10-21 00:00:00,8869.8876953125,8869.8876953125,8768.517278767158,8869.8876953125,449074,1d,VCB,VCB.VN
2010-10-22 00:00:00,8819.2021484375,8920.572566662622,8768.517424067903,8920.572566662622,528636,1d,VCB,VCB.VN
2010-10-25 00:00:00,8641.8046875,8743.175106239401,8616.462325186634,8616.462325186634,668916,1d,VCB,VCB.VN
2010-10-26 00:00:00,8717.8330078125,8819.202460134393,8641.804949085117,8641.804949085117,451814,1d,VCB,VCB.VN
2010-10-27 00:00:00,8819.2021484375,8869.887842293027,8692.489368027578,8869.887842293027,362500,1d,VCB,VCB.VN
2010-10-28 00:00:00,8819.2021484375,8819.2021484375,8692.489368027578,8819.2021484375,239460,1d,VCB,VCB.VN
2010-10-29 00:00:00,8819.2021484375,8869.887842293027,8819.2021484375,8819.2021484375,273146,1d,VCB,VCB.VN
2010-11-01 00:00:00,8869.8876953125,8869.8876953125,8793.859640532017,8869.8876953125,505289,1d,VCB,VCB.VN
2010-11-02 00:00:00,8667.1474609375,8768.517884485384,8667.1474609375,8717.833157454432,531770,1d,VCB,VCB.VN
2010-11-03 00:00:00,8641.8046875,8667.147049813368,8565.7776005599,8667.147049813368,611918,1d,VCB,VCB.VN
2010-11-04 00:00:00,8616.462890625,8743.175679993043,8616.462890625,8692.489982554227,430468,1d,VCB,VCB.VN
2010-11-05 00:00:00,8717.8330078125,8768.517733973446,8616.462586004644,8768.517733973446,405868,1d,VCB,VCB.VN
2010-11-08 00:00:00,8489.75,8616.462787856744,8489.75,8616.462787856744,528283,1d,VCB,VCB.VN
2010-11-09 00:00:00,8363.037109375,8489.74989567465,8337.694746012265,8489.74989567465,1456772,1d,VCB,VCB.VN
2010-11-10 00:00:00,8363.037109375,8413.72183610047,8312.352382649531,8413.72183610047,653090,1d,VCB,VCB.VN
2010-11-11 00:00:00,8109.61181640625,8236.32411475804,8109.61181640625,8160.297026592751,339390,1d,VCB,VCB.VN
2010-11-12 00:00:00,8210.9814453125,8210.9814453125,7881.528318521531,8109.611513469178,503058,1d,VCB,VCB.VN
2010-11-15 00:00:00,8008.24169921875,8236.324426578567,7982.899335537546,8236.324426578567,481472,1d,VCB,VCB.VN
2010-11-16 00:00:00,7906.87158203125,7932.213945142844,7881.528734176674,7932.213945142844,592490,1d,VCB,VCB.VN
2010-11-17 00:00:00,7678.7890625,8033.584579142993,7678.7890625,7982.899366838853,552255,1d,VCB,VCB.VN
2010-11-18 00:00:00,7856.1865234375,7856.1865234375,7704.131372332831,7830.844159834386,312357,1d,VCB,VCB.VN
2010-11-19 00:00:00,7856.1865234375,7932.214098989834,7830.844159834386,7932.214098989834,285997,1d,VCB,VCB.VN
2010-11-22 00:00:00,8058.9267578125,8058.9267578125,7602.7613117822,7602.7613117822,411117,1d,VCB,VCB.VN
2010-11-23 00:00:00,8363.037109375,8363.037109375,8033.584446687498,8058.926810050233,901960,1d,VCB,VCB.VN
2010-11-24 00:00:00,8363.037109375,8363.037109375,8134.954869624412,8363.037109375,724071,1d,VCB,VCB.VN
2010-11-25 00:00:00,8515.091796875,8540.434158862261,8363.036655465512,8363.036655465512,761955,1d,VCB,VCB.VN
2010-11-26 00:00:00,8337.6943359375,8515.091840237636,8287.009611704869,8388.379060170131,353533,1d,VCB,VCB.VN
2010-11-29 00:00:00,8616.462890625,8616.462890625,8287.010219959684,8337.694947912503,847315,1d,VCB,VCB.VN
2010-11-30 00:00:00,8565.7783203125,8819.20293422649,8388.379830240887,8616.463049198095,694535,1d,VCB,VCB.VN
2010-12-01 00:00:00,8363.037109375,8591.120318611564,8363.037109375,8591.120318611564,558836,1d,VCB,VCB.VN
2010-12-02 00:00:00,8312.3525390625,8363.037266741701,8261.666841897306,8287.010175222898,934512,1d,VCB,VCB.VN
2010-12-03 00:00:00,8413.7216796875,8717.832942844745,8337.694591012656,8363.036953904271,1661181,1d,VCB,VCB.VN
2010-12-06 00:00:00,8464.4072265625,8515.091951457149,8413.721532181913,8489.749589009823,1190431,1d,VCB,VCB.VN
2010-12-07 00:00:00,8287.009765625,8413.72157856008,8287.009765625,8363.036853386047,658534,1d,VCB,VCB.VN
2010-12-08 00:00:00,8058.9267578125,8337.694691967567,8033.584394614034,8337.694691967567,616499,1d,VCB,VCB.VN
2010-12-09 00:00:00,8134.95458984375,8287.009734276591,7881.528541217397,7881.528541217397,835561,1d,VCB,VCB.VN
2010-12-10 00:00:00,8287.009765625,8312.352128212016,8210.981708378007,8312.352128212016,1461396,1d,VCB,VCB.VN
2010-12-13 00:00:00,8641.8046875,8692.489412126733,8565.7776005599,8667.147049813368,5374426,1d,VCB,VCB.VN
2010-12-14 00:00:00,7476.04833984375,7476.04833984375,7425.363129967973,7476.04833984375,2068425,1d,VCB,VCB.VN
2010-12-15 00:00:00,7830.84375,7830.84375,7780.158540703436,7830.84375,5339485,1d,VCB,VCB.VN
2010-12-16 00:00:00,7830.84375,8058.926464720085,7729.4733314068735,8058.926464720085,4952881,1d,VCB,VCB.VN
2010-12-17 00:00:00,8210.9814453125,8210.9814453125,7805.500748453302,7830.843594971349,9860997,1d,VCB,VCB.VN
2010-12-20 00:00:00,8236.32421875,8363.037003444642,8160.297129624792,8210.981855708264,2847351,1d,VCB,VCB.VN
2010-12-21 00:00:00,8084.26904296875,8185.639464269995,7856.186322155417,8008.241469364305,2706362,1d,VCB,VCB.VN
2010-12-22 00:00:00,7729.4736328125,8109.611990245515,7729.4736328125,8109.611990245515,2071404,1d,VCB,VCB.VN
2010-12-23 00:00:00,7678.7890625,7805.501366145859,7653.446213976432,7729.473790061145,1546242,1d,VCB,VCB.VN
2010-12-24 00:00:00,7476.04833984375,7729.473419736691,7476.04833984375,7678.788694603885,1408864,1d,VCB,VCB.VN
2010-12-27 00:00:00,7552.076171875,7602.761383492991,7476.04859681951,7602.761383492991,686856,1d,VCB,VCB.VN
2010-12-28 00:00:00,7526.7333984375,7653.446186369281,7374.67824681656,7374.67824681656,1200893,1d,VCB,VCB.VN
2010-12-29 00:00:00,7729.4736328125,7729.4736328125,7400.020971395469,7602.76133174448,1781714,1d,VCB,VCB.VN
2010-12-30 00:00:00,7856.1865234375,7856.1865234375,7501.391009278942,7501.391009278942,2258648,1d,VCB,VCB.VN
2010-12-31 00:00:00,8236.32421875,8236.32421875,7729.473564714413,7856.186349409055,2893735,1d,VCB,VCB.VN
2011-01-04 00:00:00,7982.89892578125,8236.324003814148,7982.89892578125,8236.324003814148,989553,1d,VCB,VCB.VN
2011-01-05 00:00:00,7754.81640625,7982.899127670769,7729.473558485705,7957.556764649455,1894927,1d,VCB,VCB.VN
2011-01-06 00:00:00,7805.5009765625,7805.5009765625,7602.761106950956,7602.761106950956,524130,1d,VCB,VCB.VN
2011-01-07 00:00:00,7780.15869140625,7881.528627219961,7780.15869140625,7856.186264452277,385068,1d,VCB,VCB.VN
2011-01-10 00:00:00,7856.1865234375,7856.1865234375,7678.789008729717,7754.816584282052,952497,1d,VCB,VCB.VN
2011-01-11 00:00:00,7780.15869140625,7856.186264452277,7729.473481127907,7856.186264452277,795368,1d,VCB,VCB.VN
2011-01-12 00:00:00,7729.4736328125,7830.844055358498,7729.4736328125,7780.158844085499,378758,1d,VCB,VCB.VN
2011-01-13 00:00:00,7856.1865234375,7856.1865234375,7678.789008729717,7704.131372332831,660298,1d,VCB,VCB.VN
2011-01-14 00:00:00,8084.26904296875,8084.26904296875,7856.186322155417,7856.186322155417,1746931,1d,VCB,VCB.VN
2011-01-17 00:00:00,7982.89892578125,8058.926497665417,7957.55656340085,8058.926497665417,591940,1d,VCB,VCB.VN
2011-01-18 00:00:00,7982.89892578125,8033.584135285017,7856.186144393316,7856.186144393316,905956,1d,VCB,VCB.VN
2011-01-19 00:00:00,8008.24169921875,8033.584547642948,7906.87175975094,7982.899335537546,1570606,1d,VCB,VCB.VN
2011-01-20 00:00:00,7982.89892578125,8008.241288161649,7957.55656340085,7982.89892578125,796736,1d,VCB,VCB.VN
2011-01-21 00:00:00,8363.037109375,8363.037109375,8008.241598581776,8008.241598581776,4574227,1d,VCB,VCB.VN
2011-01-24 00:00:00,8768.517578125,8768.517578125,8717.832852864905,8768.517578125,4329397,1d,VCB,VCB.VN
2011-01-25 00:00:00,8667.1474609375,8945.915398579693,8489.749946843189,8945.915398579693,2083778,1d,VCB,VCB.VN
2011-01-26 00:00:00,8692.4892578125,8717.832589161892,8591.119810358605,8667.146895949027,1738547,1d,VCB,VCB.VN
2011-01-27 00:00:00,8768.517578125,8768.517578125,8565.777707598676,8616.46243285877,2641688,1d,VCB,VCB.VN
2011-01-28 00:00:00,9148.65625,9148.65625,8869.888312226034,9047.285826404199,4302171,1d,VCB,VCB.VN
2011-02-08 00:00:00,9604.8212890625,9604.8212890625,9148.655856719892,9224.682944034024,4776366,1d,VCB,VCB.VN
2011-02-09 00:00:00,9630.1640625,10060.98715079138,9376.7384883319,10010.302423752151,4065800,1d,VCB,VCB.VN
2011-02-10 00:00:00,9554.13671875,9731.534228172122,9376.738239841921,9630.163807294071,3297959,1d,VCB,VCB.VN
2011-02-11 00:00:00,9427.423828125,9604.821335535587,9351.395770957066,9604.821335535587,2072890,1d,VCB,VCB.VN
2011-02-14 00:00:00,8996.6005859375,9503.450736019968,8996.6005859375,9503.450736019968,2276868,1d,VCB,VCB.VN
2011-02-15 00:00:00,9097.970703125,9097.970703125,8717.833304987775,8743.175668932125,1903546,1d,VCB,VCB.VN
2011-02-16 00:00:00,8945.9150390625,9224.682965501606,8945.9150390625,9021.943096039502,1701176,1d,VCB,VCB.VN
2011-02-17 00:00:00,8920.5732421875,8945.91560629139,8743.175723974267,8793.860452182047,1388219,1d,VCB,VCB.VN
2011-02-18 00:00:00,8869.8876953125,8895.230057077357,8768.517278767158,8869.8876953125,3107225,1d,VCB,VCB.VN
2011-02-21 00:00:00,8439.0654296875,8616.462948193597,8439.0654296875,8616.462948193597,2624100,1d,VCB,VCB.VN
2011-02-22 00:00:00,8084.26904296875,8287.00988557124,8084.26904296875,8084.26904296875,1839693,1d,VCB,VCB.VN
2011-02-23 00:00:00,8337.6943359375,8413.721422286446,8109.61162266177,8109.61162266177,1329850,1d,VCB,VCB.VN
2011-02-24 00:00:00,8033.58447265625,8236.324349699466,7932.214049391654,8160.297259365501,2139367,1d,VCB,VCB.VN
2011-02-25 00:00:00,8160.29736328125,8210.982090815995,8008.241726448032,8210.982090815995,1077377,1d,VCB,VCB.VN
2011-02-28 00:00:00,8210.9814453125,8439.064640260147,8109.611513469178,8185.639083537409,1716376,1d,VCB,VCB.VN
2011-03-01 00:00:00,8287.009765625,8312.352128212016,8160.296983203974,8210.981708378007,568358,1d,VCB,VCB.VN
2011-03-02 00:00:00,7982.89892578125,8236.324003814148,7906.871353897083,8109.611707169183,1282922,1d,VCB,VCB.VN
2011-03-03 00:00:00,7856.1865234375,7982.899310939055,7856.1865234375,7856.1865234375,2025219,1d,VCB,VCB.VN
2011-03-04 00:00:00,7957.556640625,7982.899003251335,7805.501010638073,7856.1862206337155,631973,1d,VCB,VCB.VN
2011-03-07 00:00:00,8109.61181640625,8109.61181640625,7906.871460403222,7906.871460403222,732415,1d,VCB,VCB.VN
2011-03-08 00:00:00,8109.61181640625,8363.036897852804,8084.268968941512,8134.954663870988,1097083,1d,VCB,VCB.VN
2011-03-09 00:00:00,7982.89892578125,8134.954554292552,7932.2137162774825,8134.954554292552,1055009,1d,VCB,VCB.VN
2011-03-10 00:00:00,8109.61181640625,8236.32411475804,7932.213823124985,7932.213823124985,2982302,1d,VCB,VCB.VN
2011-03-11 00:00:00,8084.26904296875,8287.00988557124,7982.899106410484,8134.954738362351,2773035,1d,VCB,VCB.VN
2011-03-14 00:00:00,7830.84375,8185.63924559001,7830.84375,8185.63924559001,2518882,1d,VCB,VCB.VN
2011-03-15 00:00:00,7628.103515625,7830.843871206315,7628.103515625,7653.445878294049,2360422,1d,VCB,VCB.VN
2011-03-16 00:00:00,7653.44580078125,7805.500944741505,7552.075866388736,7552.075866388736,2593741,1d,VCB,VCB.VN
2011-03-17 00:00:00,7602.76123046875,7780.158740446672,7602.76123046875,7729.473529848846,2728222,1d,VCB,VCB.VN
2011-03-18 00:00:00,7982.89892578125,7982.89892578125,7628.103428740816,7704.131000624982,5494963,1d,VCB,VCB.VN
2011-03-21 00:00:00,8337.6943359375,8363.036698053815,8160.2968316373635,8337.6943359375,5819357,1d,VCB,VCB.VN
2011-03-22 00:00:00,8033.58447265625,8287.010046074753,8033.58447265625,8210.98198625481,2528675,1d,VCB,VCB.VN
2011-03-23 00:00:00,8008.24169921875,8084.269275005356,7906.87175975094,8058.926911324152,3067113,1d,VCB,VCB.VN
2011-03-24 00:00:00,7830.84375,8008.2412554235225,7830.84375,7982.898893146724,2100669,1d,VCB,VCB.VN
2011-03-25 00:00:00,7856.1865234375,7906.8717353867205,7780.158947885166,7780.158947885166,1741525,1d,VCB,VCB.VN
2011-03-28 00:00:00,7856.1865234375,7906.8717353867205,7805.50131148828,7856.1865234375,1543931,1d,VCB,VCB.VN
2011-03-29 00:00:00,7856.1865234375,8084.269250094504,7805.50131148828,7982.899310939055,1845688,1d,VCB,VCB.VN
2011-03-30 00:00:00,7780.15869140625,7830.843901684593,7729.473481127907,7805.501054173934,2999893,1d,VCB,VCB.VN
2011-03-31 00:00:00,7906.87158203125,7906.87158203125,7754.816433875723,7754.816433875723,2335273,1d,VCB,VCB.VN
2011-04-01 00:00:00,7780.15869140625,7856.186264452277,7754.816328638566,7856.186264452277,1315354,1d,VCB,VCB.VN
2011-04-04 00:00:00,7704.13134765625,7780.158922965065,7628.103772347434,7729.4737111781915,1791627,1d,VCB,VCB.VN
2011-04-05 00:00:00,7678.7890625,7729.473790061145,7653.446213976432,7704.131426280573,1364441,1d,VCB,VCB.VN
2011-04-06 00:00:00,7856.1865234375,7932.214098989834,7704.131372332831,7729.473735935945,1757270,1d,VCB,VCB.VN
2011-04-07 00:00:00,7754.81640625,7856.186343078237,7754.81640625,7780.158769271314,767399,1d,VCB,VCB.VN
2011-04-08 00:00:00,7729.4736328125,7754.816480820492,7704.131269547493,7704.131269547493,940662,1d,VCB,VCB.VN
2011-04-13 00:00:00,7602.76123046875,7729.473529848846,7602.76123046875,7729.473529848846,2282154,1d,VCB,VCB.VN
2011-04-14 00:00:00,7577.41845703125,7653.4460313013105,7577.41845703125,7602.761304949926,2191747,1d,VCB,VCB.VN
2011-04-15 00:00:00,7450.70556640625,7602.761197541174,7450.70556640625,7577.418349980531,1439263,1d,VCB,VCB.VN
2011-04-18 00:00:00,7247.96533203125,7450.70569222515,7247.96533203125,7450.70569222515,1895358,1d,VCB,VCB.VN
2011-04-19 00:00:00,7273.30810546875,7374.67804215517,7247.96525773991,7247.96525773991,1498689,1d,VCB,VCB.VN
2011-04-20 00:00:00,7349.3359375,7349.3359375,7273.308361127055,7298.650725003704,1976642,1d,VCB,VCB.VN
2011-04-21 00:00:00,7247.96533203125,7349.3357544996925,7247.96533203125,7349.3357544996925,1069346,1d,VCB,VCB.VN
2011-04-22 00:00:00,7146.59521484375,7273.307997375857,7146.59521484375,7247.965150023651,631188,1d,VCB,VCB.VN
2011-04-25 00:00:00,7273.30810546875,7323.993316183451,7222.62289475405,7323.993316183451,1068404,1d,VCB,VCB.VN
2011-04-26 00:00:00,7121.2529296875,7247.965228854797,7121.2529296875,7197.280503085069,707933,1d,VCB,VCB.VN
2011-04-27 00:00:00,7171.9375,7222.622709414065,7121.252775328902,7222.622709414065,1033149,1d,VCB,VCB.VN
2011-04-28 00:00:00,7095.91015625,7171.937730442466,7095.91015625,7121.253004142811,527264,1d,VCB,VCB.VN
2011-04-29 00:00:00,7197.28076171875,7222.623125514289,7095.910337050601,7095.910337050601,1225218,1d,VCB,VCB.VN
2011-05-04 00:00:00,7197.28076171875,7222.623125514289,7171.937913180215,7222.623125514289,698885,1d,VCB,VCB.VN
2011-05-05 00:00:00,7146.59521484375,7222.62278741442,7146.59521484375,7146.59521484375,638554,1d,VCB,VCB.VN
2011-05-06 00:00:00,7298.650390625,7298.650390625,7095.910034671115,7095.910034671115,976037,1d,VCB,VCB.VN
2011-05-09 00:00:00,7247.96533203125,7298.650543265471,7222.622968785632,7298.650543265471,488917,1d,VCB,VCB.VN
2011-05-10 00:00:00,7146.59521484375,7273.307997375857,7146.59521484375,7247.965150023651,760584,1d,VCB,VCB.VN
2011-05-11 00:00:00,7146.59521484375,7171.937577452982,7121.252852234517,7146.59521484375,632325,1d,VCB,VCB.VN
2011-05-12 00:00:00,7121.2529296875,7197.280503085069,7095.910082059658,7197.280503085069,555392,1d,VCB,VCB.VN
2011-05-13 00:00:00,7121.2529296875,7121.2529296875,7095.910082059658,7121.2529296875,799832,1d,VCB,VCB.VN
2011-05-16 00:00:00,7476.04833984375,7476.04833984375,7374.6779200921965,7476.04833984375,1887287,1d,VCB,VCB.VN
2011-05-17 00:00:00,7830.84375,7830.84375,7830.84375,7830.84375,721253,1d,VCB,VCB.VN
2011-05-18 00:00:00,8084.26904296875,8210.981827223817,7830.843959201595,8210.981827223817,8797046,1d,VCB,VCB.VN
2011-05-19 00:00:00,7932.2138671875,8033.584288123602,7881.528656719449,8033.584288123602,2502039,1d,VCB,VCB.VN
2011-05-20 00:00:00,7602.76123046875,7780.158740446672,7552.076019870924,7678.788803993999,2519508,1d,VCB,VCB.VN
2011-05-23 00:00:00,7247.96533203125,7602.761325927813,7222.622968785632,7602.761325927813,1468290,1d,VCB,VCB.VN
2011-05-24 00:00:00,6893.169921875,7045.225557761434,6893.169921875,7045.225557761434,2981876,1d,VCB,VCB.VN
2011-05-25 00:00:00,6563.71728515625,6589.05964887848,6563.71728515625,6563.71728515625,2351415,1d,VCB,VCB.VN
2011-05-26 00:00:00,6867.82763671875,6867.82763671875,6259.607025197088,6259.607025197088,2783222,1d,VCB,VCB.VN
2011-05-27 00:00:00,7197.28076171875,7197.28076171875,6893.169972457299,7095.910337050601,1357821,1d,VCB,VCB.VN
2011-05-30 00:00:00,6842.48486328125,7247.965085112437,6842.48486328125,7247.965085112437,842535,1d,VCB,VCB.VN
2011-05-31 00:00:00,7095.91015625,7095.91015625,6614.40234794538,6715.772285287673,1226822,1d,VCB,VCB.VN
2011-06-01 00:00:00,7450.70556640625,7450.70556640625,6969.197764412743,7095.910063244048,2403983,1d,VCB,VCB.VN
2011-06-02 00:00:00,7729.4736328125,7780.158844085499,7476.048545933475,7476.048545933475,2775584,1d,VCB,VCB.VN
2011-06-03 00:00:00,7374.67822265625,7856.186524373746,7374.67822265625,7856.186524373746,2630368,1d,VCB,VCB.VN
2011-06-06 00:00:00,7425.36328125,7476.048492158422,7121.252985285435,7121.252985285435,1249431,1d,VCB,VCB.VN
2011-06-07 00:00:00,7754.81640625,7754.81640625,7577.418410871859,7602.761258636154,1879845,1d,VCB,VCB.VN
2011-06-08 00:00:00,7400.02099609375,7754.816506702938,7400.02099609375,7628.1037204690165,1393703,1d,VCB,VCB.VN
2011-06-09 00:00:00,7425.36328125,7552.076066149563,7400.020918167281,7400.020918167281,560367,1d,VCB,VCB.VN
2011-06-10 00:00:00,7450.70556640625,7602.761197541174,7425.363203588584,7450.70556640625,875204,1d,VCB,VCB.VN
2011-06-13 00:00:00,7425.36328125,7450.70564433272,7374.678070341579,7450.70564433272,672286,1d,VCB,VCB.VN
2011-06-14 00:00:00,7374.67822265625,7602.761434083427,7349.335859050116,7400.021071005376,874301,1d,VCB,VCB.VN
2011-06-15 00:00:00,7171.9375,7349.335490577743,7171.9375,7222.622709414065,1108635,1d,VCB,VCB.VN
2011-06-16 00:00:00,7273.30810546875,7349.33567916931,7197.2805317681905,7222.62289475405,417344,1d,VCB,VCB.VN
2011-06-17 00:00:00,6994.5400390625,7323.993175254199,6994.5400390625,7323.993175254199,2723365,1d,VCB,VCB.VN
2011-06-20 00:00:00,7045.2255859375,7146.595525524208,6994.540373772649,6994.540373772649,409393,1d,VCB,VCB.VN
2011-06-21 00:00:00,7323.9931640625,7349.335526521993,7070.567600495685,7070.567600495685,1088578,1d,VCB,VCB.VN
2011-06-22 00:00:00,7323.9931640625,7400.02073618395,7247.96510719808,7349.335526521993,719684,1d,VCB,VCB.VN
2011-06-23 00:00:00,7121.2529296875,7273.308076482638,7121.2529296875,7222.622865969933,606744,1d,VCB,VCB.VN
2011-06-24 00:00:00,6994.5400390625,7171.937546035973,6994.5400390625,7121.252821039536,958800,1d,VCB,VCB.VN
2011-06-27 00:00:00,7121.2529296875,7146.595292572363,7019.882508662089,7146.595292572363,710830,1d,VCB,VCB.VN
2011-06-28 00:00:00,7070.56787109375,7146.595446124856,7045.225507664378,7045.225507664378,288896,1d,VCB,VCB.VN
2011-06-29 00:00:00,7095.91015625,7095.91015625,7070.567793100173,7070.567793100173,552294,1d,VCB,VCB.VN
2011-06-30 00:00:00,7019.88232421875,7146.59510479972,7019.88232421875,7095.909895618739,531689,1d,VCB,VCB.VN
2011-07-01 00:00:00,7070.56787109375,7121.2530826954835,6994.540296062644,7070.56787109375,384204,1d,VCB,VCB.VN
2011-07-04 00:00:00,7045.2255859375,7146.595525524208,6994.540373772649,7146.595525524208,440222,1d,VCB,VCB.VN
2011-07-05 00:00:00,7197.28076171875,7222.623125514289,7045.225609459522,7045.225609459522,1132220,1d,VCB,VCB.VN
2011-07-06 00:00:00,7121.2529296875,7197.280503085069,7121.2529296875,7197.280503085069,495574,1d,VCB,VCB.VN
2011-07-07 00:00:00,7121.2529296875,7197.280503085069,7095.910082059658,7197.280503085069,535410,1d,VCB,VCB.VN
2011-07-08 00:00:00,7070.56787109375,7121.2530826954835,7070.56787109375,7121.2530826954835,783889,1d,VCB,VCB.VN
2011-07-11 00:00:00,7121.2529296875,7146.595292572363,7070.567719174795,7070.567719174795,1239283,1d,VCB,VCB.VN
2011-07-12 00:00:00,7095.91015625,7146.595367292638,7070.567793100173,7146.595367292638,625077,1d,VCB,VCB.VN
2011-07-13 00:00:00,7095.91015625,7171.937730442466,7095.91015625,7095.91015625,918330,1d,VCB,VCB.VN
2011-07-14 00:00:00,7450.70556640625,7450.70556640625,7121.252910804689,7121.252910804689,2014487,1d,VCB,VCB.VN
2011-07-15 00:00:00,7247.96533203125,7501.390903459371,7247.96533203125,7450.70569222515,1756409,1d,VCB,VCB.VN
2011-07-18 00:00:00,7606.8154296875,7606.8154296875,7294.5953933943565,7294.5953933943565,840192,1d,VCB,VCB.VN
2011-07-19 00:00:00,7606.8154296875,7663.582709013526,7521.6645106984615,7606.8154296875,352973,1d,VCB,VCB.VN
2011-07-20 00:00:00,7833.884765625,7862.268406080163,7606.815641983695,7606.815641983695,1975347,1d,VCB,VCB.VN
2011-07-21 00:00:00,8089.33740234375,8146.104682360197,7919.035562294408,8146.104682360197,2421296,1d,VCB,VCB.VN
2011-07-22 00:00:00,7947.41943359375,8089.3376377650675,7947.41943359375,8089.3376377650675,1158337,1d,VCB,VCB.VN
2011-07-25 00:00:00,7947.41943359375,7947.41943359375,7833.884870256697,7833.884870256697,756144,1d,VCB,VCB.VN
2011-07-26 00:00:00,7777.11767578125,7947.419522696167,7777.11767578125,7890.652240391195,641247,1d,VCB,VCB.VN
2011-07-27 00:00:00,8004.1865234375,8004.1865234375,7720.350121897163,7805.501042359264,1594034,1d,VCB,VCB.VN
2011-07-28 00:00:00,8032.5703125,8174.48851590106,7947.419390459364,8004.186671819788,2781164,1d,VCB,VCB.VN
2011-07-29 00:00:00,7975.80322265625,8032.570505379782,7947.4195812944845,7975.80322265625,1242313,1d,VCB,VCB.VN
2011-08-01 00:00:00,7919.03564453125,8060.953846046147,7919.03564453125,7975.802925137208,1226608,1d,VCB,VCB.VN
2011-08-02 00:00:00,7890.65185546875,7947.419135004497,7862.268215700877,7890.65185546875,713191,1d,VCB,VCB.VN
2011-08-03 00:00:00,7663.5830078125,7890.6521339699075,7606.815726273148,7890.6521339699075,1308983,1d,VCB,VCB.VN
2011-08-04 00:00:00,7777.11767578125,7890.652240391195,7663.583111171304,7663.583111171304,1705645,1d,VCB,VCB.VN
2011-08-05 00:00:00,7720.35009765625,7777.117377786075,7691.966457591337,7691.966457591337,867893,1d,VCB,VCB.VN
2011-08-08 00:00:00,7635.19921875,7720.350139405205,7635.19921875,7691.966499186803,888390,1d,VCB,VCB.VN
2011-08-09 00:00:00,7436.513671875,7578.431871719942,7379.746391937023,7578.431871719942,1226260,1d,VCB,VCB.VN
2011-08-10 00:00:00,7493.28125,7606.815814393939,7493.28125,7550.048532196969,1098108,1d,VCB,VCB.VN
2011-08-11 00:00:00,7550.04833984375,7550.04833984375,7436.51377834234,7436.51377834234,512918,1d,VCB,VCB.VN
2011-08-12 00:00:00,7635.19921875,7635.19921875,7550.048298094796,7550.048298094796,500992,1d,VCB,VCB.VN
2011-08-15 00:00:00,7606.8154296875,7635.199069350513,7578.431790024487,7635.199069350513,256017,1d,VCB,VCB.VN
2011-08-16 00:00:00,7606.8154296875,7635.199069350513,7521.6645106984615,7521.6645106984615,431808,1d,VCB,VCB.VN
2011-08-17 00:00:00,7805.5009765625,7805.5009765625,7606.815497159091,7606.815497159091,1428949,1d,VCB,VCB.VN
2011-08-18 00:00:00,7890.65185546875,7890.65185546875,7777.117296397257,7805.50093616513,1843488,1d,VCB,VCB.VN
2011-08-19 00:00:00,7748.73388671875,7833.884808550824,7691.966605497367,7777.117527329441,1081913,1d,VCB,VCB.VN
2011-08-22 00:00:00,7748.73388671875,7833.884808550824,7748.73388671875,7805.501167940132,1364138,1d,VCB,VCB.VN
2011-08-23 00:00:00,7663.5830078125,7720.350289351852,7663.5830078125,7663.5830078125,694585,1d,VCB,VCB.VN
2011-08-24 00:00:00,7606.8154296875,7748.733628002566,7606.8154296875,7663.582709013526,1243539,1d,VCB,VCB.VN
2011-08-25 00:00:00,7663.5830078125,7691.966648582175,7606.815726273148,7606.815726273148,427122,1d,VCB,VCB.VN
2011-08-26 00:00:00,7635.19921875,7691.966499186803,7635.19921875,7663.5828589684015,832916,1d,VCB,VCB.VN
2011-08-29 00:00:00,7691.966796875,7720.350438191882,7606.815872924354,7663.583155558118,1389635,1d,VCB,VCB.VN
2011-08-30 00:00:00,7748.73388671875,7862.2684491615155,7748.73388671875,7805.501167940132,1812711,1d,VCB,VCB.VN
2011-08-31 00:00:00,7805.5009765625,7862.268256392046,7720.350056818183,7748.733696732955,1917881,1d,VCB,VCB.VN
2011-09-01 00:00:00,8174.48828125,8174.48828125,7862.268242730034,7862.268242730034,5805594,1d,VCB,VCB.VN
2011-09-05 00:00:00,8032.5703125,8373.174000662544,7975.803031139576,8373.174000662544,1712921,1d,VCB,VCB.VN
2011-09-06 00:00:00,7975.80322265625,8032.570505379782,7919.035939932718,7947.4195812944845,1130776,1d,VCB,VCB.VN
2011-09-07 00:00:00,8032.5703125,8089.337593860424,8004.186671819788,8060.953953180212,1252946,1d,VCB,VCB.VN
2011-09-08 00:00:00,7975.80322265625,8146.105070826847,7975.80322265625,8089.337788103315,2939469,1d,VCB,VCB.VN
2011-09-09 00:00:00,7947.41943359375,7975.803074428014,7919.035792759487,7947.41943359375,1342520,1d,VCB,VCB.VN
2011-09-12 00:00:00,7748.73388671875,7947.41937099359,7720.350246108059,7862.2684491615155,1501453,1d,VCB,VCB.VN
2011-09-13 00:00:00,7833.884765625,7947.419327445652,7777.117484714674,7777.117484714674,1244411,1d,VCB,VCB.VN
2011-09-14 00:00:00,7663.5830078125,7890.6521339699075,7663.5830078125,7777.117570891203,1778326,1d,VCB,VCB.VN
2011-09-15 00:00:00,7663.5830078125,7663.5830078125,7550.048444733796,7663.5830078125,1091565,1d,VCB,VCB.VN
2011-09-16 00:00:00,7493.28125,7748.734019886363,7493.28125,7663.583096590909,844075,1d,VCB,VCB.VN
2011-09-19 00:00:00,7777.11767578125,7777.11767578125,7550.048546561359,7550.048546561359,649782,1d,VCB,VCB.VN
2011-09-20 00:00:00,7578.43212890625,7720.350333567416,7578.43212890625,7720.350333567416,1002099,1d,VCB,VCB.VN
2011-09-21 00:00:00,7578.43212890625,7663.58305170295,7550.048487974017,7578.43212890625,471019,1d,VCB,VCB.VN
2011-09-22 00:00:00,7691.966796875,7720.350438191882,7550.04859029059,7550.04859029059,704728,1d,VCB,VCB.VN
2011-09-23 00:00:00,7521.66455078125,7635.199110038326,7521.66455078125,7578.431830409788,1061802,1d,VCB,VCB.VN
2011-09-26 00:00:00,7493.28125,7550.048532196969,7464.897608901515,7550.048532196969,895630,1d,VCB,VCB.VN
2011-09-27 00:00:00,7550.04833984375,7663.582901345159,7521.664699468397,7521.664699468397,1074253,1d,VCB,VCB.VN
2011-09-28 00:00:00,7919.03564453125,7919.03564453125,7890.65200422827,7919.03564453125,2524056,1d,VCB,VCB.VN
2011-09-29 00:00:00,7777.11767578125,7947.419522696167,7720.3503934762775,7947.419522696167,1875036,1d,VCB,VCB.VN
2011-09-30 00:00:00,7748.73388671875,7805.501167940132,7691.966605497367,7720.350246108059,651423,1d,VCB,VCB.VN
2011-10-03 00:00:00,7663.5830078125,7748.733930121528,7663.5830078125,7748.733930121528,1536674,1d,VCB,VCB.VN
2011-10-04 00:00:00,7578.43212890625,7663.58305170295,7521.664847041784,7606.815769838483,1009618,1d,VCB,VCB.VN
2011-10-05 00:00:00,7550.04833984375,7635.199260969807,7521.664699468397,7578.431980219102,1323565,1d,VCB,VCB.VN
2011-10-06 00:00:00,7578.43212890625,7606.815769838483,7521.664847041784,7550.048487974017,1394254,1d,VCB,VCB.VN
2011-10-07 00:00:00,7521.66455078125,7606.815470224056,7521.66455078125,7578.431830409788,889717,1d,VCB,VCB.VN
2011-10-10 00:00:00,7550.04833984375,7578.431980219102,7493.281059093045,7578.431980219102,533064,1d,VCB,VCB.VN
2011-10-11 00:00:00,7493.28125,7550.048532196969,7464.897608901515,7550.048532196969,1020460,1d,VCB,VCB.VN
2011-10-12 00:00:00,7436.513671875,7493.280951812977,7436.513671875,7493.280951812977,1087368,1d,VCB,VCB.VN
2011-10-13 00:00:00,7408.13037109375,7436.514012362309,7266.2121647509575,7436.514012362309,1221187,1d,VCB,VCB.VN
2011-10-14 00:00:00,7464.8974609375,7521.664742009268,7408.130179865732,7408.130179865732,1188347,1d,VCB,VCB.VN
2011-10-17 00:00:00,7436.513671875,7464.897311843988,7408.130031906011,7464.897311843988,540586,1d,VCB,VCB.VN
2011-10-18 00:00:00,7351.36279296875,7408.130073223335,7351.36279296875,7379.746433096042,1339025,1d,VCB,VCB.VN
2011-10-19 00:00:00,7294.595703125,7351.362984861382,7266.21206225681,7351.362984861382,936762,1d,VCB,VCB.VN
2011-10-20 00:00:00,7294.595703125,7322.979343993191,7237.828421388619,7294.595703125,827880,1d,VCB,VCB.VN
2011-10-21 00:00:00,7550.04833984375,7550.04833984375,7294.595576465578,7294.595576465578,1256200,1d,VCB,VCB.VN
2011-10-24 00:00:00,7521.66455078125,7550.0481905955185,7493.280910966981,7550.0481905955185,486129,1d,VCB,VCB.VN
2011-10-25 00:00:00,7464.8974609375,7550.048382545152,7464.8974609375,7550.048382545152,573987,1d,VCB,VCB.VN
2011-10-26 00:00:00,7521.66455078125,7521.66455078125,7436.513631338443,7464.897271152712,671397,1d,VCB,VCB.VN
2011-10-27 00:00:00,7521.66455078125,7521.66455078125,7464.897271152712,7464.897271152712,432545,1d,VCB,VCB.VN
2011-10-28 00:00:00,7521.66455078125,7550.0481905955185,7436.513631338443,7521.66455078125,1043194,1d,VCB,VCB.VN
2011-10-31 00:00:00,7436.513671875,7606.815511688931,7436.513671875,7578.431871719942,479202,1d,VCB,VCB.VN
2011-11-01 00:00:00,7408.13037109375,7464.897653630866,7379.746729825191,7464.897653630866,408653,1d,VCB,VCB.VN
2011-11-02 00:00:00,7322.9794921875,7436.514057957849,7322.9794921875,7436.514057957849,441184,1d,VCB,VCB.VN
2011-11-03 00:00:00,7237.828125,7351.36268382353,7209.444485294118,7322.979044117647,767618,1d,VCB,VCB.VN
2011-11-04 00:00:00,7209.44482421875,7408.130311500369,7209.44482421875,7408.130311500369,571538,1d,VCB,VCB.VN
2011-11-07 00:00:00,7010.75927734375,7209.444762936488,7010.75927734375,7124.2938405396,570245,1d,VCB,VCB.VN
2011-11-08 00:00:00,6925.6083984375,7095.910244300717,6868.841116483094,7095.910244300717,1488583,1d,VCB,VCB.VN
2011-11-09 00:00:00,6755.306640625,6925.608488707983,6670.155716583508,6925.608488707983,1142247,1d,VCB,VCB.VN
2011-11-10 00:00:00,6670.15576171875,6755.3066863364365,6670.15576171875,6755.3066863364365,1201951,1d,VCB,VCB.VN
2011-11-11 00:00:00,6613.38818359375,6755.306384958423,6471.469982229078,6613.38818359375,590952,1d,VCB,VCB.VN
2011-11-14 00:00:00,6528.2373046875,6556.620945142663,6414.702742866848,6556.620945142663,1111538,1d,VCB,VCB.VN
2011-11-15 00:00:00,6528.2373046875,6585.004585597826,6443.086383322011,6585.004585597826,2216472,1d,VCB,VCB.VN
2011-11-16 00:00:00,6783.68994140625,6783.68994140625,6528.2371821064335,6528.2371821064335,1240915,1d,VCB,VCB.VN
2011-11-17 00:00:00,6897.224609375,6925.608249742799,6812.0736882716055,6925.608249742799,1363616,1d,VCB,VCB.VN
2011-11-18 00:00:00,6868.8408203125,6925.608099819215,6755.306261299071,6925.608099819215,1364035,1d,VCB,VCB.VN
2011-11-21 00:00:00,6698.5390625,6868.840903072034,6698.5390625,6783.689982786017,702244,1d,VCB,VCB.VN
2011-11-22 00:00:00,6755.306640625,6783.6902819721645,6698.539357930673,6755.306640625,768631,1d,VCB,VCB.VN
2011-11-23 00:00:00,6783.68994140625,6812.073581328452,6698.5390216396445,6755.306301484048,797592,1d,VCB,VCB.VN
2011-11-24 00:00:00,6783.68994140625,6868.8408611728555,6783.68994140625,6812.073581328452,894932,1d,VCB,VCB.VN
2011-11-25 00:00:00,6698.5390625,6783.689982786017,6698.5390625,6783.689982786017,426459,1d,VCB,VCB.VN
2011-11-28 00:00:00,6585.00439453125,6812.073511584052,6585.00439453125,6670.15531342605,755652,1d,VCB,VCB.VN
2011-11-29 00:00:00,6443.08642578125,6670.155550918915,6414.702785139041,6585.00462899229,1412861,1d,VCB,VCB.VN
2011-11-30 00:00:00,6301.16796875,6528.237084740991,6301.16796875,6471.469805743243,1001083,1d,VCB,VCB.VN
2011-12-01 00:00:00,6301.16796875,6414.702526745496,6244.400689752252,6386.318887246622,1150048,1d,VCB,VCB.VN
2011-12-02 00:00:00,6386.3193359375,6386.3193359375,6272.7847699652775,6329.552052951389,1197230,1d,VCB,VCB.VN
2011-12-05 00:00:00,6443.08642578125,6471.470066423458,6386.319144496833,6386.319144496833,1140081,1d,VCB,VCB.VN
2011-12-06 00:00:00,6301.16796875,6443.086166244369,6301.16796875,6414.702526745496,1416639,1d,VCB,VCB.VN
2011-12-07 00:00:00,6244.40087890625,6329.551799982244,6244.40087890625,6329.551799982244,505854,1d,VCB,VCB.VN
2011-12-08 00:00:00,6074.09912109375,6272.784606363171,6074.09912109375,6244.400965610397,1759402,1d,VCB,VCB.VN
2011-12-09 00:00:00,5988.9482421875,6102.482806020438,5960.5646012292655,6102.482806020438,883530,1d,VCB,VCB.VN
2011-12-12 00:00:00,5847.02978515625,5988.947983825091,5818.646145422482,5932.1807043575545,1217097,1d,VCB,VCB.VN
2011-12-13 00:00:00,5847.02978515625,5875.413424890018,5790.262505688714,5847.02978515625,1147457,1d,VCB,VCB.VN
2011-12-14 00:00:00,5733.49560546875,5847.030171913676,5733.49560546875,5818.646530302444,1198278,1d,VCB,VCB.VN
2011-12-15 00:00:00,5676.72802734375,5733.495307617188,5619.960747070312,5733.495307617188,2309054,1d,VCB,VCB.VN
2011-12-16 00:00:00,5960.564453125,5960.564453125,5705.1116908482145,5705.1116908482145,2177298,1d,VCB,VCB.VN
2011-12-19 00:00:00,6244.40087890625,6244.40087890625,5960.564475319602,5960.564475319602,3341241,1d,VCB,VCB.VN
2011-12-20 00:00:00,6045.71533203125,6272.784452483128,6045.71533203125,6244.400812426643,870100,1d,VCB,VCB.VN
2011-12-21 00:00:00,6159.25,6187.6336405529955,6045.715437788019,6045.715437788019,714835,1d,VCB,VCB.VN
2011-12-22 00:00:00,5875.41357421875,6159.24997877038,5875.41357421875,6159.24997877038,1527299,1d,VCB,VCB.VN
2011-12-23 00:00:00,5790.2626953125,5818.646335975796,5648.3444919960175,5676.728132659314,1638561,1d,VCB,VCB.VN
2011-12-26 00:00:00,5591.5771484375,5818.646271216688,5591.5771484375,5790.262630869289,1200380,1d,VCB,VCB.VN
2011-12-27 00:00:00,5506.42626953125,5619.960831789626,5506.42626953125,5591.577191225032,1499917,1d,VCB,VCB.VN
2011-12-28 00:00:00,5761.87890625,5761.87890625,5506.426146859606,5506.426146859606,907032,1d,VCB,VCB.VN
2011-12-29 00:00:00,5960.564453125,5960.564453125,5676.728050595238,5847.029892113095,2752897,1d,VCB,VCB.VN
2011-12-30 00:00:00,6187.6337890625,6187.6337890625,5818.646453017488,5960.564659188646,2628115,1d,VCB,VCB.VN
2012-01-03 00:00:00,5903.79736328125,6130.866492638221,5903.79736328125,6130.866492638221,722074,1d,VCB,VCB.VN
2012-01-04 00:00:00,5761.87890625,5790.262546182266,5705.111626385468,5790.262546182266,620540,1d,VCB,VCB.VN
2012-01-05 00:00:00,5733.49560546875,5790.262888691213,5676.7283222462875,5676.7283222462875,577832,1d,VCB,VCB.VN
2012-01-06 00:00:00,5619.9609375,5733.495501893939,5591.577296401515,5733.495501893939,1042775,1d,VCB,VCB.VN
2012-01-09 00:00:00,5790.2626953125,5818.646335975796,5619.96085133272,5619.96085133272,1287085,1d,VCB,VCB.VN
2012-01-10 00:00:00,5847.02978515625,5875.413424890018,5733.495226221177,5733.495226221177,1468435,1d,VCB,VCB.VN
2012-01-11 00:00:00,5847.02978515625,5988.947983825091,5847.02978515625,5960.564344091323,2040927,1d,VCB,VCB.VN
2012-01-12 00:00:00,5960.564453125,6074.099014136905,5875.413532366071,5875.413532366071,2527725,1d,VCB,VCB.VN
2012-01-13 00:00:00,5988.9482421875,6045.715524103969,5960.5646012292655,5960.5646012292655,1657549,1d,VCB,VCB.VN
2012-01-16 00:00:00,6102.48291015625,6244.401117369186,6017.3319858284885,6045.715627271075,1803896,1d,VCB,VCB.VN
2012-01-17 00:00:00,6074.09912109375,6159.250043352074,6074.09912109375,6130.866402599298,1537163,1d,VCB,VCB.VN
2012-01-18 00:00:00,6159.25,6159.25,6074.099078341014,6102.48271889401,720854,1d,VCB,VCB.VN
2012-01-19 00:00:00,6443.08642578125,6443.08642578125,6159.250019359169,6159.250019359169,1766749,1d,VCB,VCB.VN
2012-01-20 00:00:00,6556.62109375,6613.38837594697,6443.08652935606,6528.237452651515,2385372,1d,VCB,VCB.VN
2012-01-30 00:00:00,6868.8408203125,6868.8408203125,6528.237143272211,6528.237143272211,3510176,1d,VCB,VCB.VN
2012-01-31 00:00:00,6925.6083984375,7095.910244300717,6897.224757460297,7010.759321369109,2761508,1d,VCB,VCB.VN
2012-02-01 00:00:00,6755.306640625,6925.608488707983,6641.772075236345,6925.608488707983,4084870,1d,VCB,VCB.VN
2012-02-02 00:00:00,7067.5263671875,7067.5263671875,6868.840886985442,6953.991807072038,2884136,1d,VCB,VCB.VN
2012-02-03 00:00:00,6953.99169921875,7379.74629304847,6953.99169921875,7095.90989716199,2180973,1d,VCB,VCB.VN
2012-02-06 00:00:00,6897.224609375,6953.991890110597,6840.457328639403,6953.991890110597,1625163,1d,VCB,VCB.VN
2012-02-07 00:00:00,6953.99169921875,7039.142617984694,6812.07350127551,6953.99169921875,1756152,1d,VCB,VCB.VN
2012-02-08 00:00:00,7237.828125,7237.828125,6953.991727941177,6953.991727941177,3257367,1d,VCB,VCB.VN
2012-02-09 00:00:00,7152.67724609375,7379.746365017361,7124.293606228299,7209.444525824652,1436153,1d,VCB,VCB.VN
2012-02-10 00:00:00,6982.37548828125,7152.677329458841,6982.37548828125,7095.91004906631,3233931,1d,VCB,VCB.VN
2012-02-13 00:00:00,6868.8408203125,7095.9099383393595,6812.073540805785,6840.457180559143,2356380,1d,VCB,VCB.VN
2012-02-14 00:00:00,7152.67724609375,7152.67724609375,6868.840847439236,6868.840847439236,1557555,1d,VCB,VCB.VN
2012-02-15 00:00:00,7095.91015625,7266.212,7095.91015625,7209.44471875,1851286,1d,VCB,VCB.VN
2012-02-16 00:00:00,7095.91015625,7209.44471875,6982.37559375,6982.37559375,1628557,1d,VCB,VCB.VN
2012-02-17 00:00:00,7237.828125,7294.595404411765,7152.6772058823535,7152.6772058823535,1810993,1d,VCB,VCB.VN
2012-02-20 00:00:00,7578.43212890625,7578.43212890625,7351.363001448385,7351.363001448385,2219518,1d,VCB,VCB.VN
2012-02-21 00:00:00,7635.19921875,7919.035620934015,7606.8155785315985,7919.035620934015,3167022,1d,VCB,VCB.VN
2012-02-22 00:00:00,7975.80322265625,7975.80322265625,7663.583167676824,7748.734091762122,3639342,1d,VCB,VCB.VN
2012-02-23 00:00:00,8089.33740234375,8089.33740234375,7862.268282277961,7947.419202302632,6830925,1d,VCB,VCB.VN
2012-02-24 00:00:00,7975.80322265625,8117.72142946508,7805.501374485654,7947.4195812944845,4873306,1d,VCB,VCB.VN
2012-02-27 00:00:00,8032.5703125,8060.953953180212,7862.268468418728,7947.419390459364,4240549,1d,VCB,VCB.VN
2012-02-28 00:00:00,7805.5009765625,7975.802816051137,7805.5009765625,7975.802816051137,4864629,1d,VCB,VCB.VN
2012-02-29 00:00:00,7720.35009765625,7862.268297980813,7663.582817526424,7691.966457591337,3419482,1d,VCB,VCB.VN
2012-03-01 00:00:00,8060.9541015625,8060.9541015625,7691.9667659275965,7720.350407130281,4271084,1d,VCB,VCB.VN
2012-03-02 00:00:00,8231.255859375,8344.790422952587,8060.954014008621,8060.954014008621,3694464,1d,VCB,VCB.VN
2012-03-05 00:00:00,8628.626953125,8628.626953125,8373.17418148643,8373.17418148643,6365219,1d,VCB,VCB.VN
2012-03-06 00:00:00,8202.8720703125,8997.614001000216,8202.8720703125,8997.614001000216,4095503,1d,VCB,VCB.VN
2012-03-07 00:00:00,8202.8720703125,8202.8720703125,7947.419306877163,8089.337508785684,4417813,1d,VCB,VCB.VN
2012-03-08 00:00:00,7805.5009765625,8231.25557528409,7805.5009765625,8004.18645596591,4230093,1d,VCB,VCB.VN
2012-03-09 00:00:00,7919.03564453125,7947.419284834229,7635.199241501456,7805.501083319332,3388738,1d,VCB,VCB.VN
2012-03-12 00:00:00,7606.8154296875,7805.500907328592,7606.8154296875,7748.733628002566,2385619,1d,VCB,VCB.VN
2012-03-13 00:00:00,7748.73388671875,7777.117527329441,7635.1993242759845,7777.117527329441,1633034,1d,VCB,VCB.VN
2012-03-14 00:00:00,7862.2685546875,7890.652195679152,7748.733990720894,7890.652195679152,2902497,1d,VCB,VCB.VN
2012-03-15 00:00:00,8032.5703125,8060.953953180212,7748.73390569788,7890.65210909894,2976751,1d,VCB,VCB.VN
2012-03-16 00:00:00,7663.5830078125,8089.337619357639,7663.5830078125,8089.337619357639,5138494,1d,VCB,VCB.VN
2012-03-19 00:00:00,8032.5703125,8032.5703125,7748.73390569788,7748.73390569788,4510878,1d,VCB,VCB.VN
2012-03-20 00:00:00,8429.94140625,8429.94140625,8060.954071969697,8060.954071969697,6363854,1d,VCB,VCB.VN
2012-03-21 00:00:00,8458.3251953125,8657.010686477559,8429.941553717492,8429.941553717492,3789494,1d,VCB,VCB.VN
2012-03-22 00:00:00,8515.091796875,8657.009993489584,8429.94087890625,8458.324518229167,4941686,1d,VCB,VCB.VN
2012-03-23 00:00:00,8401.5576171875,8600.243101377746,8401.5576171875,8515.092179581927,3691211,1d,VCB,VCB.VN
2012-03-26 00:00:00,8373.173828125,8458.324748411018,8316.406547934323,8401.557468220339,2642692,1d,VCB,VCB.VN
2012-03-27 00:00:00,8089.33740234375,8373.173802425987,8089.33740234375,8373.173802425987,2526466,1d,VCB,VCB.VN
2012-03-28 00:00:00,8231.255859375,8231.255859375,7975.8030913254315,8089.337654903017,2504540,1d,VCB,VCB.VN
2012-03-29 00:00:00,8146.10498046875,8429.941390938044,8146.10498046875,8344.790467797256,2019139,1d,VCB,VCB.VN
2012-03-30 00:00:00,8231.255859375,8231.255859375,8089.337654903017,8202.872218480603,2495338,1d,VCB,VCB.VN
2012-04-03 00:00:00,8259.6396484375,8344.790572648197,8174.488724226804,8174.488724226804,1279633,1d,VCB,VCB.VN
2012-04-04 00:00:00,8202.8720703125,8344.79027222102,8202.8720703125,8316.406631839316,1135391,1d,VCB,VCB.VN
2012-04-05 00:00:00,8202.8720703125,8259.639351075908,8174.488429930796,8174.488429930796,966003,1d,VCB,VCB.VN
2012-04-06 00:00:00,8174.48828125,8288.022840711805,8174.48828125,8202.871921115451,907382,1d,VCB,VCB.VN
2012-04-09 00:00:00,8174.48828125,8231.255560980902,8117.721001519097,8231.255560980902,1603128,1d,VCB,VCB.VN
2012-04-10 00:00:00,8288.0234375,8344.790721318494,8174.488869863014,8174.488869863014,1959291,1d,VCB,VCB.VN
2012-04-11 00:00:00,8401.5576171875,8401.5576171875,8259.639414194467,8316.40669539168,2746990,1d,VCB,VCB.VN
2012-04-12 00:00:00,8742.1611328125,8798.928412895699,8458.32473239651,8486.70837243811,5536282,1d,VCB,VCB.VN
2012-04-13 00:00:00,8855.6962890625,8912.463572966746,8657.010795397637,8770.54536320613,3164855,1d,VCB,VCB.VN
2012-04-16 00:00:00,9253.06640625,9281.450045532976,8855.695456288344,8912.462734854294,2739575,1d,VCB,VCB.VN
2012-04-17 00:00:00,9707.205078125,9707.205078125,9253.066828855994,9281.450469435307,3986167,1d,VCB,VCB.VN
2012-04-18 00:00:00,9593.6708984375,9934.274598973743,9423.36904816938,9622.054540148854,4463944,1d,VCB,VCB.VN
2012-04-19 00:00:00,9508.51953125,9678.821373600747,9423.368610074627,9593.670452425373,5053150,1d,VCB,VCB.VN
2012-04-20 00:00:00,9338.2177734375,9593.670539276216,9281.450492140008,9593.670539276216,2126655,1d,VCB,VCB.VN
2012-04-23 00:00:00,9309.833984375,9423.368545160061,9281.450344178735,9309.833984375,1414820,1d,VCB,VCB.VN
2012-04-24 00:00:00,9253.06640625,9338.217324098927,9167.915488401073,9338.217324098927,2652612,1d,VCB,VCB.VN
2012-04-25 00:00:00,9253.06640625,9394.984602664877,9196.29912768405,9394.984602664877,2127320,1d,VCB,VCB.VN
2012-04-26 00:00:00,9224.68359375,9338.218161057692,9224.68359375,9338.218161057692,1932049,1d,VCB,VCB.VN
2012-04-27 00:00:00,9366.6015625,9480.13612689394,9253.06699810606,9366.6015625,2055689,1d,VCB,VCB.VN
2012-05-02 00:00:00,9366.6015625,9423.36884469697,9253.06699810606,9423.36884469697,1322272,1d,VCB,VCB.VN
2012-05-03 00:00:00,9309.833984375,9366.60126476753,9196.299423589939,9366.60126476753,945191,1d,VCB,VCB.VN
2012-05-04 00:00:00,9394.9853515625,9593.670842381043,9253.06714383497,9253.06714383497,2057368,1d,VCB,VCB.VN
2012-05-07 00:00:00,9565.287109375,9622.054391923219,9451.75254427856,9565.287109375,2221719,1d,VCB,VCB.VN
2012-05-08 00:00:00,9565.287109375,9763.972598293769,9565.287109375,9622.054391923219,2804878,1d,VCB,VCB.VN
2012-05-09 00:00:00,9707.205078125,9820.73964044225,9536.903234649122,9536.903234649122,3540149,1d,VCB,VCB.VN
2012-05-10 00:00:00,10019.4248046875,10189.726642727514,9820.73932697415,9877.506606320821,5134190,1d,VCB,VCB.VN
2012-05-11 00:00:00,10303.26171875,10501.947206439394,10019.425307765152,10076.19258996212,5654605,1d,VCB,VCB.VN
2012-05-14 00:00:00,10501.947265625,10814.167319467906,10360.02905933277,10360.02905933277,5462166,1d,VCB,VCB.VN
2012-05-15 00:00:00,9991.041015625,10558.713800603693,9991.041015625,10501.946522105824,5478185,1d,VCB,VCB.VN
2012-05-16 00:00:00,9650.4375,10047.808455882354,9565.286580882354,10019.424816176472,3818388,1d,VCB,VCB.VN
2012-05-17 00:00:00,9224.68359375,9820.740072115384,9224.68359375,9650.438221153847,5715743,1d,VCB,VCB.VN
2012-05-18 00:00:00,9082.7646484375,9253.066485595702,8770.54461364746,9111.148287963866,4577754,1d,VCB,VCB.VN
2012-05-21 00:00:00,9309.833984375,9423.368545160061,9025.997582412347,9224.683063786204,1664162,1d,VCB,VCB.VN
2012-05-22 00:00:00,9082.7646484375,9281.45012512207,8997.613729858398,9224.682846069336,1525411,1d,VCB,VCB.VN
2012-05-23 00:00:00,8628.626953125,8997.614289936266,8628.626953125,8940.847007349917,2948702,1d,VCB,VCB.VN
2012-05-24 00:00:00,8288.0234375,8628.62714041096,8231.256153681506,8543.47621468322,4353141,1d,VCB,VCB.VN
2012-05-25 00:00:00,8685.3935546875,8685.3935546875,8429.940803079044,8600.242637484682,2405836,1d,VCB,VCB.VN
2012-05-28 00:00:00,8685.3935546875,8940.846306295956,8628.626276552288,8770.54447189032,1403659,1d,VCB,VCB.VN
2012-05-29 00:00:00,8429.94140625,8685.394176136364,8373.17412405303,8685.394176136364,2833455,1d,VCB,VCB.VN
2012-05-30 00:00:00,8543.4755859375,8770.544704500624,8316.406467374378,8316.406467374378,1502083,1d,VCB,VCB.VN
2012-05-31 00:00:00,8373.173828125,8571.859308792373,8373.173828125,8571.859308792373,1403380,1d,VCB,VCB.VN
2012-06-01 00:00:00,8401.5576171875,8486.70853898332,8373.173976588894,8429.941257786108,861596,1d,VCB,VCB.VN
2012-06-04 00:00:00,8004.1865234375,8373.173845439938,8004.1865234375,8259.639284823803,3742103,1d,VCB,VCB.VN
2012-06-05 00:00:00,8146.10498046875,8146.10498046875,7919.035852093314,8004.186775234102,2345501,1d,VCB,VCB.VN
2012-06-06 00:00:00,8344.7900390625,8401.557318239797,8117.720922353316,8174.488201530613,1231157,1d,VCB,VCB.VN
2012-06-07 00:00:00,8543.4755859375,8713.777424859843,8458.32466647633,8571.859225757891,1991331,1d,VCB,VCB.VN
2012-06-08 00:00:00,8543.4755859375,8713.777424859843,8486.70830629672,8628.626505398672,3138936,1d,VCB,VCB.VN
2012-06-11 00:00:00,8401.5576171875,8543.475820180533,8231.255773595862,8486.70853898332,4445896,1d,VCB,VCB.VN
2012-06-12 00:00:00,8344.7900390625,8515.091876594388,8344.7900390625,8515.091876594388,2022250,1d,VCB,VCB.VN
2012-06-13 00:00:00,8401.5576171875,8458.324898384713,8316.40669539168,8429.941257786108,869361,1d,VCB,VCB.VN
2012-06-14 00:00:00,8288.0234375,8401.558005136987,8288.0234375,8288.0234375,1328670,1d,VCB,VCB.VN
2012-06-15 00:00:00,8486.708984375,8657.010836904265,8288.023489757525,8429.941700198578,5187599,1d,VCB,VCB.VN
2012-06-18 00:00:00,8600.2431640625,8657.010445673473,8486.708600840553,8657.010445673473,1734327,1d,VCB,VCB.VN
2012-06-19 00:00:00,8344.7900390625,8600.242795360333,8344.7900390625,8600.242795360333,12347918,1d,VCB,VCB.VN
2012-06-20 00:00:00,8458.3251953125,8515.092478502516,8316.406987337457,8401.557912122484,500850,1d,VCB,VCB.VN
2012-06-21 00:00:00,8486.708984375,8600.243552727843,8458.32534228679,8600.243552727843,1972899,1d,VCB,VCB.VN
2012-06-22 00:00:00,8401.5576171875,8515.092179581927,8401.5576171875,8515.092179581927,1474244,1d,VCB,VCB.VN
2012-06-25 00:00:00,8344.7900390625,8486.70823700574,8288.022759885205,8344.7900390625,1224931,1d,VCB,VCB.VN
2012-06-26 00:00:00,8174.48828125,8344.790120442709,8174.48828125,8344.790120442709,1752373,1d,VCB,VCB.VN
2012-06-27 00:00:00,8174.48828125,8288.022840711805,8174.48828125,8288.022840711805,877198,1d,VCB,VCB.VN
2012-06-28 00:00:00,8288.0234375,8316.407079409246,8174.488869863014,8288.0234375,2653885,1d,VCB,VCB.VN
2012-06-29 00:00:00,8373.173828125,8486.708388506357,8316.406547934323,8486.708388506357,2984588,1d,VCB,VCB.VN
2012-07-02 00:00:00,8316.40625,8486.70808447099,8259.638971843004,8288.022610921502,1499881,1d,VCB,VCB.VN
2012-07-03 00:00:00,7975.80322265625,8288.023277635677,7975.80322265625,8231.255994912144,2154949,1d,VCB,VCB.VN
2012-07-04 00:00:00,7975.80322265625,8089.337788103315,7947.4195812944845,8004.186864018016,726870,1d,VCB,VCB.VN
2012-07-05 00:00:00,8117.72119140625,8117.72119140625,7947.419348229895,8060.953910347465,911301,1d,VCB,VCB.VN
2012-07-06 00:00:00,8089.33740234375,8174.488322368422,8004.186482319079,8117.721042351974,514595,1d,VCB,VCB.VN
2012-07-09 00:00:00,7947.41943359375,8089.3376377650675,7947.41943359375,8004.186715262277,844216,1d,VCB,VCB.VN
2012-07-10 00:00:00,7890.65185546875,8032.570054308116,7890.65185546875,7947.419135004497,1467284,1d,VCB,VCB.VN
2012-07-11 00:00:00,7947.41943359375,7947.41943359375,7890.652151925224,7947.41943359375,455382,1d,VCB,VCB.VN
2012-07-12 00:00:00,7947.41943359375,8032.57035609654,7947.41943359375,8032.57035609654,680909,1d,VCB,VCB.VN
2012-07-13 00:00:00,8117.72119140625,8202.872112994428,7947.419348229895,7947.419348229895,2164184,1d,VCB,VCB.VN
2012-07-16 00:00:00,8032.5703125,8202.872156581272,8032.5703125,8174.48851590106,434397,1d,VCB,VCB.VN
2012-07-17 00:00:00,8032.5703125,8231.255797261485,7975.803031139576,7975.803031139576,1073762,1d,VCB,VCB.VN
2012-07-18 00:00:00,8060.9541015625,8146.105025170555,8032.570460359815,8032.570460359815,1527408,1d,VCB,VCB.VN
2012-07-19 00:00:00,8344.7900390625,8344.7900390625,8032.570003587372,8060.953643176021,1898925,1d,VCB,VCB.VN
2012-07-20 00:00:00,8146.10498046875,8429.941390938044,8146.10498046875,8429.941390938044,2075098,1d,VCB,VCB.VN
2012-07-23 00:00:00,8146.10498046875,8174.488621515679,8004.186775234102,8032.570416281032,1001572,1d,VCB,VCB.VN
2012-07-24 00:00:00,8004.1865234375,8146.104724207668,8004.1865234375,8004.1865234375,427611,1d,VCB,VCB.VN
2012-07-25 00:00:00,8004.1865234375,8060.953803745568,7975.802883283466,8032.570163591534,586648,1d,VCB,VCB.VN
2012-07-26 00:00:00,8004.1865234375,8089.337443899601,7975.802883283466,8004.1865234375,587521,1d,VCB,VCB.VN
2012-07-27 00:00:00,8004.1865234375,8089.337443899601,7947.419243129432,8089.337443899601,526386,1d,VCB,VCB.VN
2012-07-30 00:00:00,7919.03564453125,8004.186565440188,7833.884723622312,7833.884723622312,441637,1d,VCB,VCB.VN
2012-07-31 00:00:00,7919.03564453125,8089.337486349126,7919.03564453125,8089.337486349126,1321153,1d,VCB,VCB.VN
2012-08-01 00:00:00,7805.5009765625,7890.651896306818,7777.117336647728,7862.268256392046,1004581,1d,VCB,VCB.VN
2012-08-02 00:00:00,7805.5009765625,7919.035536221591,7777.117336647728,7805.5009765625,406033,1d,VCB,VCB.VN
2012-08-03 00:00:00,7805.5009765625,7862.268256392046,7777.117336647728,7805.5009765625,506972,1d,VCB,VCB.VN
2012-08-06 00:00:00,7833.884765625,7947.419327445652,7777.117484714674,7777.117484714674,931797,1d,VCB,VCB.VN
2012-08-07 00:00:00,7890.65185546875,7947.419135004497,7833.884575933003,7833.884575933003,753345,1d,VCB,VCB.VN
2012-08-08 00:00:00,7919.03564453125,7947.419284834229,7890.65200422827,7890.65200422827,600426,1d,VCB,VCB.VN
2012-08-09 00:00:00,8004.1865234375,8004.1865234375,7919.035602975399,7919.035602975399,1200269,1d,VCB,VCB.VN
2012-08-10 00:00:00,7890.65185546875,7975.802774772369,7890.65185546875,7947.419135004497,564649,1d,VCB,VCB.VN
2012-08-13 00:00:00,7862.2685546875,7947.419477662455,7862.2685546875,7890.652195679152,862612,1d,VCB,VCB.VN
2012-08-14 00:00:00,7975.80322265625,8060.954146741548,7919.035939932718,7947.4195812944845,1472703,1d,VCB,VCB.VN
2012-08-15 00:00:00,7919.03564453125,8032.570205743167,7890.65200422827,7919.03564453125,1011962,1d,VCB,VCB.VN
2012-08-16 00:00:00,7890.65185546875,7975.802774772369,7890.65185546875,7975.802774772369,684342,1d,VCB,VCB.VN
2012-08-17 00:00:00,7947.41943359375,7975.803074428014,7919.035792759487,7947.41943359375,1246865,1d,VCB,VCB.VN
2012-08-20 00:00:00,8060.9541015625,8146.105025170555,7919.035895549076,7919.035895549076,1081248,1d,VCB,VCB.VN
2012-08-21 00:00:00,7663.5830078125,7947.419415509259,7663.5830078125,7947.419415509259,3349845,1d,VCB,VCB.VN
2012-08-22 00:00:00,7493.28125,7635.199455492424,7322.979403409091,7408.130326704545,4045206,1d,VCB,VCB.VN
2012-08-23 00:00:00,7124.2939453125,7266.212151394422,7124.2939453125,7237.8285101780375,2919253,1d,VCB,VCB.VN
2012-08-24 00:00:00,7408.13037109375,7464.897653630866,6783.690263185465,6783.690263185465,4224708,1d,VCB,VCB.VN
2012-08-27 00:00:00,7039.14306640625,7152.677631993447,7039.14306640625,7124.293990596648,1890739,1d,VCB,VCB.VN
2012-08-28 00:00:00,7095.91015625,7237.828359375,6897.224671875,7095.91015625,1208595,1d,VCB,VCB.VN
2012-08-29 00:00:00,7237.828125,7322.979044117647,7010.759007352942,7010.759007352942,1844291,1d,VCB,VCB.VN
2012-08-30 00:00:00,7266.2119140625,7294.595554351807,7209.444633483887,7266.2119140625,1254032,1d,VCB,VCB.VN
2012-08-31 00:00:00,7039.14306640625,7294.595838977444,7039.14306640625,7294.595838977444,1788647,1d,VCB,VCB.VN
2012-09-04 00:00:00,7152.67724609375,7266.211805555556,7039.142686631944,7039.142686631944,1115385,1d,VCB,VCB.VN
2012-09-05 00:00:00,7152.67724609375,7237.828165690104,7067.5263264973955,7152.67724609375,988528,1d,VCB,VCB.VN
2012-09-06 00:00:00,7152.67724609375,7152.67724609375,7095.909966362847,7152.67724609375,1148441,1d,VCB,VCB.VN
2012-09-07 00:00:00,7209.44482421875,7209.44482421875,7124.293901098056,7181.061183178519,1749748,1d,VCB,VCB.VN
2012-09-10 00:00:00,6868.8408203125,7124.293578092717,6868.8408203125,7095.9099383393595,2898966,1d,VCB,VCB.VN
2012-09-11 00:00:00,6812.07373046875,7010.759214274089,6783.69008992513,6812.07373046875,1236714,1d,VCB,VCB.VN
2012-09-12 00:00:00,6868.8408203125,6953.991739572572,6812.073540805785,6812.073540805785,514667,1d,VCB,VCB.VN
2012-09-13 00:00:00,7095.91015625,7095.91015625,6812.0737500000005,6868.84103125,1105136,1d,VCB,VCB.VN
2012-09-14 00:00:00,7408.13037109375,7436.514012362309,7152.677599676724,7237.8285234824,3682714,1d,VCB,VCB.VN
2012-09-17 00:00:00,7691.966796875,7777.117720825646,7322.979459755535,7408.1303837061805,4585553,1d,VCB,VCB.VN
2012-09-18 00:00:00,7322.9794921875,7663.583189498547,7322.9794921875,7663.583189498547,2316575,1d,VCB,VCB.VN
2012-09-19 00:00:00,7266.2119140625,7351.36283493042,7067.5264320373535,7237.828273773193,2592395,1d,VCB,VCB.VN
2012-09-20 00:00:00,7039.14306640625,7209.444914787046,6925.608500819052,7209.444914787046,2793023,1d,VCB,VCB.VN
2012-09-21 00:00:00,7237.828125,7237.828125,7039.142647058824,7095.909926470588,4529663,1d,VCB,VCB.VN
2012-09-24 00:00:00,7039.14306640625,7209.444914787046,7039.14306640625,7181.061273390247,527606,1d,VCB,VCB.VN
2012-09-25 00:00:00,7067.5263671875,7181.060927302962,7039.142727158634,7095.910007216366,1099820,1d,VCB,VCB.VN
2012-09-26 00:00:00,7124.2939453125,7152.677586528885,7039.143021663347,7039.143021663347,1293554,1d,VCB,VCB.VN
2012-09-27 00:00:00,7124.2939453125,7294.595792610807,7095.910304096115,7294.595792610807,2285551,1d,VCB,VCB.VN
2012-09-28 00:00:00,6982.37548828125,7124.293689262576,6982.37548828125,7095.91004906631,1210941,1d,VCB,VCB.VN
2012-10-01 00:00:00,6783.68994140625,7010.759060783865,6783.68994140625,6982.375420861663,1073027,1d,VCB,VCB.VN
2012-10-02 00:00:00,6755.306640625,6840.457564666492,6755.306640625,6783.6902819721645,958728,1d,VCB,VCB.VN
2012-10-03 00:00:00,6812.07373046875,6868.84101155599,6783.69008992513,6783.69008992513,1388831,1d,VCB,VCB.VN
2012-10-04 00:00:00,6840.45751953125,6897.224801851012,6812.07387837137,6812.07387837137,758207,1d,VCB,VCB.VN
2012-10-05 00:00:00,6953.99169921875,7010.758978396047,6840.457140864159,6840.457140864159,596757,1d,VCB,VCB.VN
2012-10-08 00:00:00,7067.5263671875,7067.5263671875,6953.991807072038,6953.991807072038,2772848,1d,VCB,VCB.VN
2012-10-09 00:00:00,7039.14306640625,7067.526707803049,7010.759425009451,7067.526707803049,918016,1d,VCB,VCB.VN
2012-10-10 00:00:00,7010.75927734375,7039.142918142712,6925.608354946862,7039.142918142712,588536,1d,VCB,VCB.VN
2012-10-11 00:00:00,7010.75927734375,7095.910199740637,6982.375636544787,7039.142918142712,1056695,1d,VCB,VCB.VN
2012-10-12 00:00:00,6925.6083984375,7010.759321369109,6897.224757460297,7010.759321369109,1054279,1d,VCB,VCB.VN
2012-10-15 00:00:00,6812.07373046875,6925.608292643229,6783.69008992513,6897.22465209961,703575,1d,VCB,VCB.VN
2012-10-16 00:00:00,6925.6083984375,6982.375680391906,6812.073834528688,6812.073834528688,2128437,1d,VCB,VCB.VN
2012-10-17 00:00:00,6812.07373046875,6953.991933186849,6812.07373046875,6925.608292643229,1011543,1d,VCB,VCB.VN
2012-10-18 00:00:00,6840.45751953125,6868.841160691131,6783.690237211489,6812.07387837137,955302,1d,VCB,VCB.VN
2012-10-19 00:00:00,6783.68994140625,6868.8408611728555,6670.155381717443,6812.073581328452,1111607,1d,VCB,VCB.VN
2012-10-22 00:00:00,6840.45751953125,6840.45751953125,6755.306596051608,6840.45751953125,493193,1d,VCB,VCB.VN
2012-10-23 00:00:00,6840.45751953125,6925.608443010892,6840.45751953125,6897.224801851012,597558,1d,VCB,VCB.VN
2012-10-24 00:00:00,6840.45751953125,6868.841160691131,6783.690237211489,6783.690237211489,324151,1d,VCB,VCB.VN
2012-10-25 00:00:00,6783.68994140625,6840.457221250654,6755.306301484048,6840.457221250654,619665,1d,VCB,VCB.VN
2012-10-26 00:00:00,6783.68994140625,6840.457221250654,6755.306301484048,6840.457221250654,466541,1d,VCB,VCB.VN
2012-10-29 00:00:00,6755.306640625,6783.6902819721645,6698.539357930673,6726.922999277836,492879,1d,VCB,VCB.VN
2012-10-30 00:00:00,6698.5390625,6755.306342690678,6698.5390625,6755.306342690678,677306,1d,VCB,VCB.VN
2012-10-31 00:00:00,6613.38818359375,6698.539104412554,6585.004543320815,6613.38818359375,713789,1d,VCB,VCB.VN
2012-11-01 00:00:00,6556.62109375,6613.38837594697,6528.237452651515,6556.62109375,688359,1d,VCB,VCB.VN
2012-11-02 00:00:00,6244.40087890625,6414.702721058238,6244.40087890625,6386.3190806995735,1666960,1d,VCB,VCB.VN
2012-11-05 00:00:00,6074.09912109375,6357.935528621495,6074.09912109375,6130.866402599298,779262,1d,VCB,VCB.VN
2012-11-06 00:00:00,5960.564453125,6130.866294642857,5960.564453125,6045.715373883928,1025357,1d,VCB,VCB.VN
2012-11-07 00:00:00,6244.40087890625,6244.40087890625,5960.564475319602,5960.564475319602,786924,1d,VCB,VCB.VN
2012-11-08 00:00:00,6556.62109375,6556.62109375,6272.784682765151,6272.784682765151,2378204,1d,VCB,VCB.VN
2012-11-09 00:00:00,6670.15576171875,6670.15576171875,6528.237554022607,6556.6211955618355,1344795,1d,VCB,VCB.VN
2012-11-12 00:00:00,6641.77197265625,6670.155613565037,6556.621049929888,6585.004690838675,906086,1d,VCB,VCB.VN
2012-11-13 00:00:00,6528.2373046875,6726.922787873641,6499.853664232337,6670.155506963315,669438,1d,VCB,VCB.VN
2012-11-14 00:00:00,6698.5390625,6783.689982786017,6528.237221927967,6528.237221927967,1264804,1d,VCB,VCB.VN
2012-11-15 00:00:00,6868.8408203125,6868.8408203125,6783.689901052428,6868.8408203125,2143547,1d,VCB,VCB.VN
2012-11-16 00:00:00,6755.306640625,6897.22484736082,6755.306640625,6897.22484736082,395713,1d,VCB,VCB.VN
2012-11-19 00:00:00,6670.15576171875,6783.6903278756645,6670.15576171875,6755.3066863364365,654920,1d,VCB,VCB.VN
2012-11-20 00:00:00,6641.77197265625,6698.539254473825,6613.388331747463,6670.155613565037,189002,1d,VCB,VCB.VN
2012-11-21 00:00:00,6641.77197265625,6641.77197265625,6556.621049929888,6585.004690838675,312330,1d,VCB,VCB.VN
2012-11-22 00:00:00,6613.38818359375,6698.539104412554,6613.38818359375,6698.539104412554,392286,1d,VCB,VCB.VN
2012-11-23 00:00:00,6556.62109375,6670.155658143939,6556.62109375,6613.38837594697,127617,1d,VCB,VCB.VN
2012-11-26 00:00:00,6471.47021484375,6556.621138723273,6471.47021484375,6528.237497430098,189947,1d,VCB,VCB.VN
2012-11-27 00:00:00,6471.47021484375,6528.237497430098,6471.47021484375,6528.237497430098,158715,1d,VCB,VCB.VN
2012-11-28 00:00:00,6499.853515625,6499.853515625,6443.086236012555,6443.086236012555,98134,1d,VCB,VCB.VN
2012-11-29 00:00:00,6641.77197265625,6698.539254473825,6556.621049929888,6698.539254473825,979117,1d,VCB,VCB.VN
2012-11-30 00:00:00,6613.38818359375,6812.073665504292,6613.38818359375,6812.073665504292,1476098,1d,VCB,VCB.VN
2012-12-03 00:00:00,6613.38818359375,6726.922744685488,6585.004543320815,6585.004543320815,513794,1d,VCB,VCB.VN
2012-12-04 00:00:00,6783.68994140625,6812.073581328452,6670.155381717443,6670.155381717443,1386418,1d,VCB,VCB.VN
2012-12-05 00:00:00,7039.14306640625,7095.9103491998485,6812.073935231854,6840.457576628654,2155441,1d,VCB,VCB.VN
2012-12-06 00:00:00,7152.67724609375,7209.444525824652,7039.142686631944,7067.5263264973955,1564061,1d,VCB,VCB.VN
2012-12-07 00:00:00,7010.75927734375,7181.061122137525,7010.75927734375,7181.061122137525,1167968,1d,VCB,VCB.VN
2012-12-10 00:00:00,7010.75927734375,7067.526558941675,6953.991995745824,6982.375636544787,318556,1d,VCB,VCB.VN
2012-12-11 00:00:00,7152.67724609375,7152.67724609375,6925.608127170139,6925.608127170139,1303804,1d,VCB,VCB.VN
2012-12-12 00:00:00,7209.44482421875,7266.212106299213,7095.910260057825,7095.910260057825,1484596,1d,VCB,VCB.VN
2012-12-13 00:00:00,7209.44482421875,7237.828465258982,7124.293901098056,7237.828465258982,750966,1d,VCB,VCB.VN
2012-12-14 00:00:00,7095.91015625,7351.362921875,7095.91015625,7209.44471875,1208734,1d,VCB,VCB.VN
2012-12-17 00:00:00,7436.513671875,7436.513671875,7152.677272185114,7152.677272185114,2837478,1d,VCB,VCB.VN
2012-12-18 00:00:00,7606.8154296875,7691.966348676539,7606.8154296875,7663.582709013526,2383065,1d,VCB,VCB.VN
2012-12-19 00:00:00,7550.04833984375,7606.815620594455,7521.664699468397,7521.664699468397,1803967,1d,VCB,VCB.VN
2012-12-20 00:00:00,7493.28125,7578.432173295454,7436.51396780303,7578.432173295454,2301568,1d,VCB,VCB.VN
2012-12-21 00:00:00,7379.74658203125,7436.51386343149,7322.979300631009,7379.74658203125,3770328,1d,VCB,VCB.VN
2012-12-24 00:00:00,7408.13037109375,7436.514012362309,7266.2121647509575,7379.746729825191,5900911,1d,VCB,VCB.VN
2012-12-25 00:00:00,7550.04833984375,7606.815620594455,7464.897418717693,7493.281059093045,1745729,1d,VCB,VCB.VN
2012-12-26 00:00:00,7578.43212890625,7578.43212890625,7408.130283312851,7408.130283312851,409390,1d,VCB,VCB.VN
2012-12-27 00:00:00,7691.966796875,7720.350438191882,7578.432231607472,7720.350438191882,2381454,1d,VCB,VCB.VN
2012-12-28 00:00:00,7720.35009765625,7748.7337377211625,7578.431897331686,7578.431897331686,1678994,1d,VCB,VCB.VN
2013-01-02 00:00:00,7890.65185546875,7890.65185546875,7720.350016861511,7720.350016861511,588257,1d,VCB,VCB.VN
2013-01-03 00:00:00,8089.33740234375,8089.33740234375,7663.582802220395,7919.035562294408,1890986,1d,VCB,VCB.VN
2013-01-04 00:00:00,8288.0234375,8373.17436322774,7890.652450770548,7947.419734589041,4377412,1d,VCB,VCB.VN
2013-01-07 00:00:00,8515.091796875,8515.091796875,7947.419010416666,7947.419010416666,4591466,1d,VCB,VCB.VN
2013-01-08 00:00:00,8940.8466796875,8940.8466796875,8543.475716145833,8685.393917410714,3620806,1d,VCB,VCB.VN
2013-01-09 00:00:00,8997.6142578125,8997.6142578125,8515.092357551262,8543.475998743099,5537855,1d,VCB,VCB.VN
2013-01-10 00:00:00,9224.68359375,9224.68359375,8713.778040865385,9025.998100961539,2521431,1d,VCB,VCB.VN
2013-01-11 00:00:00,9111.1484375,9338.217557437694,9082.764797507789,9338.217557437694,1943903,1d,VCB,VCB.VN
2013-01-14 00:00:00,9054.380859375,9054.380859375,8742.160829741379,8940.846303144592,1711486,1d,VCB,VCB.VN
2013-01-15 00:00:00,9082.7646484375,9082.7646484375,8855.695532226562,8912.462811279296,1780283,1d,VCB,VCB.VN
2013-01-16 00:00:00,9111.1484375,9338.217557437694,8940.84659754673,8940.84659754673,1570427,1d,VCB,VCB.VN
2013-01-17 00:00:00,8940.8466796875,9224.683082217261,8940.8466796875,9224.683082217261,1254763,1d,VCB,VCB.VN
2013-01-18 00:00:00,8969.23046875,9082.76503164557,8912.463187302215,9082.76503164557,1048545,1d,VCB,VCB.VN
2013-01-21 00:00:00,8827.3125,8997.614348874598,8742.1615755627,8742.1615755627,942288,1d,VCB,VCB.VN
2013-01-22 00:00:00,8685.3935546875,8855.695389093138,8685.3935546875,8855.695389093138,646037,1d,VCB,VCB.VN
2013-01-23 00:00:00,8628.626953125,8685.394235711348,8429.94146407278,8458.325105365953,1854365,1d,VCB,VCB.VN
2013-01-24 00:00:00,8798.9287109375,8798.9287109375,8628.626864919355,8657.010505922379,808751,1d,VCB,VCB.VN
2013-01-25 00:00:00,9224.68359375,9224.68359375,8798.928966346153,8798.928966346153,1491697,1d,VCB,VCB.VN
2013-01-28 00:00:00,9309.833984375,9366.60126476753,9196.299423589939,9224.683063786204,1585816,1d,VCB,VCB.VN
2013-01-29 00:00:00,9650.4375,9650.4375,9281.45018382353,9338.217463235294,3569565,1d,VCB,VCB.VN
2013-01-30 00:00:00,9735.5888671875,9763.972508199708,9536.90338010204,9650.437944150874,2685221,1d,VCB,VCB.VN
2013-01-31 00:00:00,9650.4375,9650.4375,9508.51930147059,9508.51930147059,1442102,1d,VCB,VCB.VN
2013-02-01 00:00:00,9735.5888671875,9735.5888671875,9309.834252004373,9593.670662126457,1871503,1d,VCB,VCB.VN
2013-02-04 00:00:00,9565.287109375,9735.588957019658,9536.90346810089,9735.588957019658,1048963,1d,VCB,VCB.VN
2013-02-05 00:00:00,9565.287109375,9565.287109375,9423.368903004452,9565.287109375,1009826,1d,VCB,VCB.VN
2013-02-06 00:00:00,9792.3564453125,9792.3564453125,9565.287310348733,9565.287310348733,3439103,1d,VCB,VCB.VN
2013-02-07 00:00:00,9792.3564453125,9849.123729053443,9735.589161571557,9792.3564453125,2803585,1d,VCB,VCB.VN
2013-02-08 00:00:00,9792.3564453125,9849.123729053443,9763.97280344203,9849.123729053443,2178418,1d,VCB,VCB.VN
2013-02-18 00:00:00,9735.5888671875,9792.356149211917,9735.5888671875,9792.356149211917,799410,1d,VCB,VCB.VN
2013-02-19 00:00:00,9622.0537109375,9735.58826799871,9565.286432406896,9707.204628733407,1850309,1d,VCB,VCB.VN
2013-02-20 00:00:00,9678.8212890625,9678.8212890625,9281.450327048204,9281.450327048204,1378198,1d,VCB,VCB.VN
2013-02-21 00:00:00,9082.7646484375,9707.204718017578,9082.7646484375,9707.204718017578,1314087,1d,VCB,VCB.VN
2013-02-22 00:00:00,9281.4501953125,9423.368394017583,8940.846518420298,9082.764717125383,1812711,1d,VCB,VCB.VN
2013-02-25 00:00:00,9508.51953125,9508.51953125,9224.68312733209,9224.68312733209,623899,1d,VCB,VCB.VN
2013-02-26 00:00:00,8770.544921875,9508.519575495551,8770.544921875,9508.519575495551,842780,1d,VCB,VCB.VN
2013-02-27 00:00:00,8770.544921875,8884.079483970469,8685.394000303399,8770.544921875,907521,1d,VCB,VCB.VN
2013-02-28 00:00:00,9167.916015625,9309.834220201237,8855.695965557275,8940.846888303018,1146268,1d,VCB,VCB.VN
2013-03-01 00:00:00,9196.2998046875,9224.683446059993,9111.148880570023,9167.916163315007,941099,1d,VCB,VCB.VN
2013-03-04 00:00:00,9111.1484375,9281.45027745327,9082.764797507789,9196.299357476635,1297860,1d,VCB,VCB.VN
2013-03-05 00:00:00,8969.23046875,9253.066875988923,8969.23046875,9253.066875988923,752225,1d,VCB,VCB.VN
2013-03-06 00:00:00,9139.5322265625,9139.5322265625,8969.230383831522,8969.230383831522,550937,1d,VCB,VCB.VN
2013-03-07 00:00:00,9139.5322265625,9139.5322265625,9054.38130519701,9139.5322265625,932319,1d,VCB,VCB.VN
2013-03-08 00:00:00,9167.916015625,9196.299656540248,9111.148733794504,9167.916015625,959111,1d,VCB,VCB.VN
2013-03-11 00:00:00,9139.5322265625,9139.5322265625,8969.230383831522,9082.764945652174,909516,1d,VCB,VCB.VN
2013-03-12 00:00:00,9167.916015625,9167.916015625,9054.38145196401,9054.38145196401,554470,1d,VCB,VCB.VN
2013-03-13 00:00:00,9224.68359375,9224.68359375,9139.53266826923,9196.299951923076,889895,1d,VCB,VCB.VN
2013-03-14 00:00:00,9082.7646484375,9253.066485595702,9082.7646484375,9224.682846069336,1300376,1d,VCB,VCB.VN
2013-03-15 00:00:00,9338.2177734375,9338.2177734375,9054.381366950038,9054.381366950038,2348754,1d,VCB,VCB.VN
2013-03-18 00:00:00,9253.06640625,9338.217324098927,9167.915488401073,9338.217324098927,332232,1d,VCB,VCB.VN
2013-03-19 00:00:00,9111.1484375,9253.06663746106,9111.1484375,9253.06663746106,484973,1d,VCB,VCB.VN
2013-03-20 00:00:00,9167.916015625,9196.299656540248,9082.765092879257,9111.148733794504,405856,1d,VCB,VCB.VN
2013-03-21 00:00:00,9139.5322265625,9224.683147927988,9111.148586107336,9224.683147927988,700809,1d,VCB,VCB.VN
2013-03-22 00:00:00,9025.998046875,9139.532613502359,8997.61440521816,9082.76533018868,581366,1d,VCB,VCB.VN
2013-03-25 00:00:00,9082.7646484375,9167.915567016602,9025.997369384766,9025.997369384766,1082227,1d,VCB,VCB.VN
2013-03-26 00:00:00,9025.998046875,9111.14897184552,9025.998046875,9082.76533018868,539291,1d,VCB,VCB.VN
2013-03-27 00:00:00,9167.916015625,9167.916015625,8912.46324738777,8969.230529218266,557932,1d,VCB,VCB.VN
2013-03-28 00:00:00,9082.7646484375,9196.299206542968,9025.997369384766,9196.299206542968,464024,1d,VCB,VCB.VN
2013-03-29 00:00:00,9082.7646484375,9111.148287963866,8798.928253173828,9082.7646484375,451397,1d,VCB,VCB.VN
2013-04-01 00:00:00,9082.7646484375,9082.7646484375,8940.846450805664,8940.846450805664,532504,1d,VCB,VCB.VN
2013-04-02 00:00:00,9139.5322265625,9167.915867017662,9054.38130519701,9082.764945652174,2647589,1d,VCB,VCB.VN
2013-04-03 00:00:00,9082.7646484375,9196.299206542968,9025.997369384766,9196.299206542968,1900674,1d,VCB,VCB.VN
2013-04-04 00:00:00,8997.6142578125,9082.765181388013,8969.230616620664,8969.230616620664,1074743,1d,VCB,VCB.VN
2013-04-05 00:00:00,8827.3125,9082.765273311898,8770.545217041801,9082.765273311898,1371587,1d,VCB,VCB.VN
2013-04-08 00:00:00,8940.8466796875,8940.8466796875,8827.312118675594,8827.312118675594,566711,1d,VCB,VCB.VN
2013-04-09 00:00:00,8855.6962890625,8940.847214918871,8827.312647110377,8855.6962890625,420652,1d,VCB,VCB.VN
2013-04-10 00:00:00,8259.6396484375,8912.463400719502,8259.6396484375,8855.696117912372,1756254,1d,VCB,VCB.VN
2013-04-11 00:00:00,8373.173828125,8515.092028601695,8231.255627648305,8288.022907838984,1980178,1d,VCB,VCB.VN
2013-04-12 00:00:00,8146.10498046875,8373.174108844185,8089.337698374891,8344.790467797256,1241579,1d,VCB,VCB.VN
2013-04-15 00:00:00,7748.73388671875,8117.721214657738,7663.582964886676,8089.3375740470465,1153510,1d,VCB,VCB.VN
2013-04-16 00:00:00,7947.41943359375,8032.57035609654,7436.513898577009,7635.199384416853,2324793,1d,VCB,VCB.VN
2013-04-17 00:00:00,8004.1865234375,8032.570163591534,7748.733762051197,7748.733762051197,1286000,1d,VCB,VCB.VN
2013-04-18 00:00:00,7748.73388671875,7890.652089772207,7748.73388671875,7833.884808550824,1694557,1d,VCB,VCB.VN
2013-04-22 00:00:00,7578.43212890625,7748.733974499649,7578.43212890625,7720.350333567416,1492010,1d,VCB,VCB.VN
2013-04-23 00:00:00,7663.5830078125,7748.733930121528,7578.432085503472,7578.432085503472,1340529,1d,VCB,VCB.VN
2013-04-24 00:00:00,7550.04833984375,7748.733822471217,7550.04833984375,7663.582901345159,1098632,1d,VCB,VCB.VN
2013-04-25 00:00:00,7777.11767578125,7777.11767578125,7663.583111171304,7663.583111171304,476718,1d,VCB,VCB.VN
2013-04-26 00:00:00,7777.11767578125,7919.035881543681,7777.11767578125,7890.652240391195,828267,1d,VCB,VCB.VN
2013-05-02 00:00:00,7720.35009765625,7805.501017850987,7720.35009765625,7805.501017850987,130523,1d,VCB,VCB.VN
2013-05-03 00:00:00,7720.35009765625,7720.35009765625,7663.582817526424,7663.582817526424,406696,1d,VCB,VCB.VN
2013-05-06 00:00:00,7947.41943359375,7975.803074428014,7748.733947753906,7805.501229422433,1122695,1d,VCB,VCB.VN
2013-05-07 00:00:00,7919.03564453125,8032.570205743167,7890.65200422827,7975.802925137208,1047565,1d,VCB,VCB.VN
2013-05-08 00:00:00,7975.80322265625,7975.80322265625,7890.652298570953,7919.035939932718,418589,1d,VCB,VCB.VN
2013-05-09 00:00:00,7890.65185546875,7975.802774772369,7862.268215700877,7975.802774772369,585005,1d,VCB,VCB.VN
2013-05-10 00:00:00,7805.5009765625,7975.802816051137,7777.117336647728,7890.651896306818,685281,1d,VCB,VCB.VN
2013-05-13 00:00:00,7890.65185546875,7890.65185546875,7748.733656629384,7748.733656629384,324779,1d,VCB,VCB.VN
2013-05-14 00:00:00,7720.35009765625,7862.268297980813,7720.35009765625,7833.884657915901,1396035,1d,VCB,VCB.VN
2013-05-15 00:00:00,7919.03564453125,7947.419284834229,7748.733802713374,7777.117443016353,1198771,1d,VCB,VCB.VN
2013-05-16 00:00:00,8344.7900390625,8373.173678651148,7919.035445232781,7947.419084821428,4657430,1d,VCB,VCB.VN
2013-05-17 00:00:00,8117.72119140625,8288.023034582606,8117.72119140625,8231.25575352382,978244,1d,VCB,VCB.VN
2013-05-20 00:00:00,8344.7900390625,8401.557318239797,8117.720922353316,8117.720922353316,1743838,1d,VCB,VCB.VN
2013-05-21 00:00:00,8373.173828125,8571.859308792373,8344.790188029661,8373.173828125,1355042,1d,VCB,VCB.VN
2013-05-22 00:00:00,8373.173828125,8515.092028601695,8373.173828125,8515.092028601695,1612819,1d,VCB,VCB.VN
2013-05-23 00:00:00,8117.72119140625,8373.173956170782,8089.337550876858,8373.173956170782,1799592,1d,VCB,VCB.VN
2013-05-24 00:00:00,8089.33740234375,8259.639242393092,8032.570122327303,8231.255602384868,3014945,1d,VCB,VCB.VN
2013-05-27 00:00:00,8373.173828125,8486.708388506357,8231.255627648305,8231.255627648305,2813972,1d,VCB,VCB.VN
2013-05-28 00:00:00,8429.94140625,8458.325047348484,8373.17412405303,8458.325047348484,2544445,1d,VCB,VCB.VN
2013-05-29 00:00:00,8401.5576171875,8486.70853898332,8401.5576171875,8486.70853898332,2196851,1d,VCB,VCB.VN
2013-05-30 00:00:00,8713.77734375,8713.77734375,8401.557308631922,8429.94094818811,4217746,1d,VCB,VCB.VN
2013-05-31 00:00:00,8770.544921875,8912.463124494338,8713.777640827266,8798.928562398867,2596384,1d,VCB,VCB.VN
2013-06-03 00:00:00,8798.9287109375,8827.312351940525,8685.394146925404,8685.394146925404,1402540,1d,VCB,VCB.VN
2013-06-04 00:00:00,8571.859375,8798.928497516556,8571.859375,8742.161216887416,2278589,1d,VCB,VCB.VN
2013-06-05 00:00:00,8685.3935546875,8685.3935546875,8543.47535934947,8571.858998417076,1169560,1d,VCB,VCB.VN
2013-06-06 00:00:00,8884.0791015625,8940.846380166733,8600.242708541333,8600.242708541333,1359348,1d,VCB,VCB.VN
2013-06-07 00:00:00,9082.7646484375,9111.148287963866,8969.23009033203,8969.23009033203,2079785,1d,VCB,VCB.VN
2013-06-10 00:00:00,8997.6142578125,9253.067028539039,8969.230616620664,9025.997899004338,2443608,1d,VCB,VCB.VN
2013-06-11 00:00:00,8884.0791015625,9054.3809373752,8855.695462260383,9054.3809373752,2471870,1d,VCB,VCB.VN
2013-06-12 00:00:00,8657.0107421875,8940.84715996414,8657.0107421875,8742.161667520491,2598869,1d,VCB,VCB.VN
2013-06-13 00:00:00,8770.544921875,8798.928562398867,8628.626719255664,8657.010359779531,1061763,1d,VCB,VCB.VN
2013-06-14 00:00:00,8685.3935546875,8827.311750025532,8685.3935546875,8770.54447189032,1741565,1d,VCB,VCB.VN
2013-06-17 00:00:00,8685.3935546875,8912.46266722835,8685.3935546875,8685.3935546875,1686092,1d,VCB,VCB.VN
2013-06-18 00:00:00,8798.9287109375,8855.695992943549,8685.394146925404,8685.394146925404,1518872,1d,VCB,VCB.VN
2013-06-19 00:00:00,8798.9287109375,8827.312351940525,8713.777787928428,8713.777787928428,995976,1d,VCB,VCB.VN
2013-06-20 00:00:00,8770.544921875,8770.544921875,8657.010359779531,8770.544921875,2119799,1d,VCB,VCB.VN
2013-06-21 00:00:00,8742.1611328125,8798.928412895699,8685.393852729303,8770.5447728541,4672610,1d,VCB,VCB.VN
2013-06-24 00:00:00,8373.173828125,8713.777509269068,8316.406547934323,8628.626588983052,2997038,1d,VCB,VCB.VN
2013-06-25 00:00:00,7862.2685546875,8316.406810553926,7805.501272704197,8316.406810553926,3012954,1d,VCB,VCB.VN
2013-06-26 00:00:00,7663.5830078125,7890.6521339699075,7606.815726273148,7805.50121166088,4337086,1d,VCB,VCB.VN
2013-06-27 00:00:00,7833.884765625,7890.652046535326,7663.582922894021,7720.350203804348,1880527,1d,VCB,VCB.VN
2013-06-28 00:00:00,7947.41943359375,7975.803074428014,7833.884870256697,7919.035792759487,874888,1d,VCB,VCB.VN
2013-07-01 00:00:00,7777.11767578125,7919.035881543681,7777.11767578125,7919.035881543681,666324,1d,VCB,VCB.VN
2013-07-02 00:00:00,7890.65185546875,7890.65185546875,7777.117296397257,7777.117296397257,400437,1d,VCB,VCB.VN
2013-07-03 00:00:00,7777.11767578125,7947.419522696167,7777.11767578125,7919.035881543681,863207,1d,VCB,VCB.VN
2013-07-04 00:00:00,7777.11767578125,7890.652240391195,7777.11767578125,7777.11767578125,822949,1d,VCB,VCB.VN
2013-07-05 00:00:00,7805.5009765625,7862.268256392046,7777.117336647728,7862.268256392046,380184,1d,VCB,VCB.VN
2013-07-08 00:00:00,7833.884765625,7833.884765625,7748.733844259511,7748.733844259511,410790,1d,VCB,VCB.VN
2013-07-09 00:00:00,7833.884765625,7862.268406080163,7777.117484714674,7805.501125169837,370426,1d,VCB,VCB.VN
2013-07-10 00:00:00,7748.73388671875,7862.2684491615155,7748.73388671875,7777.117527329441,1184463,1d,VCB,VCB.VN
2013-07-11 00:00:00,7805.5009765625,7805.5009765625,7691.9664169034095,7748.733696732955,664470,1d,VCB,VCB.VN
2013-07-12 00:00:00,7890.65185546875,7890.65185546875,7805.50093616513,7833.884575933003,544782,1d,VCB,VCB.VN
2013-07-15 00:00:00,7890.65185546875,7947.419135004497,7862.268215700877,7919.035495236623,942603,1d,VCB,VCB.VN
2013-07-16 00:00:00,7862.2685546875,7919.035836670803,7833.884913695849,7833.884913695849,666569,1d,VCB,VCB.VN
2013-07-17 00:00:00,7862.2685546875,7862.2685546875,7805.501272704197,7862.2685546875,790704,1d,VCB,VCB.VN
2013-07-18 00:00:00,7833.884765625,7890.652046535326,7805.501125169837,7833.884765625,844564,1d,VCB,VCB.VN
2013-07-19 00:00:00,7947.41943359375,8032.57035609654,7862.268511090961,7890.652151925224,2124275,1d,VCB,VCB.VN
2013-07-22 00:00:00,7919.03564453125,8004.186565440188,7890.65200422827,7947.419284834229,402956,1d,VCB,VCB.VN
2013-07-23 00:00:00,8032.5703125,8117.721234540636,7890.65210909894,7919.035749779152,2187022,1d,VCB,VCB.VN
2013-07-24 00:00:00,7833.884765625,8032.570248811141,7833.884765625,7947.419327445652,1605366,1d,VCB,VCB.VN
2013-07-25 00:00:00,7805.5009765625,7919.035536221591,7805.5009765625,7833.884616477273,643835,1d,VCB,VCB.VN
2013-07-26 00:00:00,7805.5009765625,7890.651896306818,7748.733696732955,7805.5009765625,810149,1d,VCB,VCB.VN
2013-07-29 00:00:00,7663.5830078125,7862.268493200231,7606.815726273148,7720.350289351852,770067,1d,VCB,VCB.VN
2013-07-30 00:00:00,7720.35009765625,7748.7337377211625,7663.582817526424,7663.582817526424,462727,1d,VCB,VCB.VN
2013-07-31 00:00:00,7606.8154296875,7748.733628002566,7606.8154296875,7691.966348676539,503441,1d,VCB,VCB.VN
2013-08-01 00:00:00,7578.43212890625,7691.966692635183,7578.43212890625,7691.966692635183,1250394,1d,VCB,VCB.VN
2013-08-02 00:00:00,7663.5830078125,7691.966648582175,7606.815726273148,7635.199367042824,305441,1d,VCB,VCB.VN
2013-08-05 00:00:00,7691.966796875,7691.966796875,7635.199514241236,7663.583155558118,312401,1d,VCB,VCB.VN
2013-08-06 00:00:00,7777.11767578125,7777.11767578125,7635.199470018818,7691.966752323791,1476900,1d,VCB,VCB.VN
2013-08-07 00:00:00,7691.966796875,7805.501362142528,7691.966796875,7805.501362142528,658874,1d,VCB,VCB.VN
2013-08-08 00:00:00,7635.19921875,7748.733779623606,7635.19921875,7691.966499186803,429081,1d,VCB,VCB.VN
2013-08-09 00:00:00,7635.19921875,7663.5828589684015,7606.8155785315985,7663.5828589684015,587733,1d,VCB,VCB.VN
2013-08-12 00:00:00,7606.8154296875,7663.582709013526,7606.8154296875,7606.8154296875,804833,1d,VCB,VCB.VN
2013-08-13 00:00:00,7550.04833984375,7663.582901345159,7550.04833984375,7606.815620594455,1297368,1d,VCB,VCB.VN
2013-08-14 00:00:00,7578.43212890625,7578.43212890625,7550.048487974017,7550.048487974017,726381,1d,VCB,VCB.VN
2013-08-15 00:00:00,7663.5830078125,7720.350289351852,7578.432085503472,7578.432085503472,844039,1d,VCB,VCB.VN
2013-08-16 00:00:00,7663.5830078125,7720.350289351852,7663.5830078125,7663.5830078125,748555,1d,VCB,VCB.VN
2013-08-19 00:00:00,7635.19921875,7748.733779623606,7635.19921875,7663.5828589684015,2390060,1d,VCB,VCB.VN
2013-08-20 00:00:00,7578.43212890625,7635.199410770717,7578.43212890625,7635.199410770717,1831349,1d,VCB,VCB.VN
2013-08-21 00:00:00,7606.8154296875,7606.8154296875,7550.048150361474,7606.8154296875,899548,1d,VCB,VCB.VN
2013-08-22 00:00:00,7408.13037109375,7606.815859973659,7408.13037109375,7550.0485774365425,2205316,1d,VCB,VCB.VN
2013-08-23 00:00:00,7152.67724609375,7493.280924479166,7152.67724609375,7493.280924479166,3775821,1d,VCB,VCB.VN
2013-08-26 00:00:00,7152.67724609375,7237.828165690104,6982.375406901042,7095.909966362847,2957513,1d,VCB,VCB.VN
2013-08-27 00:00:00,7124.2939453125,7152.677586528885,7095.910304096115,7124.2939453125,606899,1d,VCB,VCB.VN
2013-08-28 00:00:00,6982.37548828125,7095.91004906631,6953.991848084985,7095.91004906631,3360093,1d,VCB,VCB.VN
2013-08-29 00:00:00,6613.38818359375,7039.142787687769,6613.38818359375,6982.375507141899,4140903,1d,VCB,VCB.VN
2013-08-30 00:00:00,7010.75927734375,7010.75927734375,6641.771946957237,6641.771946957237,3988964,1d,VCB,VCB.VN
2013-09-03 00:00:00,6726.9228515625,7039.142899525316,6726.9228515625,6953.991977353639,1125597,1d,VCB,VCB.VN
2013-09-04 00:00:00,6698.5390625,6840.457262976695,6641.771782309323,6726.92270259534,1740761,1d,VCB,VCB.VN
2013-09-05 00:00:00,6840.45751953125,6897.224801851012,6670.155672571966,6783.690237211489,748555,1d,VCB,VCB.VN
2013-09-06 00:00:00,6953.99169921875,6953.99169921875,6812.07350127551,6897.224420041454,1853421,1d,VCB,VCB.VN
2013-09-09 00:00:00,6726.9228515625,6953.991977353639,6726.9228515625,6953.991977353639,2257988,1d,VCB,VCB.VN
2013-09-10 00:00:00,6783.68994140625,6812.073581328452,6755.306301484048,6812.073581328452,1210659,1d,VCB,VCB.VN
2013-09-11 00:00:00,6897.224609375,7010.759170846193,6812.0736882716055,6840.457328639403,1412930,1d,VCB,VCB.VN
2013-09-12 00:00:00,6897.224609375,6953.991890110597,6868.840969007202,6897.224609375,1188206,1d,VCB,VCB.VN
2013-09-13 00:00:00,6953.99169921875,6982.375338807398,6925.608059630103,6925.608059630103,1142490,1d,VCB,VCB.VN
2013-09-16 00:00:00,7152.67724609375,7209.444525824652,7095.909966362847,7124.293606228299,2512337,1d,VCB,VCB.VN
2013-09-17 00:00:00,7322.9794921875,7408.1304165152615,7181.061284974564,7209.444926417152,3863331,1d,VCB,VCB.VN
2013-09-18 00:00:00,7152.67724609375,7322.979085286458,7152.67724609375,7322.979085286458,2056737,1d,VCB,VCB.VN
2013-09-19 00:00:00,7152.67724609375,7294.595445421007,7152.67724609375,7209.444525824652,1894135,1d,VCB,VCB.VN
2013-09-20 00:00:00,7237.828125,7237.828125,7067.526286764706,7209.444485294118,5708539,1d,VCB,VCB.VN
2013-09-23 00:00:00,7181.06103515625,7209.444675611413,7067.526473335598,7209.444675611413,870202,1d,VCB,VCB.VN
2013-09-24 00:00:00,7237.828125,7322.979044117647,7124.29356617647,7181.060845588236,687097,1d,VCB,VCB.VN
2013-09-25 00:00:00,7266.2119140625,7351.36283493042,7181.06099319458,7266.2119140625,1013917,1d,VCB,VCB.VN
2013-09-26 00:00:00,7266.2119140625,7322.979194641113,7124.293712615967,7294.595554351807,1101187,1d,VCB,VCB.VN
2013-09-27 00:00:00,7322.9794921875,7351.363133630088,7237.8285678597385,7266.212209302325,1242280,1d,VCB,VCB.VN
2013-09-30 00:00:00,7635.19921875,7663.5828589684015,7351.362816565986,7351.362816565986,2976368,1d,VCB,VCB.VN
2013-10-01 00:00:00,7862.2685546875,7890.652195679152,7635.199426754288,7635.199426754288,4606888,1d,VCB,VCB.VN
2013-10-02 00:00:00,7919.03564453125,8004.186565440188,7833.884723622312,7833.884723622312,2227352,1d,VCB,VCB.VN
2013-10-03 00:00:00,7862.2685546875,7919.035836670803,7777.1176317125455,7919.035836670803,1455182,1d,VCB,VCB.VN
2013-10-04 00:00:00,7975.80322265625,8032.570505379782,7777.117733123888,7862.268657209186,1433498,1d,VCB,VCB.VN
2013-10-07 00:00:00,8060.9541015625,8089.337742765185,7975.803177954445,8032.570460359815,1315380,1d,VCB,VCB.VN
2013-10-08 00:00:00,8231.255859375,8231.255859375,8004.186732219828,8060.954014008621,2764829,1d,VCB,VCB.VN
2013-10-09 00:00:00,8117.72119140625,8231.25575352382,8117.72119140625,8146.104831935642,1171870,1d,VCB,VCB.VN
2013-10-10 00:00:00,8060.9541015625,8174.4886663732395,8060.9541015625,8117.72138396787,930816,1d,VCB,VCB.VN
2013-10-11 00:00:00,8174.48828125,8202.871921115451,8117.721001519097,8117.721001519097,1512682,1d,VCB,VCB.VN
2013-10-14 00:00:00,8174.48828125,8231.255560980902,8174.48828125,8174.48828125,1254379,1d,VCB,VCB.VN
2013-10-15 00:00:00,8202.8720703125,8231.255710694204,8117.721149167388,8174.488429930796,860864,1d,VCB,VCB.VN
2013-10-16 00:00:00,8458.3251953125,8486.708836907508,8202.872420957425,8231.256062552433,1923408,1d,VCB,VCB.VN
2013-10-17 00:00:00,8373.173828125,8486.708388506357,8344.790188029661,8486.708388506357,855441,1d,VCB,VCB.VN
2013-10-18 00:00:00,8429.94140625,8429.94140625,8316.40684185606,8373.17412405303,642995,1d,VCB,VCB.VN
2013-10-21 00:00:00,8401.5576171875,8458.324898384713,8373.173976588894,8458.324898384713,767791,1d,VCB,VCB.VN
2013-10-22 00:00:00,8344.7900390625,8429.940957828445,8316.406399473852,8401.557318239797,1006016,1d,VCB,VCB.VN
2013-10-23 00:00:00,8543.4755859375,8571.859225757891,8401.557386835548,8401.557386835548,2682774,1d,VCB,VCB.VN
2013-10-24 00:00:00,8486.708984375,8543.476268551422,8458.32534228679,8458.32534228679,964636,1d,VCB,VCB.VN
2013-10-25 00:00:00,8515.091796875,8515.091796875,8458.324518229167,8515.091796875,1096497,1d,VCB,VCB.VN
2013-10-28 00:00:00,8373.173828125,8515.092028601695,8344.790188029661,8515.092028601695,447129,1d,VCB,VCB.VN
2013-10-29 00:00:00,8401.5576171875,8401.5576171875,8259.639414194467,8259.639414194467,702630,1d,VCB,VCB.VN
2013-10-30 00:00:00,8344.7900390625,8458.324597417091,8344.7900390625,8373.173678651148,358326,1d,VCB,VCB.VN
2013-10-31 00:00:00,8373.173828125,8458.324748411018,8344.790188029661,8429.94110831568,1072816,1d,VCB,VCB.VN
2013-11-01 00:00:00,8344.7900390625,8429.940957828445,8344.7900390625,8429.940957828445,192852,1d,VCB,VCB.VN
2013-11-04 00:00:00,8202.8720703125,8344.79027222102,8202.8720703125,8316.406631839316,1234270,1d,VCB,VCB.VN
2013-11-05 00:00:00,8344.7900390625,8344.7900390625,8202.87184111926,8231.255480707909,1260081,1d,VCB,VCB.VN
2013-11-06 00:00:00,8429.94140625,8429.94140625,8344.790482954546,8401.557765151514,540829,1d,VCB,VCB.VN
2013-11-07 00:00:00,8458.3251953125,8486.708836907508,8401.557912122484,8429.941553717492,1387361,1d,VCB,VCB.VN
2013-11-08 00:00:00,8458.3251953125,8486.708836907508,8344.790628932467,8344.790628932467,620783,1d,VCB,VCB.VN
2013-11-11 00:00:00,8515.091796875,8515.091796875,8344.7899609375,8344.7899609375,1224895,1d,VCB,VCB.VN
2013-11-12 00:00:00,8429.94140625,8486.70868844697,8401.557765151514,8486.70868844697,833546,1d,VCB,VCB.VN
2013-11-13 00:00:00,8373.173828125,8429.94110831568,8373.173828125,8373.173828125,830294,1d,VCB,VCB.VN
2013-11-14 00:00:00,8401.5576171875,8429.941257786108,8344.790335990288,8344.790335990288,290959,1d,VCB,VCB.VN
2013-11-15 00:00:00,8429.94140625,8429.94140625,8401.557765151514,8401.557765151514,352833,1d,VCB,VCB.VN
2013-11-18 00:00:00,8458.3251953125,8515.092478502516,8429.941553717492,8429.941553717492,543556,1d,VCB,VCB.VN
2013-11-19 00:00:00,8259.6396484375,8401.557855455327,8231.256007033935,8231.256007033935,1904769,1d,VCB,VCB.VN
2013-11-20 00:00:00,8316.40625,8316.40625,8202.871693686007,8259.638971843004,2173420,1d,VCB,VCB.VN
2013-11-21 00:00:00,8202.8720703125,8373.173912602726,8202.8720703125,8288.022991457612,2209583,1d,VCB,VCB.VN
2013-11-22 00:00:00,8202.8720703125,8231.255710694204,8174.488429930796,8231.255710694204,750056,1d,VCB,VCB.VN
2013-11-25 00:00:00,8202.8720703125,8259.639351075908,8174.488429930796,8259.639351075908,791121,1d,VCB,VCB.VN
2013-11-26 00:00:00,8117.72119140625,8231.25575352382,8117.72119140625,8202.872112994428,628025,1d,VCB,VCB.VN
2013-11-27 00:00:00,8032.5703125,8174.48851590106,8004.186671819788,8117.721234540636,2027426,1d,VCB,VCB.VN
2013-11-28 00:00:00,8032.5703125,8032.5703125,7947.419390459364,8032.5703125,1303838,1d,VCB,VCB.VN
2013-11-29 00:00:00,8089.33740234375,8089.33740234375,8004.186482319079,8032.570122327303,867370,1d,VCB,VCB.VN
2013-12-02 00:00:00,8060.9541015625,8117.72138396787,8032.570460359815,8089.337742765185,238844,1d,VCB,VCB.VN
2013-12-03 00:00:00,8060.9541015625,8089.337742765185,8032.570460359815,8032.570460359815,1172150,1d,VCB,VCB.VN
2013-12-04 00:00:00,7975.80322265625,8060.954146741548,7975.80322265625,8060.954146741548,776082,1d,VCB,VCB.VN
2013-12-05 00:00:00,7805.5009765625,7975.802816051137,7777.117336647728,7975.802816051137,2787774,1d,VCB,VCB.VN
2013-12-06 00:00:00,7919.03564453125,7947.419284834229,7862.268363925291,7890.65200422827,311247,1d,VCB,VCB.VN
2013-12-09 00:00:00,7947.41943359375,7947.41943359375,7862.268511090961,7947.41943359375,760904,1d,VCB,VCB.VN
2013-12-10 00:00:00,7890.65185546875,7947.419135004497,7862.268215700877,7947.419135004497,469340,1d,VCB,VCB.VN
2013-12-11 00:00:00,7748.73388671875,7890.652089772207,7748.73388671875,7862.2684491615155,618584,1d,VCB,VCB.VN
2013-12-12 00:00:00,7663.5830078125,7748.733930121528,7635.199367042824,7748.733930121528,1265747,1d,VCB,VCB.VN
2013-12-13 00:00:00,7578.43212890625,7663.58305170295,7578.43212890625,7635.199410770717,1181035,1d,VCB,VCB.VN
2013-12-16 00:00:00,7521.66455078125,7606.815470224056,7493.280910966981,7550.0481905955185,1883465,1d,VCB,VCB.VN
2013-12-17 00:00:00,7606.8154296875,7635.199069350513,7521.6645106984615,7521.6645106984615,1070089,1d,VCB,VCB.VN
2013-12-18 00:00:00,7635.19921875,7691.966499186803,7578.431938313197,7578.431938313197,4514763,1d,VCB,VCB.VN
2013-12-19 00:00:00,7720.35009765625,7777.117377786075,7606.815537396599,7635.199177461512,7889866,1d,VCB,VCB.VN
2013-12-20 00:00:00,7606.8154296875,7720.3499883395525,7606.8154296875,7720.3499883395525,9914050,1d,VCB,VCB.VN
2013-12-23 00:00:00,7691.966796875,7691.966796875,7606.815872924354,7663.583155558118,2832090,1d,VCB,VCB.VN
2013-12-24 00:00:00,7635.19921875,7663.5828589684015,7578.431938313197,7663.5828589684015,3892398,1d,VCB,VCB.VN
2013-12-25 00:00:00,7606.8154296875,7635.199069350513,7550.048150361474,7635.199069350513,2099549,1d,VCB,VCB.VN
2013-12-26 00:00:00,7663.5830078125,7663.5830078125,7578.432085503472,7606.815726273148,2175029,1d,VCB,VCB.VN
2013-12-27 00:00:00,7606.8154296875,7691.966348676539,7606.8154296875,7663.582709013526,2105809,1d,VCB,VCB.VN
2013-12-30 00:00:00,7493.28125,7635.199455492424,7493.28125,7578.432173295454,3089828,1d,VCB,VCB.VN
2013-12-31 00:00:00,7606.8154296875,7635.199069350513,7493.280871035448,7550.048150361474,1320733,1d,VCB,VCB.VN
2014-01-02 00:00:00,7578.43212890625,7635.199410770717,7550.048487974017,7635.199410770717,1167850,1d,VCB,VCB.VN
2014-01-03 00:00:00,7720.35009765625,7748.7337377211625,7578.431897331686,7578.431897331686,2844820,1d,VCB,VCB.VN
2014-01-06 00:00:00,7691.966796875,7777.117720825646,7663.583155558118,7748.734079508764,1314717,1d,VCB,VCB.VN
2014-01-07 00:00:00,7862.2685546875,7919.035836670803,7777.1176317125455,7805.501272704197,8298214,1d,VCB,VCB.VN
2014-01-08 00:00:00,7975.80322265625,7975.80322265625,7833.885015847421,7890.652298570953,5156784,1d,VCB,VCB.VN
2014-01-09 00:00:00,8032.5703125,8060.953953180212,7947.419390459364,7975.803031139576,2438258,1d,VCB,VCB.VN
2014-01-10 00:00:00,7890.65185546875,8060.953694075989,7890.65185546875,8032.570054308116,2991758,1d,VCB,VCB.VN
2014-01-13 00:00:00,7805.5009765625,7890.651896306818,7691.9664169034095,7890.651896306818,6264733,1d,VCB,VCB.VN
2014-01-14 00:00:00,7862.2685546875,7890.652195679152,7777.1176317125455,7805.501272704197,9202361,1d,VCB,VCB.VN
2014-01-15 00:00:00,7862.2685546875,7919.035836670803,7805.501272704197,7890.652195679152,3106025,1d,VCB,VCB.VN
2014-01-16 00:00:00,7862.2685546875,7919.035836670803,7805.501272704197,7862.2685546875,5160913,1d,VCB,VCB.VN
2014-01-17 00:00:00,8060.9541015625,8174.4886663732395,7919.035895549076,7919.035895549076,10121144,1d,VCB,VCB.VN
2014-01-20 00:00:00,8288.0234375,8486.708930864726,8089.337944135274,8117.72158604452,11126328,1d,VCB,VCB.VN
2014-01-21 00:00:00,8401.5576171875,8401.5576171875,8089.33757060283,8344.790335990288,8742555,1d,VCB,VCB.VN
2014-01-22 00:00:00,8288.0234375,8429.941647046233,8259.639795590754,8429.941647046233,5540443,1d,VCB,VCB.VN
2014-01-23 00:00:00,8316.40625,8373.173528156996,8231.255332764506,8288.022610921502,3570122,1d,VCB,VCB.VN
2014-01-24 00:00:00,8202.8720703125,8316.406631839316,8146.104789549092,8316.406631839316,4029645,1d,VCB,VCB.VN
2014-01-27 00:00:00,8089.33740234375,8202.871962376645,8089.33740234375,8202.871962376645,2601839,1d,VCB,VCB.VN
2014-02-06 00:00:00,7919.03564453125,8089.337486349126,7890.65200422827,8089.337486349126,4309596,1d,VCB,VCB.VN
2014-02-07 00:00:00,7890.65185546875,8004.186414540242,7862.268215700877,7947.419135004497,2824886,1d,VCB,VCB.VN
2014-02-10 00:00:00,8032.5703125,8032.5703125,7862.268468418728,7919.035749779152,1709493,1d,VCB,VCB.VN
2014-02-11 00:00:00,8032.5703125,8117.721234540636,8004.186671819788,8060.953953180212,3337077,1d,VCB,VCB.VN
2014-02-12 00:00:00,8231.255859375,8231.255859375,8032.570373114224,8032.570373114224,3989002,1d,VCB,VCB.VN
2014-02-13 00:00:00,8202.8720703125,8344.79027222102,8202.8720703125,8288.022991457612,3231801,1d,VCB,VCB.VN
2014-02-14 00:00:00,8231.255859375,8288.023141163792,8202.872218480603,8202.872218480603,2234625,1d,VCB,VCB.VN
2014-02-17 00:00:00,8174.48828125,8259.639200846354,8117.721001519097,8231.255560980902,2457741,1d,VCB,VCB.VN
2014-02-18 00:00:00,8231.255859375,8231.255859375,8146.1049366918105,8146.1049366918105,2402479,1d,VCB,VCB.VN
2014-02-19 00:00:00,8259.6396484375,8288.023289841065,8202.87236563037,8259.6396484375,2835835,1d,VCB,VCB.VN
2014-02-20 00:00:00,8259.6396484375,8429.941496858892,8174.488724226804,8288.023289841065,4357406,1d,VCB,VCB.VN
2014-02-21 00:00:00,8231.255859375,8288.023141163792,8202.872218480603,8288.023141163792,1712326,1d,VCB,VCB.VN
2014-02-24 00:00:00,8259.6396484375,8288.023289841065,8202.87236563037,8259.6396484375,1504391,1d,VCB,VCB.VN
2014-02-25 00:00:00,8344.7900390625,8344.7900390625,8259.639120296557,8259.639120296557,4124186,1d,VCB,VCB.VN
2014-02-26 00:00:00,8600.2431640625,8657.010445673473,8458.324960035066,8458.324960035066,5920182,1d,VCB,VCB.VN
2014-02-27 00:00:00,8657.0107421875,8798.92895107582,8600.243458632172,8600.243458632172,5612177,1d,VCB,VCB.VN
2014-02-28 00:00:00,8685.3935546875,8912.46266722835,8515.091720281864,8657.009915619894,4626162,1d,VCB,VCB.VN
2014-03-03 00:00:00,8458.3251953125,8798.928894452602,8458.3251953125,8798.928894452602,4176961,1d,VCB,VCB.VN
2014-03-04 00:00:00,8458.3251953125,8571.859761692534,8288.02334574245,8344.790628932467,3485936,1d,VCB,VCB.VN
2014-03-05 00:00:00,8515.091796875,8600.242714843751,8458.324518229167,8458.324518229167,2771404,1d,VCB,VCB.VN
2014-03-06 00:00:00,8515.091796875,8543.475436197918,8458.324518229167,8515.091796875,2165513,1d,VCB,VCB.VN
2014-03-07 00:00:00,8486.708984375,8571.859910639632,8486.708984375,8515.09262646321,3058737,1d,VCB,VCB.VN
2014-03-10 00:00:00,8742.1611328125,8798.928412895699,8486.70837243811,8486.70837243811,3526298,1d,VCB,VCB.VN
2014-03-11 00:00:00,8827.3125,8912.4634244373,8742.1615755627,8742.1615755627,5439642,1d,VCB,VCB.VN
2014-03-12 00:00:00,8685.3935546875,8884.079028160744,8685.3935546875,8798.928110957926,3782046,1d,VCB,VCB.VN
2014-03-13 00:00:00,8855.6962890625,8855.6962890625,8685.39443734976,8685.39443734976,3118229,1d,VCB,VCB.VN
2014-03-14 00:00:00,8884.0791015625,8912.462740864616,8742.160905051916,8912.462740864616,2871264,1d,VCB,VCB.VN
2014-03-17 00:00:00,8742.1611328125,8798.928412895699,8685.393852729303,8770.5447728541,3185945,1d,VCB,VCB.VN
2014-03-18 00:00:00,8657.0107421875,8742.161667520491,8628.627100409836,8742.161667520491,2649409,1d,VCB,VCB.VN
2014-03-19 00:00:00,8770.544921875,8798.928562398867,8657.010359779531,8657.010359779531,2802537,1d,VCB,VCB.VN
2014-03-20 00:00:00,8713.77734375,8798.928262418567,8685.39370419381,8770.544622862377,2514084,1d,VCB,VCB.VN
2014-03-21 00:00:00,8827.3125,9025.997990353699,8713.777934083602,8742.1615755627,11796645,1d,VCB,VCB.VN
2014-03-24 00:00:00,9025.998046875,9082.76533018868,8940.847121904482,8969.230763561322,4919124,1d,VCB,VCB.VN
2014-03-25 00:00:00,8997.6142578125,9111.148822579851,8912.463334236987,9054.381540196175,4352229,1d,VCB,VCB.VN
2014-03-26 00:00:00,8628.626953125,8997.614289936266,8571.859670538652,8969.230648643092,5218240,1d,VCB,VCB.VN
2014-03-27 00:00:00,8628.626953125,8713.777877004522,8543.476029245478,8628.626953125,4368144,1d,VCB,VCB.VN
2014-03-28 00:00:00,8742.1611328125,8827.312052937297,8628.626572646104,8628.626572646104,3429275,1d,VCB,VCB.VN
2014-03-31 00:00:00,8742.1611328125,8912.462973062095,8685.393852729303,8742.1611328125,4459537,1d,VCB,VCB.VN
2014-04-01 00:00:00,8827.3125,8997.614348874598,8628.627009646303,8770.545217041801,5393927,1d,VCB,VCB.VN
2014-04-02 00:00:00,8855.6962890625,8940.847214918871,8685.39443734976,8827.312647110377,2633215,1d,VCB,VCB.VN
2014-04-03 00:00:00,8884.0791015625,8940.846380166733,8827.311822958267,8912.462740864616,2165444,1d,VCB,VCB.VN
2014-04-04 00:00:00,8884.0791015625,8940.846380166733,8855.695462260383,8940.846380166733,1240915,1d,VCB,VCB.VN
2014-04-07 00:00:00,8912.462890625,8969.23017018312,8827.311971287818,8827.311971287818,1763809,1d,VCB,VCB.VN
2014-04-08 00:00:00,8940.8466796875,8940.8466796875,8884.079399181548,8884.079399181548,2702607,1d,VCB,VCB.VN
2014-04-10 00:00:00,8855.6962890625,8997.614498823117,8855.6962890625,8969.230856870994,3406472,1d,VCB,VCB.VN
2014-04-11 00:00:00,8798.9287109375,8855.695992943549,8770.545069934476,8855.695992943549,2586379,1d,VCB,VCB.VN
2014-04-14 00:00:00,8713.77734375,8798.928262418567,8685.39370419381,8798.928262418567,2307061,1d,VCB,VCB.VN
2014-04-15 00:00:00,8515.091796875,8742.160911458333,8486.708157552084,8742.160911458333,3658441,1d,VCB,VCB.VN
2014-04-16 00:00:00,8344.7900390625,8571.859155771685,7947.419084821428,8515.091876594388,3962981,1d,VCB,VCB.VN
2014-04-17 00:00:00,8344.7900390625,8458.324597417091,8316.406399473852,8458.324597417091,3719929,1d,VCB,VCB.VN
2014-04-18 00:00:00,8202.8720703125,8458.324833747838,8202.8720703125,8458.324833747838,2342911,1d,VCB,VCB.VN
2014-04-21 00:00:00,8089.33740234375,8316.40652240954,8089.33740234375,8089.33740234375,1941735,1d,VCB,VCB.VN
2014-04-22 00:00:00,8231.255859375,8316.40678205819,8089.337654903017,8089.337654903017,1941806,1d,VCB,VCB.VN
2014-04-23 00:00:00,8231.255859375,8429.941345635776,8202.872218480603,8288.023141163792,4421764,1d,VCB,VCB.VN
2014-04-24 00:00:00,8231.255859375,8259.639500269397,8174.488577586207,8231.255859375,1734327,1d,VCB,VCB.VN
2014-04-25 00:00:00,8231.255859375,8259.639500269397,8146.1049366918105,8231.255859375,2162925,1d,VCB,VCB.VN
2014-04-28 00:00:00,8089.33740234375,8231.255602384868,8060.953762335526,8089.33740234375,2950801,1d,VCB,VCB.VN
2014-04-29 00:00:00,8174.48828125,8202.871921115451,8060.953721788194,8174.48828125,590042,1d,VCB,VCB.VN
2014-05-05 00:00:00,7691.966796875,8174.488699261992,7663.583155558118,8089.337775311346,2144492,1d,VCB,VCB.VN
2014-05-06 00:00:00,7521.66455078125,7720.350029481132,7351.3627118956365,7663.582749852594,1991927,1d,VCB,VCB.VN
2014-05-07 00:00:00,7578.43212890625,7663.58305170295,7493.281206109551,7663.58305170295,1093453,1d,VCB,VCB.VN
2014-05-08 00:00:00,7067.5263671875,7521.664607649347,7067.5263671875,7521.664607649347,6190931,1d,VCB,VCB.VN
2014-05-09 00:00:00,7209.44482421875,7237.828465258982,6840.457490695743,6840.457490695743,3174369,1d,VCB,VCB.VN
2014-05-12 00:00:00,6755.306640625,7209.444902179622,6726.922999277836,7095.9103367909665,4125654,1d,VCB,VCB.VN
2014-05-13 00:00:00,6897.224609375,6897.224609375,6670.1554864326135,6755.306407536008,2674487,1d,VCB,VCB.VN
2014-05-14 00:00:00,7379.74658203125,7379.74658203125,6897.2246901292065,6897.2246901292065,4054129,1d,VCB,VCB.VN
2014-05-15 00:00:00,7351.36279296875,7550.048273859797,7095.910031823118,7379.746433096042,5141746,1d,VCB,VCB.VN
2014-05-16 00:00:00,7663.5830078125,7663.5830078125,7237.828396267361,7237.828396267361,2204757,1d,VCB,VCB.VN
2014-05-19 00:00:00,7777.11767578125,7777.11767578125,7550.048546561359,7691.966752323791,2010707,1d,VCB,VCB.VN
2014-05-20 00:00:00,7748.73388671875,7777.117527329441,7521.664761833219,7663.582964886676,982373,1d,VCB,VCB.VN
2014-05-21 00:00:00,7720.35009765625,7777.117377786075,7635.199177461512,7777.117377786075,1011995,1d,VCB,VCB.VN
2014-05-22 00:00:00,7663.5830078125,7748.733930121528,7663.5830078125,7720.350289351852,1620197,1d,VCB,VCB.VN
2014-05-23 00:00:00,7464.8974609375,7663.582944688688,7464.8974609375,7663.582944688688,1726283,1d,VCB,VCB.VN
2014-05-26 00:00:00,7748.73388671875,7748.73388671875,7464.897480611836,7606.815683665293,1118952,1d,VCB,VCB.VN
2014-05-27 00:00:00,8089.33740234375,8089.33740234375,7720.350082236842,7748.733722245066,1686582,1d,VCB,VCB.VN
2014-05-28 00:00:00,8202.8720703125,8259.639351075908,8089.337508785684,8089.337508785684,2970596,1d,VCB,VCB.VN
2014-05-29 00:00:00,8117.72119140625,8288.023034582606,8060.953910347465,8231.25575352382,1259731,1d,VCB,VCB.VN
2014-05-30 00:00:00,8231.255859375,8231.255859375,8060.954014008621,8117.721295797413,1669932,1d,VCB,VCB.VN
2014-06-02 00:00:00,8231.255859375,8259.639500269397,8060.954014008621,8259.639500269397,1070267,1d,VCB,VCB.VN
2014-06-03 00:00:00,8202.8720703125,8231.255710694204,8174.488429930796,8231.255710694204,803293,1d,VCB,VCB.VN
2014-06-04 00:00:00,8089.33740234375,8174.488322368422,8032.570122327303,8117.721042351974,238880,1d,VCB,VCB.VN
2014-06-05 00:00:00,7919.03564453125,8060.953846046147,7919.03564453125,7947.419284834229,729319,1d,VCB,VCB.VN
2014-06-06 00:00:00,8174.48828125,8231.255560980902,8032.570081922743,8089.3373616536455,1159559,1d,VCB,VCB.VN
2014-06-09 00:00:00,8174.48828125,8259.639200846354,8146.104641384549,8202.871921115451,1307091,1d,VCB,VCB.VN
2014-06-10 00:00:00,8117.72119140625,8231.25575352382,8117.72119140625,8202.872112994428,1064353,1d,VCB,VCB.VN
2014-06-11 00:00:00,8259.6396484375,8259.6396484375,8146.105082823239,8174.488724226804,1152985,1d,VCB,VCB.VN
2014-06-12 00:00:00,8458.3251953125,8628.62704488255,8344.790628932467,8373.174270527476,1872412,1d,VCB,VCB.VN
2014-06-13 00:00:00,8543.4755859375,8571.859225757891,8486.70830629672,8543.4755859375,1003391,1d,VCB,VCB.VN
2014-06-16 00:00:00,8486.708984375,8486.708984375,8373.174416022157,8486.708984375,2420596,1d,VCB,VCB.VN
2014-06-17 00:00:00,8515.091796875,8515.091796875,8429.94087890625,8515.091796875,1794941,1d,VCB,VCB.VN
2014-06-18 00:00:00,8486.708984375,8617.273544083566,8421.426704520716,8519.35060904515,3826582,1d,VCB,VCB.VN
2014-06-19 00:00:00,8356.1435546875,8454.067449016831,8225.579008572335,8421.425827745083,1437246,1d,VCB,VCB.VN
2014-06-20 00:00:00,8127.6552734375,8454.067614604692,8127.6552734375,8356.143718357347,5058504,1d,VCB,VCB.VN
2014-06-23 00:00:00,8551.9912109375,8584.632835404243,8127.6559097859,8127.6559097859,3491449,1d,VCB,VCB.VN
2014-06-24 00:00:00,8486.708984375,8584.632888899432,8486.708984375,8519.35060904515,1963045,1d,VCB,VCB.VN
2014-06-25 00:00:00,8584.6328125,8617.273467393647,8486.708908847047,8486.708908847047,2220868,1d,VCB,VCB.VN
2014-06-26 00:00:00,8617.2734375,8682.556686032836,8551.991158453167,8584.632782719586,2523730,1d,VCB,VCB.VN
2014-06-27 00:00:00,8584.6328125,8649.9150917733,8584.6328125,8617.273467393647,1461670,1d,VCB,VCB.VN
2014-06-30 00:00:00,8551.9912109375,8649.91511485172,8519.350555956766,8649.91511485172,198993,1d,VCB,VCB.VN
2014-07-01 00:00:00,8486.708984375,8584.632888899432,8454.068329190866,8584.632888899432,1462404,1d,VCB,VCB.VN
2014-07-02 00:00:00,8454.0673828125,8551.990306889076,8421.42576179637,8551.990306889076,997398,1d,VCB,VCB.VN
2014-07-03 00:00:00,8454.0673828125,8519.349655358854,8421.42576179637,8486.708034342722,764426,1d,VCB,VCB.VN
2014-07-04 00:00:00,8519.3505859375,8551.9912410331,8421.426681678673,8454.068306260287,1274349,1d,VCB,VCB.VN
2014-07-07 00:00:00,8584.6328125,8617.273467393647,8519.350533226701,8551.991188120346,1464833,1d,VCB,VCB.VN
2014-07-08 00:00:00,8551.9912109375,8584.632835404243,8519.350555956766,8584.632835404243,540606,1d,VCB,VCB.VN
2014-07-09 00:00:00,8454.0673828125,8551.990306889076,8454.0673828125,8551.990306889076,794353,1d,VCB,VCB.VN
2014-07-10 00:00:00,8388.78515625,8519.349702058407,8388.78515625,8454.067429154204,955028,1d,VCB,VCB.VN
2014-07-11 00:00:00,8388.78515625,8421.425807959145,8356.143535054942,8421.425807959145,883618,1d,VCB,VCB.VN
2014-07-14 00:00:00,8388.78515625,8421.425807959145,8323.501913859884,8388.78515625,349819,1d,VCB,VCB.VN
2014-07-15 00:00:00,8421.42578125,8454.067402341532,8388.785129644377,8421.42578125,806214,1d,VCB,VCB.VN
2014-07-16 00:00:00,8519.3505859375,8551.9912410331,8421.426681678673,8421.426681678673,1192899,1d,VCB,VCB.VN
2014-07-17 00:00:00,8454.0673828125,8551.990306889076,8454.0673828125,8486.708034342722,618071,1d,VCB,VCB.VN
2014-07-18 00:00:00,8551.9912109375,8551.9912109375,8454.06827650929,8519.350555956766,1190223,1d,VCB,VCB.VN
2014-07-21 00:00:00,8551.9912109375,8584.632835404243,8454.06827650929,8551.9912109375,721723,1d,VCB,VCB.VN
2014-07-22 00:00:00,8421.42578125,8519.34967503869,8421.42578125,8486.708053947157,391060,1d,VCB,VCB.VN
2014-07-23 00:00:00,8454.0673828125,8486.708034342722,8388.785110266146,8388.785110266146,438658,1d,VCB,VCB.VN
2014-07-24 00:00:00,8486.708984375,8486.708984375,8421.426704520716,8421.426704520716,541550,1d,VCB,VCB.VN
2014-07-25 00:00:00,8421.42578125,8519.34967503869,8421.42578125,8421.42578125,994844,1d,VCB,VCB.VN
2014-07-28 00:00:00,8356.1435546875,8421.425827745083,8290.861281629917,8421.425827745083,585984,1d,VCB,VCB.VN
2014-07-29 00:00:00,8421.42578125,8421.42578125,8290.861235855687,8323.50188746131,509493,1d,VCB,VCB.VN
2014-07-30 00:00:00,8356.1435546875,8421.425827745083,8290.861281629917,8356.1435546875,280444,1d,VCB,VCB.VN
2014-07-31 00:00:00,8356.1435546875,8388.785175959249,8290.861281629917,8323.501933415751,499485,1d,VCB,VCB.VN
2014-08-01 00:00:00,8421.42578125,8421.42578125,8323.50188746131,8323.50188746131,451978,1d,VCB,VCB.VN
2014-08-04 00:00:00,8454.0673828125,8454.0673828125,8323.501868233885,8323.501868233885,751923,1d,VCB,VCB.VN
2014-08-05 00:00:00,8551.9912109375,8551.9912109375,8388.785997061814,8454.06827650929,1611551,1d,VCB,VCB.VN
2014-08-06 00:00:00,8486.708984375,8551.991264229282,8486.708984375,8551.991264229282,405660,1d,VCB,VCB.VN
2014-08-07 00:00:00,8486.708984375,8486.708984375,8454.068329190866,8454.068329190866,972304,1d,VCB,VCB.VN
2014-08-08 00:00:00,8454.0673828125,8519.349655358854,8454.0673828125,8454.0673828125,502650,1d,VCB,VCB.VN
2014-08-11 00:00:00,8388.78515625,8486.70808086335,8356.143535054942,8421.425807959145,666885,1d,VCB,VCB.VN
2014-08-12 00:00:00,8421.42578125,8454.067402341532,8388.785129644377,8388.785129644377,369617,1d,VCB,VCB.VN
2014-08-13 00:00:00,8486.708984375,8486.708984375,8421.426704520716,8421.426704520716,629538,1d,VCB,VCB.VN
2014-08-14 00:00:00,8454.0673828125,8486.708034342722,8388.785110266146,8486.708034342722,626192,1d,VCB,VCB.VN
2014-08-15 00:00:00,8388.78515625,8454.067429154204,8356.143535054942,8388.78515625,668726,1d,VCB,VCB.VN
2014-08-18 00:00:00,8421.42578125,8454.067402341532,8388.785129644377,8388.785129644377,585802,1d,VCB,VCB.VN
2014-08-19 00:00:00,8421.42578125,8454.067402341532,8388.785129644377,8421.42578125,1148556,1d,VCB,VCB.VN
2014-08-20 00:00:00,8649.9150390625,8715.197317937984,8388.785923560568,8388.785923560568,4144074,1d,VCB,VCB.VN
2014-08-21 00:00:00,8878.4033203125,8878.4033203125,8617.273240605673,8649.91486412627,4296561,1d,VCB,VCB.VN
2014-08-22 00:00:00,8878.4033203125,8976.326251902326,8845.761696791904,8878.4033203125,2381391,1d,VCB,VCB.VN
2014-08-25 00:00:00,8943.685546875,8943.685546875,8813.120992508995,8878.403269691999,3411244,1d,VCB,VCB.VN
2014-08-26 00:00:00,9106.8916015625,9106.8916015625,8845.761526871776,8943.685426066542,3269212,1d,VCB,VCB.VN
2014-08-27 00:00:00,9008.9677734375,9074.250050253688,8911.043873470233,9008.9677734375,1209565,1d,VCB,VCB.VN
2014-08-28 00:00:00,8976.326171875,9041.609418334168,8878.403241158194,9008.967795104583,1324806,1d,VCB,VCB.VN
2014-08-29 00:00:00,9139.5322265625,9172.17384935462,8976.326051573822,8976.326051573822,2325246,1d,VCB,VCB.VN
2014-09-03 00:00:00,9237.4560546875,9302.73833028567,9139.532156547268,9139.532156547268,1511609,1d,VCB,VCB.VN
2014-09-04 00:00:00,9400.662109375,9400.662109375,9074.24976603191,9172.173662932026,3840755,1d,VCB,VCB.VN
2014-09-05 00:00:00,9563.8671875,9596.508809205265,9302.738091801597,9400.661987431462,1784757,1d,VCB,VCB.VN
2014-09-08 00:00:00,9563.8671875,9596.508809205265,9498.5849135754,9563.8671875,1008956,1d,VCB,VCB.VN
2014-09-09 00:00:00,9335.3798828125,9563.867360949469,9302.738260515249,9563.867360949469,2951414,1d,VCB,VCB.VN
2014-09-10 00:00:00,9335.3798828125,9400.662157921055,9172.17371029814,9400.662157921055,2391062,1d,VCB,VCB.VN
2014-09-11 00:00:00,9302.73828125,9368.020556504061,9237.456005995939,9302.73828125,399456,1d,VCB,VCB.VN
2014-09-12 00:00:00,9302.73828125,9302.73828125,9172.173730741877,9270.096658879997,518315,1d,VCB,VCB.VN
2014-09-15 00:00:00,9074.25,9302.73845233426,9041.609346515657,9302.73845233426,1670644,1d,VCB,VCB.VN
2014-09-16 00:00:00,8943.685546875,9074.250101241005,8780.479369174505,9041.609447392491,2331361,1d,VCB,VCB.VN
2014-09-17 00:00:00,8878.4033203125,8976.326251902326,8845.761696791904,8943.685597867712,935565,1d,VCB,VCB.VN
2014-09-18 00:00:00,8911.0439453125,9074.250123411748,8878.403291384237,8878.403291384237,325821,1d,VCB,VCB.VN
2014-09-19 00:00:00,8584.6328125,8911.044208866499,8584.6328125,8813.121274699553,4659290,1d,VCB,VCB.VN
2014-09-22 00:00:00,8747.8388671875,8845.761799918946,8747.8388671875,8747.8388671875,3109721,1d,VCB,VCB.VN
2014-09-23 00:00:00,8747.8388671875,8813.121145503796,8715.197243286355,8747.8388671875,423726,1d,VCB,VCB.VN
2014-09-24 00:00:00,8715.197265625,8813.121168093436,8682.556611126185,8747.838889609811,4966868,1d,VCB,VCB.VN
2014-09-25 00:00:00,8649.9150390625,8715.197317937984,8551.991136006276,8682.556663243242,2489636,1d,VCB,VCB.VN
2014-09-26 00:00:00,8617.2734375,8747.838965079669,8617.2734375,8747.838965079669,1843275,1d,VCB,VCB.VN
2014-09-29 00:00:00,8551.9912109375,8584.632835404243,8519.350555956766,8584.632835404243,6971025,1d,VCB,VCB.VN
2014-09-30 00:00:00,8519.3505859375,8617.273520710314,8486.708961355887,8486.708961355887,3615783,1d,VCB,VCB.VN
2014-10-01 00:00:00,8617.2734375,8682.556686032836,8519.350503672753,8649.915061766418,3822173,1d,VCB,VCB.VN
2014-10-02 00:00:00,8943.685546875,8943.685546875,8649.9148148085,8649.9148148085,1922109,1d,VCB,VCB.VN
2014-10-03 00:00:00,8976.326171875,9008.967795104583,8943.68551813139,8976.326171875,14467666,1d,VCB,VCB.VN
2014-10-06 00:00:00,8878.4033203125,8976.326251902326,8845.761696791904,8911.043974347114,1278941,1d,VCB,VCB.VN
2014-10-07 00:00:00,8878.4033203125,8911.043974347114,8813.121042757288,8878.4033203125,3774876,1d,VCB,VCB.VN
2014-10-08 00:00:00,8813.12109375,8878.403371682934,8780.479470040538,8878.403371682934,3322647,1d,VCB,VCB.VN
2014-10-09 00:00:00,8878.4033203125,8943.685597867712,8780.479419236692,8813.121042757288,5483999,1d,VCB,VCB.VN
2014-10-10 00:00:00,8813.12109375,8911.044025906407,8813.12109375,8911.044025906407,2259734,1d,VCB,VCB.VN
2014-10-13 00:00:00,8813.12109375,8813.12109375,8715.197192107604,8813.12109375,7164623,1d,VCB,VCB.VN
2014-10-14 00:00:00,8715.197265625,8813.121168093436,8715.197265625,8747.838889609811,1840751,1d,VCB,VCB.VN
2014-10-15 00:00:00,8780.4794921875,8780.4794921875,8584.632657894712,8649.914935992309,4398366,1d,VCB,VCB.VN
2014-10-16 00:00:00,8715.197265625,8747.838889609811,8617.273363156562,8715.197265625,2216185,1d,VCB,VCB.VN
2014-10-17 00:00:00,8617.2734375,8682.556686032836,8486.708879406333,8649.915061766418,5876676,1d,VCB,VCB.VN
2014-10-20 00:00:00,8682.556640625,8780.479573940132,8584.63273782387,8617.273392433579,2825620,1d,VCB,VCB.VN
2014-10-21 00:00:00,8715.197265625,8747.838889609811,8649.914987141374,8715.197265625,4804487,1d,VCB,VCB.VN
2014-10-22 00:00:00,8715.197265625,8780.479544108626,8649.914987141374,8649.914987141374,983741,1d,VCB,VCB.VN
2014-10-23 00:00:00,8649.9150390625,8715.197317937984,8617.273414881758,8682.556663243242,958130,1d,VCB,VCB.VN
2014-10-24 00:00:00,8649.9150390625,8715.197317937984,8617.273414881758,8617.273414881758,350214,1d,VCB,VCB.VN
2014-10-27 00:00:00,8486.708984375,8682.556793423864,8486.708984375,8649.915168753716,459277,1d,VCB,VCB.VN
2014-10-28 00:00:00,8649.9150390625,8649.9150390625,8486.708857130792,8486.708857130792,2814824,1d,VCB,VCB.VN
2014-10-29 00:00:00,8584.6328125,8682.556716152953,8551.991188120346,8551.991188120346,371443,1d,VCB,VCB.VN
2014-10-30 00:00:00,8715.197265625,8715.197265625,8584.632708657748,8649.914987141374,517734,1d,VCB,VCB.VN
2014-10-31 00:00:00,9041.609375,9074.250028587172,8715.197022212462,8747.838645285603,2787237,1d,VCB,VCB.VN
2014-11-03 00:00:00,9204.814453125,9204.814453125,9008.967625884114,9041.609248500572,1769247,1d,VCB,VCB.VN
2014-11-04 00:00:00,8976.326171875,9204.81462602417,8976.326171875,9204.81462602417,3079487,1d,VCB,VCB.VN
2014-11-05 00:00:00,8943.685546875,9008.967824058003,8911.04392354051,9008.967824058003,637810,1d,VCB,VCB.VN
2014-11-06 00:00:00,8878.4033203125,8976.326251902326,8845.761696791904,8943.685597867712,387076,1d,VCB,VCB.VN
2014-11-07 00:00:00,8878.4033203125,9041.609498943519,8813.121042757288,8813.121042757288,594775,1d,VCB,VCB.VN
2014-11-10 00:00:00,8911.0439453125,9041.609469483486,8845.761667969995,8845.761667969995,3220427,1d,VCB,VCB.VN
2014-11-11 00:00:00,8878.4033203125,8943.685597867712,8878.4033203125,8878.4033203125,518099,1d,VCB,VCB.VN
2014-11-12 00:00:00,8911.0439453125,8976.326222655003,8911.0439453125,8911.0439453125,309308,1d,VCB,VCB.VN
2014-11-13 00:00:00,8911.0439453125,8976.326222655003,8911.0439453125,8943.685568726742,521901,1d,VCB,VCB.VN
2014-11-14 00:00:00,8976.326171875,8976.326171875,8911.043894901804,8911.043894901804,571871,1d,VCB,VCB.VN
2014-11-17 00:00:00,8911.0439453125,9041.609469483486,8911.0439453125,8911.0439453125,505082,1d,VCB,VCB.VN
2014-11-18 00:00:00,8813.12109375,8976.326303839343,8813.12109375,8976.326303839343,835229,1d,VCB,VCB.VN
2014-11-19 00:00:00,8682.556640625,8911.044131350975,8682.556640625,8911.044131350975,362622,1d,VCB,VCB.VN
2014-11-20 00:00:00,8878.4033203125,8878.4033203125,8682.556487646865,8682.556487646865,3486064,1d,VCB,VCB.VN
2014-11-21 00:00:00,8976.326171875,9074.250072077779,8878.403241158194,8878.403241158194,1387823,1d,VCB,VCB.VN
2014-11-24 00:00:00,8943.685546875,8943.685546875,8813.120992508995,8813.120992508995,681971,1d,VCB,VCB.VN
2014-11-25 00:00:00,9008.9677734375,9074.250050253688,8943.685496621312,8943.685496621312,1361668,1d,VCB,VCB.VN
2014-11-26 00:00:00,8813.12109375,9074.250205481738,8813.12109375,9074.250205481738,1497680,1d,VCB,VCB.VN
2014-11-27 00:00:00,8911.0439453125,8943.685568726742,8813.121014041733,8813.121014041733,110641,1d,VCB,VCB.VN
2014-11-28 00:00:00,9041.609375,9106.891651660313,8911.043852193405,8911.043852193405,1972658,1d,VCB,VCB.VN
2014-12-01 00:00:00,9204.814453125,9237.456075741458,8878.403074390191,8911.043727520693,1650358,1d,VCB,VCB.VN
2014-12-02 00:00:00,9172.173828125,9204.81448135561,9139.532205408432,9204.81448135561,880393,1d,VCB,VCB.VN
2014-12-03 00:00:00,9368.0205078125,9368.0205078125,9074.249785953163,9074.249785953163,1986831,1d,VCB,VCB.VN
2014-12-04 00:00:00,9563.8671875,9629.1494614246,9302.738091801597,9302.738091801597,2139874,1d,VCB,VCB.VN
2014-12-05 00:00:00,9890.2802734375,10118.768734170042,9563.867909680723,9563.867909680723,4609563,1d,VCB,VCB.VN
2014-12-08 00:00:00,10249.3330078125,10379.897561902142,9759.715445233354,9792.356099012779,4241066,1d,VCB,VCB.VN
2014-12-09 00:00:00,10314.615234375,10543.103687656581,10151.409057818732,10249.332957649687,3177268,1d,VCB,VCB.VN
2014-12-10 00:00:00,9792.3564453125,10281.974994692631,9661.791886605535,10281.974994692631,4414607,1d,VCB,VCB.VN
2014-12-11 00:00:00,9694.4326171875,9890.279437190648,9400.66190243982,9465.944175774202,2261773,1d,VCB,VCB.VN
2014-12-12 00:00:00,10118.7685546875,10118.7685546875,9531.227085935672,9694.433264919177,740155,1d,VCB,VCB.VN
2014-12-15 00:00:00,9922.9208984375,10053.486425241228,9661.791783802038,9955.562522509932,7389201,1d,VCB,VCB.VN
2014-12-16 00:00:00,9988.2041015625,10151.40931273105,9759.715642543339,9922.920853711888,2902387,1d,VCB,VCB.VN
2014-12-17 00:00:00,9890.2802734375,10053.486455315888,9824.997994583344,9857.638649267421,6158646,1d,VCB,VCB.VN
2014-12-18 00:00:00,9922.9208984375,10020.844801168798,9857.638619778634,9955.562522509932,4284284,1d,VCB,VCB.VN
2014-12-19 00:00:00,9237.4560546875,10053.485953893565,9237.4560546875,9857.6381576131,14840304,1d,VCB,VCB.VN
2014-12-22 00:00:00,9727.0732421875,9727.0732421875,9368.020255099285,9368.020255099285,2498426,1d,VCB,VCB.VN
2014-12-23 00:00:00,9988.2041015625,10118.768658291736,9563.867837963491,9563.867837963491,4212476,1d,VCB,VCB.VN
2014-12-24 00:00:00,9857.638671875,10053.486478372624,9759.71573811219,9890.280296119938,2239481,1d,VCB,VCB.VN
2014-12-25 00:00:00,9759.71484375,9890.279389793055,9727.07322249628,9792.355495517806,2259490,1d,VCB,VCB.VN
2014-12-26 00:00:00,10053.486328125,10118.768606153242,9629.150066712447,9759.71559225492,5773208,1d,VCB,VCB.VN
2014-12-29 00:00:00,10347.2568359375,10477.82138911629,10053.486106542241,10086.126760093955,4305178,1d,VCB,VCB.VN
2014-12-30 00:00:00,10445.1796875,10575.744239696558,10347.256758095562,10347.256758095562,3674633,1d,VCB,VCB.VN
2014-12-31 00:00:00,10412.5390625,10543.103615051494,10314.615163343398,10412.5390625,2598156,1d,VCB,VCB.VN
2015-01-05 00:00:00,10412.5390625,10477.821338775748,10249.332887067652,10347.256786224254,942863,1d,VCB,VCB.VN
2015-01-06 00:00:00,11098.00390625,11098.00390625,10412.539492316566,10412.539492316566,5123562,1d,VCB,VCB.VN
2015-01-07 00:00:00,10967.4384765625,11293.850814956217,10804.232307365643,11130.64464575936,4757801,1d,VCB,VCB.VN
2015-01-08 00:00:00,11293.8515625,11424.416118705227,10967.43920250094,11000.080826295243,3054305,1d,VCB,VCB.VN
2015-01-09 00:00:00,12044.59765625,12077.239278447605,11391.77393767137,11391.77393767137,7706878,1d,VCB,VCB.VN
2015-01-12 00:00:00,12142.521484375,12338.368307990197,11979.315313286033,12077.239209836602,11282818,1d,VCB,VCB.VN
2015-01-13 00:00:00,12077.2392578125,12175.162185266121,11914.033086075211,12077.2392578125,7348904,1d,VCB,VCB.VN
2015-01-14 00:00:00,12207.8037109375,12436.292155666919,12011.956888091969,12011.956888091969,10763013,1d,VCB,VCB.VN
2015-01-15 00:00:00,12011.95703125,12338.368406549376,12011.95703125,12142.52158136975,5242725,1d,VCB,VCB.VN
2015-01-16 00:00:00,11848.7509765625,12011.957150576445,11783.468700854111,12011.957150576445,2062167,1d,VCB,VCB.VN
2015-01-19 00:00:00,11554.98046875,12142.521930676778,11554.98046875,11881.391853439336,2806004,1d,VCB,VCB.VN
2015-01-20 00:00:00,11750.8271484375,11783.46877122962,11522.338697350544,11554.980320142662,3961104,1d,VCB,VCB.VN
2015-01-21 00:00:00,11554.98046875,11750.827299563602,11554.98046875,11750.827299563602,1632018,1d,VCB,VCB.VN
2015-01-22 00:00:00,11816.109375,12044.597825129082,11391.774097397116,11554.980271701595,5791791,1d,VCB,VCB.VN
2015-01-23 00:00:00,12109.8798828125,12403.650603474347,11848.750784217942,11914.033058866582,4164697,1d,VCB,VCB.VN
2015-01-26 00:00:00,11946.6748046875,12240.44552839247,11946.6748046875,12109.880008256745,1516356,1d,VCB,VCB.VN
2015-01-27 00:00:00,11848.7509765625,12011.957150576445,11587.62187372895,11914.033252270887,3161880,1d,VCB,VCB.VN
2015-01-28 00:00:00,12207.8037109375,12273.085985219343,11750.82682147866,11848.750717644392,4081056,1d,VCB,VCB.VN
2015-01-29 00:00:00,12044.59765625,12207.803828266144,12011.957003538337,12207.803828266144,1800148,1d,VCB,VCB.VN
2015-01-30 00:00:00,11652.904296875,12011.957302557006,11620.262673864834,12011.957302557006,3531563,1d,VCB,VCB.VN
2015-02-02 00:00:00,11652.904296875,11783.468849943736,11554.980397330466,11587.622020340632,1849694,1d,VCB,VCB.VN
2015-02-03 00:00:00,10869.5146484375,11685.544529987692,10869.5146484375,11620.262255801988,4539914,1d,VCB,VCB.VN
2015-02-04 00:00:00,10804.232421875,10869.514696348457,10412.538775034262,10608.38559845463,4154174,1d,VCB,VCB.VN
2015-02-05 00:00:00,11391.7744140625,11424.416037625142,10934.798470587402,10934.798470587402,2477682,1d,VCB,VCB.VN
2015-02-06 00:00:00,11750.8271484375,11750.8271484375,11424.415767946104,11424.415767946104,2094678,1d,VCB,VCB.VN
2015-02-09 00:00:00,11816.109375,11979.315549304481,11587.621894356875,11685.544823350798,3075594,1d,VCB,VCB.VN
2015-02-10 00:00:00,11881.3916015625,12044.597775190303,11848.75094852851,11881.3916015625,2045316,1d,VCB,VCB.VN
2015-02-11 00:00:00,12109.8798828125,12175.16215746114,11848.750784217942,11881.391436799293,1617358,1d,VCB,VCB.VN
2015-02-12 00:00:00,11848.7509765625,12207.803977701607,11848.7509765625,12207.803977701607,1759758,1d,VCB,VCB.VN
2015-02-13 00:00:00,11914.033203125,12011.957101026619,11848.750927685904,11848.750927685904,1180978,1d,VCB,VCB.VN
2015-02-24 00:00:00,12730.0634765625,12730.0634765625,11979.315832596641,12077.239733392269,3079487,1d,VCB,VCB.VN
2015-02-25 00:00:00,12436.29296875,13023.834445185907,12436.29296875,12697.422082949959,2709593,1d,VCB,VCB.VN
2015-02-26 00:00:00,12860.6279296875,13023.83410656206,12534.216545424351,12566.85719910768,2252923,1d,VCB,VCB.VN
2015-02-27 00:00:00,12534.216796875,12893.269811510461,12371.010616726338,12893.269811510461,2566523,1d,VCB,VCB.VN
2015-03-02 00:00:00,12534.216796875,12632.139729375403,12305.728338564071,12501.575173050871,1344118,1d,VCB,VCB.VN
2015-03-03 00:00:00,12566.857421875,12730.063601642647,12403.651242107353,12501.575143865139,3062882,1d,VCB,VCB.VN
2015-03-04 00:00:00,12664.78125,12664.78125,12436.29279355092,12664.78125,2481728,1d,VCB,VCB.VN
2015-03-05 00:00:00,12371.009765625,12632.138860308893,12371.009765625,12632.138860308893,2655605,1d,VCB,VCB.VN
2015-03-06 00:00:00,12175.162109375,12403.650554485786,11979.315286202584,12338.368280094981,4596576,1d,VCB,VCB.VN
2015-03-09 00:00:00,11881.3916015625,12175.162326298163,11783.468672974579,12175.162326298163,3590264,1d,VCB,VCB.VN
2015-03-10 00:00:00,12011.95703125,12077.239306309875,11783.468583797465,11783.468583797465,1815387,1d,VCB,VCB.VN
2015-03-11 00:00:00,11914.033203125,12044.59775400319,11881.391580662477,12011.957101026619,1753980,1d,VCB,VCB.VN
2015-03-12 00:00:00,12011.95703125,12044.597684036966,11881.391511644306,11881.391511644306,1606319,1d,VCB,VCB.VN
2015-03-13 00:00:00,11979.3154296875,12207.803877535058,11979.3154296875,12077.239327189582,1514680,1d,VCB,VCB.VN
2015-03-16 00:00:00,11522.3388671875,11848.751221976108,11424.415936339698,11424.415936339698,6596123,1d,VCB,VCB.VN
2015-03-17 00:00:00,11652.904296875,11783.468849943736,11587.622020340632,11587.622020340632,2639518,1d,VCB,VCB.VN
2015-03-18 00:00:00,11685.544921875,11718.186544805489,11522.33874619448,11620.262645499985,927749,1d,VCB,VCB.VN
2015-03-19 00:00:00,11587.6220703125,11620.262723977465,11522.33882401063,11620.262723977465,4092371,1d,VCB,VCB.VN
2015-03-20 00:00:00,11750.8271484375,11881.391700634058,11522.338697350544,11522.338697350544,13559926,1d,VCB,VCB.VN
2015-03-23 00:00:00,11489.6982421875,11816.109628307951,11457.056618832466,11750.82735108386,3618459,1d,VCB,VCB.VN
2015-03-24 00:00:00,11522.3388671875,11554.980490460752,11261.209758945393,11424.415936339698,5170245,1d,VCB,VCB.VN
2015-03-25 00:00:00,11554.98046875,11587.622091961919,11424.415914874266,11457.056568600212,2145745,1d,VCB,VCB.VN
2015-03-26 00:00:00,11424.416015625,11652.904471665537,11391.774392125217,11391.774392125217,4994424,1d,VCB,VCB.VN
2015-03-27 00:00:00,11522.3388671875,11620.262767521277,11391.774313066448,11424.415936339698,4902876,1d,VCB,VCB.VN
2015-03-30 00:00:00,11457.056640625,11587.622164807508,11457.056640625,11457.056640625,2428869,1d,VCB,VCB.VN
2015-03-31 00:00:00,11457.056640625,11620.26281873865,11424.415986693857,11457.056640625,2120407,1d,VCB,VCB.VN
2015-04-01 00:00:00,11424.416015625,11522.338947152386,11359.133738111415,11457.056669638801,2742439,1d,VCB,VCB.VN
2015-04-02 00:00:00,11652.904296875,11685.5449503992,11391.774221251564,11424.41584426173,1729100,1d,VCB,VCB.VN
2015-04-03 00:00:00,11652.904296875,11685.5449503992,11587.622020340632,11652.904296875,1414921,1d,VCB,VCB.VN
2015-04-06 00:00:00,11587.6220703125,11652.904347128399,11587.6220703125,11587.6220703125,1113519,1d,VCB,VCB.VN
2015-04-07 00:00:00,11685.544921875,11718.186544805489,11457.056469819465,11587.62199205546,2421206,1d,VCB,VCB.VN
2015-04-08 00:00:00,11587.6220703125,11685.545000793363,11554.980447161566,11652.904347128399,3162548,1d,VCB,VCB.VN
2015-04-09 00:00:00,11685.544921875,11816.10947462503,11554.980369124969,11554.980369124969,1618911,1d,VCB,VCB.VN
2015-04-10 00:00:00,11750.8271484375,11881.391700634058,11685.54487233922,11685.54487233922,1722198,1d,VCB,VCB.VN
2015-04-13 00:00:00,11881.3916015625,11881.3916015625,11750.827050454638,11816.109326008569,2028377,1d,VCB,VCB.VN
2015-04-14 00:00:00,11881.3916015625,11979.315499636372,11848.75094852851,11946.674846602382,3317904,1d,VCB,VCB.VN
2015-04-15 00:00:00,11946.6748046875,11979.31545760697,11848.750906957193,11848.750906957193,2083852,1d,VCB,VCB.VN
2015-04-16 00:00:00,12175.162109375,12273.086005704175,11914.033011811778,11946.674633750148,3816029,1d,VCB,VCB.VN
2015-04-17 00:00:00,12207.8037109375,12305.727607103232,12175.16208905361,12175.16208905361,2792591,1d,VCB,VCB.VN
2015-04-20 00:00:00,12175.162109375,12240.44535325174,12044.597560593389,12240.44535325174,1601454,1d,VCB,VCB.VN
2015-04-21 00:00:00,11979.3154296875,12175.162255205716,11946.674776844104,12109.879980032978,2084520,1d,VCB,VCB.VN
2015-04-22 00:00:00,12077.2392578125,12109.879910468393,11979.315360872939,11979.315360872939,2037013,1d,VCB,VCB.VN
2015-04-23 00:00:00,12077.2392578125,12109.879910468393,11979.315360872939,12077.2392578125,1242748,1d,VCB,VCB.VN
2015-04-24 00:00:00,12142.521484375,12175.16213690123,12077.239209836602,12142.521484375,562991,1d,VCB,VCB.VN
2015-04-27 00:00:00,11816.109375,12175.162376778284,11816.109375,12109.880100953684,611564,1d,VCB,VCB.VN
2015-05-04 00:00:00,11620.2626953125,11979.315701657215,11587.622041728055,11816.109525277081,1554888,1d,VCB,VCB.VN
2015-05-05 00:00:00,12142.521484375,12142.521484375,11587.62166605564,11620.262318581872,1441049,1d,VCB,VCB.VN
2015-05-06 00:00:00,12109.8798828125,12207.803779528429,11979.31533351522,12077.23923023115,1307106,1d,VCB,VCB.VN
2015-05-07 00:00:00,12273.0859375,12305.727559256973,12044.597493658972,12109.87976768699,2086710,1d,VCB,VCB.VN
2015-05-08 00:00:00,12632.1396484375,12762.704203925468,12175.162734743632,12273.0866361026,3151416,1d,VCB,VCB.VN
2015-05-11 00:00:00,12697.421875,12795.34577596425,12599.49894352173,12632.13959751916,951715,1d,VCB,VCB.VN
2015-05-12 00:00:00,12599.4990234375,12762.704233431783,12501.57512185214,12762.704233431783,2516735,1d,VCB,VCB.VN
2015-05-13 00:00:00,12436.29296875,12599.499149867974,12240.446133100031,12599.499149867974,2227742,1d,VCB,VCB.VN
2015-05-14 00:00:00,12501.5751953125,12566.857473591015,12338.369014873217,12338.369014873217,583643,1d,VCB,VCB.VN
2015-05-15 00:00:00,12534.216796875,12697.42200753767,12371.010616726338,12501.575173050871,1416505,1d,VCB,VCB.VN
2015-05-18 00:00:00,12599.4990234375,12632.139677641962,12305.72828816741,12371.01056606232,1693030,1d,VCB,VCB.VN
2015-05-19 00:00:00,12762.7041015625,12893.269625489253,12436.292715460557,12501.574992680946,2181967,1d,VCB,VCB.VN
2015-05-20 00:00:00,12893.26953125,12958.551807993228,12730.063354648944,12762.704008277573,2306786,1d,VCB,VCB.VN
2015-05-21 00:00:00,13056.474609375,13219.680784363678,12958.551679970562,13056.474609375,2085100,1d,VCB,VCB.VN
2015-05-22 00:00:00,13774.5810546875,13807.222678519314,13056.475025247488,13154.39892725694,4903209,1d,VCB,VCB.VN
2015-05-25 00:00:00,13709.298828125,13839.864354457843,13578.734271278152,13644.016549701575,3171034,1d,VCB,VCB.VN
2015-05-26 00:00:00,14035.7109375,14231.557769250816,13676.657927880515,13709.298581762661,3395705,1d,VCB,VCB.VN
2015-05-27 00:00:00,14003.0693359375,14231.557791412244,13774.580880462756,13774.580880462756,3125719,1d,VCB,VCB.VN
2015-05-28 00:00:00,14068.3515625,14427.404571382353,13872.504731151254,13905.146354452367,4269045,1d,VCB,VCB.VN
2015-05-29 00:00:00,14133.6337890625,14362.12224289509,13937.786958414268,13970.428581598626,3907332,1d,VCB,VCB.VN
2015-06-01 00:00:00,14917.0224609375,15014.945387647605,14133.633230341053,14133.633230341053,3672536,1d,VCB,VCB.VN
2015-06-02 00:00:00,14982.3046875,15733.051324324348,14949.663065710018,14982.3046875,8232102,1d,VCB,VCB.VN
2015-06-03 00:00:00,14525.328125,15178.151850061957,14362.121951363024,15014.945676424979,4235650,1d,VCB,VCB.VN
2015-06-04 00:00:00,14525.328125,14851.740472273954,14329.4812983272,14460.0458494424,7983495,1d,VCB,VCB.VN
2015-06-05 00:00:00,14721.1748046875,14917.022598890788,14264.198880347029,14362.121807962729,3260725,1d,VCB,VCB.VN
2015-06-08 00:00:00,14786.4580078125,14982.304831983267,14557.969561536967,14721.17476360297,1681593,1d,VCB,VCB.VN
2015-06-09 00:00:00,14427.404296875,14786.458268411681,14329.481367806775,14688.534369857498,2101826,1d,VCB,VCB.VN
2015-06-10 00:00:00,14133.6337890625,14492.68776614655,13970.428581598626,14492.68776614655,3427275,1d,VCB,VCB.VN
2015-06-11 00:00:00,14264.19921875,14557.969947538388,14003.069143445897,14231.55759577975,2753600,1d,VCB,VCB.VN
2015-06-12 00:00:00,14231.5576171875,14362.12217029297,14198.916963654117,14231.5576171875,782429,1d,VCB,VCB.VN
2015-06-15 00:00:00,14786.4580078125,14786.4580078125,14231.557218433083,14231.557218433083,2289999,1d,VCB,VCB.VN
2015-06-16 00:00:00,14525.328125,14851.740472273954,14525.328125,14786.458196716354,1097793,1d,VCB,VCB.VN
2015-06-17 00:00:00,14492.6875,14721.17498015063,14329.481326047304,14362.121979146272,828841,1d,VCB,VCB.VN
2015-06-18 00:00:00,14655.892578125,14819.098750670772,14460.045752761644,14460.045752761644,1407197,1d,VCB,VCB.VN
2015-06-19 00:00:00,15178.15234375,15178.15234375,14590.610875135137,14623.252498718623,7779597,1d,VCB,VCB.VN
2015-06-22 00:00:00,15537.205078125,15537.205078125,15210.793695552273,15210.793695552273,3138614,1d,VCB,VCB.VN
2015-06-23 00:00:00,15537.205078125,15569.846701125256,15341.358248581364,15504.56442461071,1728553,1d,VCB,VCB.VN
2015-06-24 00:00:00,15308.716796875,15569.84687534101,15308.716796875,15537.205251975518,1712858,1d,VCB,VCB.VN
2015-06-25 00:00:00,15308.716796875,15471.92297473051,15178.152242384982,15308.716796875,2122569,1d,VCB,VCB.VN
2015-06-26 00:00:00,14590.6103515625,15308.716349770664,14590.6103515625,15243.434074432282,2095988,1d,VCB,VCB.VN
2015-06-29 00:00:00,15341.3583984375,15406.64067558973,14394.763925501198,14427.404579334327,2436380,1d,VCB,VCB.VN
2015-06-30 00:00:00,15928.8994140625,15961.540066977135,15210.793416109127,15210.793416109127,3857817,1d,VCB,VCB.VN
2015-07-01 00:00:00,15830.9755859375,15961.540137141885,15439.281932324346,15928.899484083766,1737009,1d,VCB,VCB.VN
2015-07-02 00:00:00,16810.2109375,16810.2109375,15765.692633720513,15798.334254863708,2973128,1d,VCB,VCB.VN
2015-07-03 00:00:00,17789.447265625,17952.652474503666,16810.21213440908,16810.21213440908,2514515,1d,VCB,VCB.VN
2015-07-06 00:00:00,17789.447265625,18115.85962235429,17299.829700017042,17789.447265625,3894132,1d,VCB,VCB.VN
2015-07-07 00:00:00,17626.2421875,18279.064966829344,17463.03503843868,17626.2421875,3821472,1d,VCB,VCB.VN
2015-07-08 00:00:00,16973.41796875,17789.44792115756,16483.80038509987,17626.24270626486,5441755,1d,VCB,VCB.VN
2015-07-09 00:00:00,17136.625,17789.4477938718,16483.80026715618,16810.212633578092,5474047,1d,VCB,VCB.VN
2015-07-10 00:00:00,17136.625,17626.242580146856,17136.625,17626.242580146856,3010659,1d,VCB,VCB.VN
2015-07-13 00:00:00,17136.625,17463.035427449893,16973.417847303037,17299.830213724945,3689413,1d,VCB,VCB.VN
2015-07-14 00:00:00,17136.625,17299.830213724945,16320.595053431236,17136.625,1782539,1d,VCB,VCB.VN
2015-07-15 00:00:00,16647.00390625,17136.623379056033,16647.00390625,17136.623379056033,1218599,1d,VCB,VCB.VN
2015-07-16 00:00:00,16647.00390625,16973.41624179674,16320.593509675093,16647.00390625,1142930,1d,VCB,VCB.VN
2015-07-17 00:00:00,16647.00390625,16973.41624179674,16647.00390625,16810.211043509287,1196245,1d,VCB,VCB.VN
2015-07-20 00:00:00,16124.74609375,16647.004291534664,16092.105441131427,16647.004291534664,1449139,1d,VCB,VCB.VN
2015-07-21 00:00:00,16059.4638671875,16483.799138903043,15961.539970066242,16124.746142106358,1842058,1d,VCB,VCB.VN
2015-07-22 00:00:00,16973.41796875,17136.625122614732,15994.182801449739,16059.46508130402,3509759,1d,VCB,VCB.VN
2015-07-23 00:00:00,16810.2109375,17299.82846824655,16810.2109375,17136.623270988308,1214068,1d,VCB,VCB.VN
2015-07-24 00:00:00,16483.798828125,16973.416365528374,16483.798828125,16810.2111660512,1167566,1d,VCB,VCB.VN
2015-07-27 00:00:00,16647.00390625,16810.211043509287,16320.593509675093,16483.798707962545,2968932,1d,VCB,VCB.VN
2015-07-28 00:00:00,16810.2109375,17299.82846824655,16647.003801269937,16810.2109375,2643654,1d,VCB,VCB.VN
2015-07-29 00:00:00,16647.00390625,16973.41624179674,16647.00390625,16810.211043509287,1501878,1d,VCB,VCB.VN
2015-07-30 00:00:00,16647.00390625,16647.00390625,16320.593509675093,16647.00390625,1040128,1d,VCB,VCB.VN
2015-07-31 00:00:00,16287.9521484375,16810.21231253271,16287.9521484375,16810.21231253271,1287700,1d,VCB,VCB.VN
2015-08-03 00:00:00,15635.12890625,16255.311015049421,15276.075902316448,16255.311015049421,3366050,1d,VCB,VCB.VN
2015-08-04 00:00:00,15014.9462890625,15700.411664614485,15014.9462890625,15569.847108172009,2271961,1d,VCB,VCB.VN
2015-08-05 00:00:00,15047.587890625,15276.076348803852,14917.02333437594,15014.94626681974,3127057,1d,VCB,VCB.VN
2015-08-06 00:00:00,14721.1748046875,15308.71624832548,14655.892529781719,15047.587148702352,2715277,1d,VCB,VCB.VN
2015-08-07 00:00:00,14655.892578125,14786.458097853185,14362.121855336993,14721.174853246119,4172603,1d,VCB,VCB.VN
2015-08-10 00:00:00,15145.51171875,15145.51171875,14557.970249006354,14557.970249006354,1254306,1d,VCB,VCB.VN
2015-08-11 00:00:00,15373.9990234375,15635.129101042661,15112.869915318313,15276.076092635793,4950169,1d,VCB,VCB.VN
2015-08-12 00:00:00,14851.740234375,15276.075503445269,14786.457959863108,15210.793228933375,3158411,1d,VCB,VCB.VN
2015-08-13 00:00:00,14362.1220703125,14851.740595278532,14329.48141700634,14851.740595278532,4514427,1d,VCB,VCB.VN
2015-08-14 00:00:00,14133.6337890625,14492.68776614655,13839.864027833137,14362.12224289509,5610797,1d,VCB,VCB.VN
2015-08-17 00:00:00,13382.88671875,14296.839537180493,13154.398271770891,14166.274987331271,4722764,1d,VCB,VCB.VN
2015-08-18 00:00:00,13872.5048828125,13872.5048828125,13317.605036514955,13382.887314344904,3594615,1d,VCB,VCB.VN
2015-08-19 00:00:00,14133.6337890625,14198.917035431215,13448.1693970507,13807.222404648779,3422469,1d,VCB,VCB.VN
2015-08-20 00:00:00,14003.0693359375,14198.917137479268,13774.580880462756,13970.428682004524,2337960,1d,VCB,VCB.VN
2015-08-21 00:00:00,13839.8642578125,13839.8642578125,13252.322786618555,13774.581010358961,3923542,1d,VCB,VCB.VN
2015-08-24 00:00:00,12893.26953125,13709.29847528334,12893.26953125,13709.29847528334,6722493,1d,VCB,VCB.VN
2015-08-25 00:00:00,13089.1162109375,13284.963038914688,12403.650858788407,12403.650858788407,6061931,1d,VCB,VCB.VN
2015-08-26 00:00:00,13382.88671875,13644.015818448443,13089.11599684628,13089.11599684628,3131313,1d,VCB,VCB.VN
2015-08-27 00:00:00,13578.7333984375,13970.42801328592,13480.809502353912,13611.375020294006,4474433,1d,VCB,VCB.VN
2015-08-28 00:00:00,14166.275390625,14166.275390625,13578.73393009109,13578.73393009109,6498312,1d,VCB,VCB.VN
2015-08-31 00:00:00,13872.5048828125,14231.557895620204,13872.5048828125,14198.917241448224,3981543,1d,VCB,VCB.VN
2015-09-01 00:00:00,13872.5048828125,14035.711062130362,13709.29870349464,13905.146506470468,2000975,1d,VCB,VCB.VN
2015-09-03 00:00:00,13578.7333984375,13970.42801328592,13480.809502353912,13807.22184297525,4370203,1d,VCB,VCB.VN
2015-09-04 00:00:00,13709.298828125,13807.222730503134,13578.734271278152,13578.734271278152,2874254,1d,VCB,VCB.VN
2015-09-07 00:00:00,13741.9404296875,13905.146610223117,13676.658151370451,13709.29880578598,1804680,1d,VCB,VCB.VN
2015-09-08 00:00:00,14492.6875,14492.6875,13709.29825282144,13741.939875406362,8331158,1d,VCB,VCB.VN
2015-09-09 00:00:00,14949.6630859375,15210.793152152883,14688.533989208048,14786.45788522456,5516390,1d,VCB,VCB.VN
2015-09-10 00:00:00,15014.9462890625,15276.076371433443,14623.252619735073,14688.534897956311,4224550,1d,VCB,VCB.VN
2015-09-11 00:00:00,14623.251953125,15047.587226962452,14557.969677879695,14851.74040122654,2822944,1d,VCB,VCB.VN
2015-09-14 00:00:00,14100.9931640625,14917.023080986546,14100.9931640625,14590.610726422537,3531381,1d,VCB,VCB.VN
2015-09-15 00:00:00,13937.787109375,14166.275565682357,13905.146455323082,14100.993288092539,2214420,1d,VCB,VCB.VN
2015-09-16 00:00:00,14362.1220703125,14394.76369310462,14035.710689821104,14035.710689821104,1743549,1d,VCB,VCB.VN
2015-09-17 00:00:00,14231.5576171875,14460.046069865057,14231.5576171875,14460.046069865057,1183775,1d,VCB,VCB.VN
2015-09-18 00:00:00,14362.1220703125,14623.252144191576,14362.1220703125,14362.1220703125,9521871,1d,VCB,VCB.VN
2015-09-21 00:00:00,14590.6103515625,14623.251973974666,14362.121903135185,14362.121903135185,1121791,1d,VCB,VCB.VN
2015-09-22 00:00:00,14557.9697265625,14721.174930478557,14492.687451098887,14590.610379551332,904512,1d,VCB,VCB.VN
2015-09-23 00:00:00,14525.328125,14557.969747521776,14362.121951363024,14492.687471964176,2275765,1d,VCB,VCB.VN
2015-09-24 00:00:00,14394.763671875,14688.534398626976,14394.763671875,14590.610499880999,1676119,1d,VCB,VCB.VN
2015-09-25 00:00:00,14362.1220703125,14460.045969202898,14329.48141700634,14394.76369310462,1423775,1d,VCB,VCB.VN
2015-09-28 00:00:00,14035.7109375,14394.763947119485,14035.7109375,14394.763947119485,3129214,1d,VCB,VCB.VN
2015-09-29 00:00:00,13970.4287109375,14003.069364938074,13807.222532476682,13937.787087450944,2756093,1d,VCB,VCB.VN
2015-09-30 00:00:00,14003.0693359375,14166.275514060313,14003.0693359375,14068.35161328943,1176810,1d,VCB,VCB.VN
2015-10-01 00:00:00,14035.7109375,14100.993214750271,14003.069314131875,14035.7109375,852290,1d,VCB,VCB.VN
2015-10-02 00:00:00,14035.7109375,14198.91711536867,13937.787036881604,14068.351591382147,1258958,1d,VCB,VCB.VN
2015-10-05 00:00:00,14198.9169921875,14264.199268871422,14035.710815734708,14133.633746017607,1022155,1d,VCB,VCB.VN
2015-10-06 00:00:00,14786.4580078125,14819.098660431324,14362.121767880262,14362.121767880262,4244956,1d,VCB,VCB.VN
2015-10-07 00:00:00,14753.81640625,15145.511024622843,14753.81640625,14884.380955878967,4643323,1d,VCB,VCB.VN
2015-10-08 00:00:00,15308.716796875,15373.999074120009,14819.099232794446,14819.099232794446,4069895,1d,VCB,VCB.VN
2015-10-09 00:00:00,15178.15234375,15504.564701640917,15178.15234375,15504.564701640917,2162595,1d,VCB,VCB.VN
2015-10-12 00:00:00,15700.4111328125,15798.335031570488,15210.793577994473,15276.075854004479,4632191,1d,VCB,VCB.VN
2015-10-13 00:00:00,15635.12890625,15667.769559615253,15504.564353817064,15602.487283398785,2246295,1d,VCB,VCB.VN
2015-10-14 00:00:00,15406.640625,15635.12907902552,15406.640625,15635.12907902552,2801473,1d,VCB,VCB.VN
2015-10-15 00:00:00,15471.9228515625,15537.205128287813,15373.998951731544,15471.9228515625,1534146,1d,VCB,VCB.VN
2015-10-16 00:00:00,15243.4345703125,15602.487581096842,15243.4345703125,15471.923026172715,2074577,1d,VCB,VCB.VN
2015-10-19 00:00:00,15014.9462890625,15243.434747579828,15014.9462890625,15243.434747579828,2652382,1d,VCB,VCB.VN
2015-10-20 00:00:00,14819.0986328125,15047.587078662189,14786.457980254509,15047.587078662189,2857465,1d,VCB,VCB.VN
2015-10-21 00:00:00,14884.380859375,15210.793200817043,14819.098584983778,14819.098584983778,2020286,1d,VCB,VCB.VN
2015-10-22 00:00:00,15080.228515625,15080.228515625,14884.38168163218,15014.946237627393,1308382,1d,VCB,VCB.VN
2015-10-23 00:00:00,15308.716796875,15373.999074120009,15178.152242384982,15210.793865750475,2312383,1d,VCB,VCB.VN
2015-10-26 00:00:00,15243.4345703125,15406.64074871065,15243.4345703125,15373.999125236629,2305539,1d,VCB,VCB.VN
2015-10-27 00:00:00,15210.7939453125,15308.716876949224,15145.511667726025,15210.7939453125,1204244,1d,VCB,VCB.VN
2015-10-28 00:00:00,15047.587890625,15243.434724998591,15014.94626681974,15210.794070679322,2015754,1d,VCB,VCB.VN
2015-10-29 00:00:00,15243.4345703125,15243.4345703125,15014.946114452287,15080.22839191435,2305781,1d,VCB,VCB.VN
2015-10-30 00:00:00,15569.8466796875,15569.8466796875,15243.434328078236,15243.434328078236,5205283,1d,VCB,VCB.VN
2015-11-02 00:00:00,15569.8466796875,15830.97578538614,15537.205056732188,15569.8466796875,4162048,1d,VCB,VCB.VN
2015-11-03 00:00:00,15733.0517578125,15733.0517578125,15373.99875565947,15569.846552823637,2176585,1d,VCB,VCB.VN
2015-11-04 00:00:00,15733.0517578125,15928.899554976668,15733.0517578125,15765.693380501847,2846605,1d,VCB,VCB.VN
2015-11-05 00:00:00,15635.12890625,15700.411182466467,15569.846630033533,15602.487283398785,1140191,1d,VCB,VCB.VN
2015-11-06 00:00:00,15667.76953125,15830.975706238676,15439.282049649004,15635.12887794384,2531395,1d,VCB,VCB.VN
2015-11-09 00:00:00,16026.822265625,16092.105510113874,15602.486993362982,15667.769268365912,3404736,1d,VCB,VCB.VN
2015-11-10 00:00:00,15765.693359375,16026.82246259602,15765.693359375,15994.18180943637,1865934,1d,VCB,VCB.VN
2015-11-11 00:00:00,15569.8466796875,15863.617408341452,15569.8466796875,15765.693508961478,1494850,1d,VCB,VCB.VN
2015-11-12 00:00:00,15537.205078125,15569.846701125256,15243.434349066561,15504.56442461071,2676257,1d,VCB,VCB.VN
2015-11-13 00:00:00,15504.564453125,15602.487383333924,15373.998930369822,15569.846729759605,1738073,1d,VCB,VCB.VN
2015-11-16 00:00:00,15373.9990234375,15537.20520075498,15308.716746407703,15373.9990234375,1298588,1d,VCB,VCB.VN
2015-11-17 00:00:00,15406.640625,15667.769732751469,15341.358348062133,15373.99900178808,1364710,1d,VCB,VCB.VN
2015-11-18 00:00:00,15406.640625,15504.564525149786,15341.358348062133,15341.358348062133,920268,1d,VCB,VCB.VN
2015-11-19 00:00:00,15341.3583984375,15471.92295274196,15308.716775118397,15471.92295274196,1092623,1d,VCB,VCB.VN
2015-11-20 00:00:00,15341.3583984375,15439.282298908833,15341.3583984375,15341.3583984375,815277,1d,VCB,VCB.VN
2015-11-23 00:00:00,15243.4345703125,15406.64074871065,15243.4345703125,15373.999125236629,1410148,1d,VCB,VCB.VN
2015-11-24 00:00:00,15080.228515625,15243.434695362013,15014.946237627393,15243.434695362013,1224772,1d,VCB,VCB.VN
2015-11-25 00:00:00,15014.9462890625,15145.511814990967,14851.741078252402,15145.511814990967,1189797,1d,VCB,VCB.VN
2015-11-26 00:00:00,14819.0986328125,15014.945456618261,14819.0986328125,14949.66318201634,854755,1d,VCB,VCB.VN
2015-11-27 00:00:00,14460.0458984375,14819.09889996386,14394.763622658702,14721.175001552687,2048084,1d,VCB,VCB.VN
2015-11-30 00:00:00,14003.0693359375,14460.046246886988,14003.0693359375,14427.404623468034,2973342,1d,VCB,VCB.VN
2015-12-01 00:00:00,13741.9404296875,14166.27572349131,13709.29880578598,14003.069542955693,2676529,1d,VCB,VCB.VN
2015-12-02 00:00:00,13774.5810546875,13937.787234874591,13709.298776509862,13741.940400341677,5435032,1d,VCB,VCB.VN
2015-12-03 00:00:00,13905.146484375,14068.351693947541,13709.298681710377,13709.298681710377,4649433,1d,VCB,VCB.VN
2015-12-04 00:00:00,13807.22265625,14003.069490467038,13741.940378177655,14003.069490467038,1471675,1d,VCB,VCB.VN
2015-12-07 00:00:00,13317.6044921875,13741.93976548139,13284.962869863686,13741.93976548139,4305178,1d,VCB,VCB.VN
2015-12-08 00:00:00,14068.3515625,14100.993185801111,13056.474812969185,13317.604890920155,2850559,1d,VCB,VCB.VN
2015-12-09 00:00:00,13513.451171875,14068.350989505398,13448.168897417656,14068.350989505398,2713242,1d,VCB,VCB.VN
2015-12-10 00:00:00,13448.1689453125,13644.015769382031,13382.886670622656,13513.451220002344,1234870,1d,VCB,VCB.VN
2015-12-11 00:00:00,13480.8095703125,13676.657363466973,13317.604368665025,13448.16891777738,1761096,1d,VCB,VCB.VN
2015-12-14 00:00:00,13578.7333984375,13676.657294521088,13448.168849983338,13546.092746066926,1989445,1d,VCB,VCB.VN
2015-12-15 00:00:00,14100.9931640625,14231.557718093713,13578.733978451672,13578.733978451672,3796289,1d,VCB,VCB.VN
2015-12-16 00:00:00,14198.9169921875,14427.404475838244,14133.633746017607,14198.9169921875,2016729,1d,VCB,VCB.VN
2015-12-17 00:00:00,14362.1220703125,14427.404346410778,14231.557518115942,14264.199140908062,2190909,1d,VCB,VCB.VN
2015-12-18 00:00:00,13448.1689453125,14394.76338254414,13448.1689453125,14198.916558474612,9597632,1d,VCB,VCB.VN
2015-12-21 00:00:00,13872.5048828125,13872.5048828125,13709.29870349464,13709.29870349464,3749756,1d,VCB,VCB.VN
2015-12-22 00:00:00,13872.5048828125,14003.069438472396,13807.222604982553,13937.787160642449,1772593,1d,VCB,VCB.VN
2015-12-23 00:00:00,13839.8642578125,13905.146535780052,13709.298732391411,13741.94035611818,2635655,1d,VCB,VCB.VN
2015-12-24 00:00:00,13774.5810546875,13970.428858706406,13774.5810546875,13905.146580528768,694319,1d,VCB,VCB.VN
2015-12-25 00:00:00,13872.5048828125,14003.069438472396,13774.580981324587,13807.222604982553,1897596,1d,VCB,VCB.VN
2015-12-28 00:00:00,13872.5048828125,14035.711062130362,13872.5048828125,13970.428784300415,1312610,1d,VCB,VCB.VN
2015-12-29 00:00:00,14362.1220703125,14394.76369310462,13839.863861526268,13872.504514832428,4380272,1d,VCB,VCB.VN
2015-12-30 00:00:00,14460.0458984375,14655.89272577389,14329.481346879906,14394.763622658702,3423959,1d,VCB,VCB.VN
2015-12-31 00:00:00,14329.4814453125,14525.328273994208,14296.8398224559,14525.328273994208,2280538,1d,VCB,VCB.VN
2016-01-04 00:00:00,14100.9931640625,14362.122272124927,13905.146333015678,14296.83999510932,2316792,1d,VCB,VCB.VN
2016-01-05 00:00:00,13872.5048828125,14166.275617790256,13839.86422864052,14003.069438472396,3446709,1d,VCB,VCB.VN
2016-01-06 00:00:00,14035.7109375,14100.993214750271,13872.50475963133,13872.50475963133,2416307,1d,VCB,VCB.VN
2016-01-07 00:00:00,13872.5048828125,14003.069438472396,13709.29870349464,13970.428784300415,2845118,1d,VCB,VCB.VN
2016-01-08 00:00:00,13774.5810546875,13905.146580528768,13611.3758439864,13807.222678519314,2057027,1d,VCB,VCB.VN
2016-01-11 00:00:00,13676.6572265625,13839.863396062206,13644.015604868187,13774.580152673583,2257910,1d,VCB,VCB.VN
2016-01-12 00:00:00,13937.787109375,13937.787109375,13709.29865306764,13709.29865306764,1463038,1d,VCB,VCB.VN
2016-01-13 00:00:00,13807.22265625,14003.069490467038,13807.22265625,13970.42883617386,1364982,1d,VCB,VCB.VN
2016-01-14 00:00:00,13644.015625,13774.580172998043,13546.092698744433,13644.015625,2102768,1d,VCB,VCB.VN
2016-01-15 00:00:00,13252.322265625,13709.298193432587,13252.322265625,13644.015918031504,3241778,1d,VCB,VCB.VN
2016-01-18 00:00:00,12599.4990234375,13056.474968701876,12403.651220266782,12893.26975870759,4909080,1d,VCB,VCB.VN
2016-01-19 00:00:00,13154.3984375,13187.04006011652,12599.498608906788,12599.498608906788,2589274,1d,VCB,VCB.VN
2016-01-20 00:00:00,13056.474609375,13382.886959352354,12893.269403872282,13056.474609375,2809683,1d,VCB,VCB.VN
2016-01-21 00:00:00,12860.6279296875,13056.47476024539,12762.70402966557,12893.2695528568,2295472,1d,VCB,VCB.VN
2016-01-22 00:00:00,12925.91015625,13089.116332489582,12599.498773256802,13056.474709447279,3277241,1d,VCB,VCB.VN
2016-01-25 00:00:00,13611.375,13676.657274129748,13056.474215668244,13056.474215668244,4783560,1d,VCB,VCB.VN
2016-01-26 00:00:00,13252.322265625,13480.809744785818,13154.398367780399,13219.680643181482,1996198,1d,VCB,VCB.VN
2016-01-27 00:00:00,13219.6806640625,13480.809766079301,13219.6806640625,13480.809766079301,1770281,1d,VCB,VCB.VN
2016-01-28 00:00:00,13219.6806640625,13317.604562061777,13154.3983885583,13154.3983885583,1709789,1d,VCB,VCB.VN
2016-01-29 00:00:00,13513.451171875,13513.451171875,13154.398177616637,13219.680452073982,3099957,1d,VCB,VCB.VN
2016-02-01 00:00:00,13284.962890625,13546.09296116575,13284.962890625,13513.451338790925,2410102,1d,VCB,VCB.VN
2016-02-02 00:00:00,13187.0400390625,13317.604590348217,13154.398416498094,13187.0400390625,3550514,1d,VCB,VCB.VN
2016-02-03 00:00:00,12925.91015625,13056.474709447279,12827.986256609056,13056.474709447279,2439756,1d,VCB,VCB.VN
2016-02-04 00:00:00,13056.474609375,13252.322407155796,13056.474609375,13056.474609375,2088686,1d,VCB,VCB.VN
2016-02-05 00:00:00,13089.1162109375,13187.040109669073,12925.910036213532,12925.910036213532,1916999,1d,VCB,VCB.VN
2016-02-15 00:00:00,13154.3984375,13252.322335863608,12860.627711895133,12991.192263389306,2435528,1d,VCB,VCB.VN
2016-02-16 00:00:00,13154.3984375,13317.604611610694,13089.116161752914,13089.116161752914,1733755,1d,VCB,VCB.VN
2016-02-17 00:00:00,12991.1923828125,13252.322457687273,12991.1923828125,13154.398558423487,2516856,1d,VCB,VCB.VN
2016-02-18 00:00:00,13154.3984375,13350.24526474126,13023.833886005827,13056.474539136394,2237807,1d,VCB,VCB.VN
2016-02-19 00:00:00,13089.1162109375,13252.32238566147,13089.1162109375,13252.32238566147,1440623,1d,VCB,VCB.VN
2016-02-22 00:00:00,13187.0400390625,13219.680692140952,13056.474518290828,13089.116140855234,1986315,1d,VCB,VCB.VN
2016-02-23 00:00:00,13382.88671875,13578.733543523833,13284.962821620113,13284.962821620113,4264544,1d,VCB,VCB.VN
2016-02-24 00:00:00,13807.22265625,14035.711114246207,13284.96346218524,13382.887364036755,5029885,1d,VCB,VCB.VN
2016-02-25 00:00:00,13644.015625,14035.710238480058,13578.73335100098,13872.50406873954,4063994,1d,VCB,VCB.VN
2016-02-26 00:00:00,13709.298828125,13709.298828125,13480.810368900018,13709.298828125,1499900,1d,VCB,VCB.VN
2016-02-29 00:00:00,13382.88671875,13709.298093373054,13382.88671875,13644.015818448443,2697820,1d,VCB,VCB.VN
2016-03-01 00:00:00,13284.962890625,13546.09296116575,13284.962890625,13382.886788263524,2584893,1d,VCB,VCB.VN
2016-03-02 00:00:00,13611.375,13676.657274129748,13382.886555802916,13415.527208124826,1969068,1d,VCB,VCB.VN
2016-03-03 00:00:00,13578.7333984375,13741.93956874817,13546.092746066926,13676.657294521088,1412887,1d,VCB,VCB.VN
2016-03-04 00:00:00,13644.015625,13872.50406873954,13546.092698744433,13578.73335100098,2071778,1d,VCB,VCB.VN
2016-03-07 00:00:00,13644.015625,13774.580172998043,13611.374972743455,13709.297898999022,1726606,1d,VCB,VCB.VN
2016-03-08 00:00:00,13578.7333984375,13709.297946891662,13513.451124210418,13644.015672664582,2359432,1d,VCB,VCB.VN
2016-03-09 00:00:00,13513.451171875,13676.65734276133,13480.80954990336,13611.375068303985,1428031,1d,VCB,VCB.VN
2016-03-10 00:00:00,13578.7333984375,13611.375020294006,13382.886575756256,13546.092746066926,1957998,1d,VCB,VCB.VN
2016-03-11 00:00:00,13578.7333984375,13676.657294521088,13546.092746066926,13644.015672664582,1553399,1d,VCB,VCB.VN
2016-03-14 00:00:00,13611.375,13611.375,13480.809482254574,13611.375,3671319,1d,VCB,VCB.VN
2016-03-15 00:00:00,13709.298828125,13741.940452079709,13546.093616809436,13546.093616809436,3935950,1d,VCB,VCB.VN
2016-03-16 00:00:00,14100.9931640625,14198.917064328896,13741.940155733675,13741.940155733675,6153385,1d,VCB,VCB.VN
2016-03-17 00:00:00,13937.787109375,14264.199466810078,13937.787109375,14198.917189220258,3269424,1d,VCB,VCB.VN
2016-03-18 00:00:00,13872.5048828125,13970.428784300415,13774.580981324587,13905.146506470468,10785915,1d,VCB,VCB.VN
2016-03-21 00:00:00,14003.0693359375,14329.481692183128,13970.428682004524,14133.63389064136,5665602,1d,VCB,VCB.VN
2016-03-22 00:00:00,14133.6337890625,14133.6337890625,13970.428581598626,14035.710858481369,1800909,1d,VCB,VCB.VN
2016-03-23 00:00:00,14003.0693359375,14133.63389064136,13970.428682004524,14133.63389064136,1963836,1d,VCB,VCB.VN
2016-03-24 00:00:00,13741.9404296875,14035.711166857214,13709.29880578598,14003.069542955693,2509921,1d,VCB,VCB.VN
2016-03-25 00:00:00,13970.4287109375,13970.4287109375,13578.734076528735,13709.298631502998,4201800,1d,VCB,VCB.VN
2016-03-28 00:00:00,13970.4287109375,14035.710988424631,13905.146433450369,14003.069364938074,1623806,1d,VCB,VCB.VN
2016-03-29 00:00:00,13709.298828125,14003.069565773407,13709.298828125,14003.069565773407,991162,1d,VCB,VCB.VN
2016-03-30 00:00:00,13741.9404296875,13807.222708004549,13578.734249151883,13578.734249151883,1514043,1d,VCB,VCB.VN
2016-03-31 00:00:00,13382.88671875,13774.580368297664,13382.88671875,13709.298093373054,5465202,1d,VCB,VCB.VN
2016-04-01 00:00:00,13350.2451171875,13513.451289494355,13317.604464417695,13382.88673944325,1991728,1d,VCB,VCB.VN
2016-04-04 00:00:00,13350.2451171875,13480.809667238607,13219.680567136393,13448.169014468802,1336757,1d,VCB,VCB.VN
2016-04-05 00:00:00,13382.88671875,13513.451268599221,13284.962821620113,13350.245096544722,4270141,1d,VCB,VCB.VN
2016-04-06 00:00:00,13709.298828125,13709.298828125,13350.245812053168,13382.887436007879,2798949,1d,VCB,VCB.VN
2016-04-07 00:00:00,13611.375,13774.580200581406,13415.527208124826,13774.580200581406,2263627,1d,VCB,VCB.VN
2016-04-08 00:00:00,13513.451171875,13611.375068303985,13480.80954990336,13546.092793846641,2292126,1d,VCB,VCB.VN
2016-04-11 00:00:00,13578.7333984375,13709.297946891662,13350.24495389975,13513.451124210418,2997736,1d,VCB,VCB.VN
2016-04-12 00:00:00,13741.9404296875,13905.146610223117,13382.887414200739,13578.734249151883,3864963,1d,VCB,VCB.VN
2016-04-13 00:00:00,13676.6572265625,13839.863396062206,13644.015604868187,13807.221774367896,1928222,1d,VCB,VCB.VN
2016-04-14 00:00:00,13807.22265625,13872.504934322347,13644.01647632614,13676.658100105307,2354536,1d,VCB,VCB.VN
2016-04-15 00:00:00,13872.5048828125,14198.917241448224,13807.222604982553,13872.5048828125,3612558,1d,VCB,VCB.VN
2016-04-19 00:00:00,13839.8642578125,14133.634023923485,13774.581010358961,13905.146535780052,2992442,1d,VCB,VCB.VN
2016-04-20 00:00:00,13970.4287109375,13970.4287109375,13741.940254989553,13872.504809963813,2341123,1d,VCB,VCB.VN
2016-04-21 00:00:00,14003.0693359375,14100.993236708384,13905.146404652594,13970.428682004524,2488723,1d,VCB,VCB.VN
2016-04-22 00:00:00,14917.0224609375,14949.663113345558,14003.068681736955,14003.068681736955,7537045,1d,VCB,VCB.VN
2016-04-25 00:00:00,14982.3046875,15276.075405666115,14982.3046875,14982.3046875,3953987,1d,VCB,VCB.VN
2016-04-26 00:00:00,15406.640625,15406.640625,14851.740786285141,14851.740786285141,2601317,1d,VCB,VCB.VN
2016-04-27 00:00:00,15014.9462890625,15504.564829950772,14982.305634694878,15406.640927875918,3633178,1d,VCB,VCB.VN
2016-04-28 00:00:00,15080.228515625,15276.07631910381,14917.023305373976,15014.946237627393,2108579,1d,VCB,VCB.VN
2016-04-29 00:00:00,15014.9462890625,15276.076371433443,14884.381732620024,14884.381732620024,2209218,1d,VCB,VCB.VN
2016-05-04 00:00:00,15047.587890625,15243.434724998591,14753.81715432162,14949.663988695209,2274182,1d,VCB,VCB.VN
2016-05-05 00:00:00,15373.9990234375,15602.487477784774,15112.869915318313,15178.15219234811,3569430,1d,VCB,VCB.VN
2016-05-06 00:00:00,15863.6171875,15928.899463015849,15406.640289403109,15471.922564918958,4640249,1d,VCB,VCB.VN
2016-05-09 00:00:00,15667.76953125,16092.105780117754,15667.76953125,15863.617329030796,2528109,1d,VCB,VCB.VN
2016-05-10 00:00:00,15863.6171875,15863.6171875,15537.204840434806,15667.769391466503,1656806,1d,VCB,VCB.VN
2016-05-11 00:00:00,15994.181640625,16059.46391574123,15765.69319297522,15863.61709039254,2169922,1d,VCB,VCB.VN
2016-05-12 00:00:00,15667.76953125,16092.105780117754,15667.76953125,15994.181881227354,1486488,1d,VCB,VCB.VN
2016-05-13 00:00:00,15537.205078125,15765.693530668892,15341.358248581364,15667.769631154091,2233426,1d,VCB,VCB.VN
2016-05-16 00:00:00,15765.693359375,15765.693359375,15406.64035770312,15471.922633508375,1147461,1d,VCB,VCB.VN
2016-05-17 00:00:00,15765.693359375,15928.899533631115,15635.12880776449,15733.051736729394,2017062,1d,VCB,VCB.VN
2016-05-18 00:00:00,15994.181640625,16255.31074108992,15733.051570674133,15765.69319297522,3829411,1d,VCB,VCB.VN
2016-05-19 00:00:00,15700.4111328125,15994.181859600507,15700.4111328125,15994.181859600507,1225260,1d,VCB,VCB.VN
2016-05-20 00:00:00,15471.9228515625,15928.89975812566,15406.640574837187,15863.617481400348,3371160,1d,VCB,VCB.VN
2016-05-23 00:00:00,15047.587890625,15602.487739426502,15047.587890625,15439.282528858172,2132240,1d,VCB,VCB.VN
2016-05-24 00:00:00,14982.3046875,15178.1515097821,14851.740139311933,15145.510857478048,2304261,1d,VCB,VCB.VN
2016-05-25 00:00:00,15014.9462890625,15243.434747579828,15014.9462890625,15178.15246935859,828720,1d,VCB,VCB.VN
2016-05-26 00:00:00,14786.4580078125,15112.869381430444,14786.4580078125,15014.94548460209,2198756,1d,VCB,VCB.VN
2016-05-27 00:00:00,14786.4580078125,14884.380935154913,14623.251836260557,14819.098660431324,2093523,1d,VCB,VCB.VN
2016-05-30 00:00:00,15276.076171875,15276.076171875,14819.099260810046,14917.023161605672,1627639,1d,VCB,VCB.VN
2016-05-31 00:00:00,15243.4345703125,15504.564649646736,15210.79391632446,15308.716847774564,1491323,1d,VCB,VCB.VN
2016-06-01 00:00:00,15308.716796875,15341.358420240493,15178.152242384982,15178.152242384982,1128298,1d,VCB,VCB.VN
2016-06-02 00:00:00,15373.9990234375,15439.28226995327,15210.793815605995,15276.076092635793,884379,1d,VCB,VCB.VN
2016-06-03 00:00:00,15439.2822265625,15504.564503408827,15341.358326550026,15341.358326550026,1339527,1d,VCB,VCB.VN
2016-06-06 00:00:00,15602.4873046875,15830.975756499876,15373.998852875124,15373.998852875124,2383823,1d,VCB,VCB.VN
2016-06-07 00:00:00,15700.4111328125,15765.693408822506,15569.846580792488,15667.769510064518,1325930,1d,VCB,VCB.VN
2016-06-08 00:00:00,15635.12890625,15863.617357750616,15602.487283398785,15700.411182466467,2776200,1d,VCB,VCB.VN
2016-06-09 00:00:00,15700.4111328125,15765.693408822506,15569.846580792488,15635.128856802494,1220851,1d,VCB,VCB.VN
2016-06-10 00:00:00,15830.9755859375,16026.822412744077,15700.411034733115,15700.411034733115,2691768,1d,VCB,VCB.VN
2016-06-13 00:00:00,15798.3349609375,15961.54016548986,15765.693338335455,15830.97561405359,4078989,1d,VCB,VCB.VN
2016-06-14 00:00:00,15765.693359375,15863.61725782586,15602.487185118884,15700.411083569745,2401983,1d,VCB,VCB.VN
2016-06-15 00:00:00,15602.4873046875,15733.051857298582,15569.84665127771,15733.051857298582,1834394,1d,VCB,VCB.VN
2016-06-16 00:00:00,15569.8466796875,15700.411232536819,15537.205056732188,15635.12895611216,1907509,1d,VCB,VCB.VN
2016-06-17 00:00:00,15373.9990234375,15569.846824012864,15373.9990234375,15439.28226995327,2879941,1d,VCB,VCB.VN
2016-06-20 00:00:00,15308.716796875,15439.282320850994,15112.869965139973,15373.999074120009,1892545,1d,VCB,VCB.VN
2016-06-21 00:00:00,15341.3583984375,15373.999052270627,15276.076121285269,15308.716775118397,2365454,1d,VCB,VCB.VN
2016-06-22 00:00:00,15276.076171875,15373.99910318465,15178.152271079374,15341.358449243426,2686416,1d,VCB,VCB.VN
2016-06-23 00:00:00,15667.76953125,15667.76953125,15276.075874660326,15308.716527966484,2093523,1d,VCB,VCB.VN
2016-06-24 00:00:00,15276.076171875,15667.769836085552,14590.610805277567,15635.129182144328,2518227,1d,VCB,VCB.VN
2016-06-27 00:00:00,15080.228515625,15145.511763108596,14819.099403634571,15145.511763108596,1039702,1d,VCB,VCB.VN
2016-06-28 00:00:00,15145.51171875,15276.076274362813,14949.663915844794,14949.663915844794,1225777,1d,VCB,VCB.VN
2016-06-29 00:00:00,15439.2822265625,15471.922880242679,15210.793772857372,15210.793772857372,1745340,1d,VCB,VCB.VN
2016-06-30 00:00:00,15439.2822265625,15504.564503408827,15341.358326550026,15373.998980230203,1455283,1d,VCB,VCB.VN
2016-07-01 00:00:00,15504.564453125,15602.487383333924,15341.358276795503,15439.282176490395,2505664,1d,VCB,VCB.VN
2016-07-04 00:00:00,16059.4638671875,16124.746142106358,15504.56404563424,15504.56404563424,3669250,1d,VCB,VCB.VN
2016-07-05 00:00:00,16483.798828125,16973.416365528374,16124.745838097733,16124.745838097733,5045061,1d,VCB,VCB.VN
2016-07-06 00:00:00,16320.5947265625,16810.212296903297,16287.952133293662,16320.5947265625,1800573,1d,VCB,VCB.VN
2016-07-07 00:00:00,16647.00390625,16647.00390625,16255.31026697701,16483.798707962545,2174425,1d,VCB,VCB.VN
2016-07-08 00:00:00,16647.00390625,17136.623379056033,16320.593509675093,16647.00390625,2537083,1d,VCB,VCB.VN
2016-07-11 00:00:00,16973.41796875,17463.03555240013,16647.005599992568,16810.2127538573,4831403,1d,VCB,VCB.VN
2016-07-12 00:00:00,17626.2421875,17626.2421875,16973.417469198677,16973.417469198677,2205114,1d,VCB,VCB.VN
2016-07-13 00:00:00,18768.681640625,18768.681640625,17626.241346560902,17626.241346560902,6720060,1d,VCB,VCB.VN
2016-07-14 00:00:00,18279.064453125,19095.094358582428,18279.064453125,18931.88915307971,2955733,1d,VCB,VCB.VN
2016-07-15 00:00:00,17626.2421875,18605.477325980006,17626.2421875,18279.064966829344,2694445,1d,VCB,VCB.VN
2016-07-18 00:00:00,18115.859375,18279.06458165026,17299.829463804836,17463.034670455094,2240211,1d,VCB,VCB.VN
2016-07-19 00:00:00,18279.064453125,18605.476803102356,17952.652103147644,18279.064453125,1700299,1d,VCB,VCB.VN
2016-07-20 00:00:00,17952.65234375,18442.271844763898,17626.241928369996,18442.271844763898,1376358,1d,VCB,VCB.VN
2016-07-21 00:00:00,18115.859375,18115.859375,17299.829463804836,17952.652229377807,4082668,1d,VCB,VCB.VN
2016-07-22 00:00:00,16973.41796875,18115.860289914992,16973.41796875,17952.65313605026,2696513,1d,VCB,VCB.VN
2016-07-25 00:00:00,17299.830078125,17463.035290570708,16810.212501815877,16973.417714261584,969902,1d,VCB,VCB.VN
2016-07-26 00:00:00,17299.830078125,17626.242441988416,16973.417714261584,17299.830078125,817436,1d,VCB,VCB.VN
2016-07-27 00:00:00,17789.447265625,17789.447265625,17136.624491138373,17136.624491138373,1223374,1d,VCB,VCB.VN
2016-07-28 00:00:00,17952.65234375,17952.65234375,17463.034781708047,17789.447136059996,277950,1d,VCB,VCB.VN
2016-07-29 00:00:00,17626.2421875,17952.652607678687,17463.03503843868,17789.44739758934,686167,1d,VCB,VCB.VN
2016-08-01 00:00:00,17299.830078125,17626.242441988416,17299.830078125,17626.242441988416,1110233,1d,VCB,VCB.VN
2016-08-02 00:00:00,16810.2109375,17299.82846824655,16647.003801269937,17299.82846824655,2547424,1d,VCB,VCB.VN
2016-08-03 00:00:00,16483.798828125,16810.2111660512,16157.387459684724,16647.004027602175,986112,1d,VCB,VCB.VN
2016-08-04 00:00:00,16973.41796875,17626.24270626486,16483.80038509987,16647.005599992568,2048875,1d,VCB,VCB.VN
2016-08-05 00:00:00,16647.00390625,17136.623379056033,16483.798707962545,17136.623379056033,997487,1d,VCB,VCB.VN
2016-08-08 00:00:00,16973.41796875,16973.41796875,16483.80038509987,16810.2127538573,1060718,1d,VCB,VCB.VN
2016-08-09 00:00:00,17299.830078125,17299.830078125,16810.212501815877,16973.417714261584,550642,1d,VCB,VCB.VN
2016-08-10 00:00:00,17463.03515625,17626.242306412365,17136.624733869245,17136.624733869245,942956,1d,VCB,VCB.VN
2016-08-11 00:00:00,18279.064453125,18279.064453125,17463.034547667572,17463.034547667572,2242827,1d,VCB,VCB.VN
2016-08-12 00:00:00,17789.447265625,18279.064831232958,17463.03490889571,18115.85962235429,1006794,1d,VCB,VCB.VN
2016-08-15 00:00:00,17789.447265625,17952.652474503666,17463.03490889571,17463.03490889571,503592,1d,VCB,VCB.VN
2016-08-16 00:00:00,17626.2421875,17952.652607678687,17463.03503843868,17626.2421875,1561092,1d,VCB,VCB.VN
2016-08-17 00:00:00,17299.830078125,17626.242441988416,16973.417714261584,17626.242441988416,1932420,1d,VCB,VCB.VN
2016-08-18 00:00:00,17299.830078125,17952.65286687983,17299.830078125,17626.242441988416,1757385,1d,VCB,VCB.VN
2016-08-19 00:00:00,17463.03515625,17789.447517602744,17299.82994505962,17299.82994505962,762080,1d,VCB,VCB.VN
2016-08-22 00:00:00,17463.03515625,17952.652728793124,17463.03515625,17952.652728793124,2028314,1d,VCB,VCB.VN
2016-08-23 00:00:00,17299.830078125,17626.242441988416,17136.624865679296,17299.830078125,1701151,1d,VCB,VCB.VN
2016-08-24 00:00:00,17626.2421875,17789.44739758934,17463.03503843868,17463.03503843868,837083,1d,VCB,VCB.VN
2016-08-25 00:00:00,17626.2421875,17789.44739758934,17463.03503843868,17626.2421875,1379399,1d,VCB,VCB.VN
2016-08-26 00:00:00,18768.681640625,18768.681640625,18115.858892441498,18279.064094744404,5540782,1d,VCB,VCB.VN
2016-08-29 00:00:00,18768.681640625,19747.91867135808,18768.681640625,19421.506327780386,4027893,1d,VCB,VCB.VN
2016-08-30 00:00:00,18115.859375,18605.476933922713,17952.652229377807,18442.27172727245,6237603,1d,VCB,VCB.VN
2016-08-31 00:00:00,17626.2421875,18442.272115890664,17463.03503843868,18115.859756740003,7888117,1d,VCB,VCB.VN
2016-09-01 00:00:00,17136.625,17952.653007596746,16810.212633578092,17789.4477938718,10425143,1d,VCB,VCB.VN
2016-09-05 00:00:00,16483.798828125,17136.6235039774,16255.310385473844,17136.6235039774,12749177,1d,VCB,VCB.VN
2016-09-06 00:00:00,16483.798828125,16810.2111660512,16320.593628647825,16647.004027602175,5608849,1d,VCB,VCB.VN
2016-09-07 00:00:00,16483.798828125,16973.416365528374,16320.593628647825,16647.004027602175,4813246,1d,VCB,VCB.VN
2016-09-08 00:00:00,16483.798828125,16647.004027602175,16320.593628647825,16483.798828125,5777862,1d,VCB,VCB.VN
2016-09-09 00:00:00,17053.388671875,17229.650921749482,16656.79909440042,16744.92924985166,7555568,1d,VCB,VCB.VN
2016-09-12 00:00:00,16502.568359375,17009.32253869063,16304.273582942253,17009.32253869063,2543160,1d,VCB,VCB.VN
2016-09-13 00:00:00,15863.6171875,16524.601075398175,15863.6171875,16524.601075398175,4870494,1d,VCB,VCB.VN
2016-09-14 00:00:00,16083.9443359375,16480.535827920245,15665.321275936969,15665.321275936969,3504157,1d,VCB,VCB.VN
2016-09-15 00:00:00,15863.6171875,16348.33883455679,15863.6171875,16216.141669182773,1615935,1d,VCB,VCB.VN
2016-09-16 00:00:00,15422.9609375,15907.682594663884,15422.9609375,15863.617518277697,16368393,1d,VCB,VCB.VN
2016-09-19 00:00:00,16150.04296875,16238.174088528152,15731.419907432291,15731.419907432291,3440896,1d,VCB,VCB.VN
2016-09-20 00:00:00,16502.568359375,16568.665971861956,15995.813210573426,16172.075449510521,2710934,1d,VCB,VCB.VN
2016-09-21 00:00:00,16502.568359375,16568.665971861956,16304.273582942253,16304.273582942253,6172627,1d,VCB,VCB.VN
2016-09-22 00:00:00,16524.6015625,16877.12605457427,16502.569024116852,16656.79873177084,3589318,1d,VCB,VCB.VN
2016-09-23 00:00:00,16458.50390625,16590.69913621876,16392.404352293663,16524.601521234377,2278408,1d,VCB,VCB.VN
2016-09-26 00:00:00,16568.666015625,16722.895717473813,16326.306163560803,16458.503327855768,2585088,1d,VCB,VCB.VN
2016-09-27 00:00:00,17009.322265625,17031.354802766946,16480.535557302795,16568.66570587057,4616391,1d,VCB,VCB.VN
2016-09-28 00:00:00,17185.5859375,17273.718032402612,16987.29114768414,17097.453842597388,4055284,1d,VCB,VCB.VN
2016-09-29 00:00:00,16877.125,17251.682007053063,16744.927838989555,17185.58439603376,3940770,1d,VCB,VCB.VN
2016-09-30 00:00:00,16877.125,17097.452309036184,16744.927838989555,16877.125,3160500,1d,VCB,VCB.VN
2016-10-03 00:00:00,16700.86328125,17009.322686819156,16612.731191528,16877.125521722104,2914326,1d,VCB,VCB.VN
2016-10-04 00:00:00,16700.86328125,17009.322686819156,16656.798205874948,16700.86328125,3724445,1d,VCB,VCB.VN
2016-10-05 00:00:00,16833.060546875,17009.322788399753,16811.028009055895,16965.25771276154,2098956,1d,VCB,VCB.VN
2016-10-06 00:00:00,16899.158203125,17031.355369346296,16833.06058950031,16833.06058950031,2642852,1d,VCB,VCB.VN
2016-10-07 00:00:00,16722.896484375,17031.355902218373,16656.798868682265,16943.225747961395,2966796,1d,VCB,VCB.VN
2016-10-10 00:00:00,16524.6015625,16833.060977807974,16304.274239696571,16722.89634692028,2285721,1d,VCB,VCB.VN
2016-10-11 00:00:00,16656.798828125,16656.798828125,16128.011117468752,16612.73181213183,4665640,1d,VCB,VCB.VN
2016-10-12 00:00:00,16568.666015625,16722.895717473813,16502.56840296346,16656.798104812275,1199915,1d,VCB,VCB.VN
2016-10-13 00:00:00,16436.46875,16612.73098831601,16348.338600327932,16612.73098831601,1324544,1d,VCB,VCB.VN
2016-10-14 00:00:00,16392.404296875,16612.73161838335,16392.404296875,16436.46937338228,1894214,1d,VCB,VCB.VN
2016-10-17 00:00:00,16039.8798828125,16392.404374483638,16039.8798828125,16392.404374483638,3545340,1d,VCB,VCB.VN
2016-10-18 00:00:00,16061.912109375,16260.207859205162,15907.682404891304,16039.879571444746,2464579,1d,VCB,VCB.VN
2016-10-19 00:00:00,16172.076171875,16392.40446513083,16128.011094915424,16216.14221832056,2163254,1d,VCB,VCB.VN
2016-10-20 00:00:00,16172.076171875,16304.274311211679,16172.076171875,16216.14221832056,1330043,1d,VCB,VCB.VN
2016-10-21 00:00:00,16172.076171875,16304.274311211679,16128.011094915424,16172.076171875,1747707,1d,VCB,VCB.VN
2016-10-24 00:00:00,15907.6826171875,16304.274122140543,15907.6826171875,16216.142030271441,1538142,1d,VCB,VCB.VN
2016-10-25 00:00:00,15753.453125,15907.682833640547,15599.223416359453,15907.682833640547,3011200,1d,VCB,VCB.VN
2016-10-26 00:00:00,15555.158203125,15775.486494894792,15555.158203125,15753.45298707763,1563735,1d,VCB,VCB.VN
2016-10-27 00:00:00,15995.8134765625,15995.8134765625,15555.157871892248,15555.157871892248,1903450,1d,VCB,VCB.VN
2016-10-28 00:00:00,15995.8134765625,16039.879521772504,15819.5512346944,15995.8134765625,982217,1d,VCB,VCB.VN
2016-10-31 00:00:00,15863.6171875,16061.911966075071,15863.6171875,15995.813383388064,1516064,1d,VCB,VCB.VN
2016-11-01 00:00:00,15819.5517578125,15951.748928328027,15731.420633964146,15775.486680631318,1299086,1d,VCB,VCB.VN
2016-11-02 00:00:00,15599.22265625,15841.58347666325,15599.22265625,15775.485864311768,1144853,1d,VCB,VCB.VN
2016-11-03 00:00:00,15422.9609375,15533.12556743741,15312.797277048561,15489.059521565252,2218315,1d,VCB,VCB.VN
2016-11-04 00:00:00,15422.9609375,15511.092059758344,15378.895861113813,15511.092059758344,1382895,1d,VCB,VCB.VN
2016-11-07 00:00:00,15973.78125,15995.813788291398,15444.99451409062,15467.027052382016,2445248,1d,VCB,VCB.VN
2016-11-08 00:00:00,16039.8798828125,16061.912421170451,15863.617636976931,16039.8798828125,2677117,1d,VCB,VCB.VN
2016-11-09 00:00:00,15863.6171875,15995.813383388064,15422.960615910582,15995.813383388064,4759991,1d,VCB,VCB.VN
2016-11-10 00:00:00,16039.8798828125,16128.011005730285,16017.847344454549,16039.8798828125,2460502,1d,VCB,VCB.VN
2016-11-11 00:00:00,15973.78125,16216.142079663294,15885.650127348437,16083.94491094296,2024476,1d,VCB,VCB.VN
2016-11-14 00:00:00,15775.486328125,15973.781109981366,15753.452820540762,15973.781109981366,1678633,1d,VCB,VCB.VN
2016-11-15 00:00:00,15775.486328125,15973.781109981366,15753.452820540762,15753.452820540762,628264,1d,VCB,VCB.VN
2016-11-16 00:00:00,15775.486328125,15819.55140432154,15687.355206245953,15775.486328125,1025540,1d,VCB,VCB.VN
2016-11-17 00:00:00,15709.3876953125,15775.486278886972,15577.190528163555,15775.486278886972,1662030,1d,VCB,VCB.VN
2016-11-18 00:00:00,15665.3212890625,15709.387333592818,15621.256214018124,15643.28875154031,1415337,1d,VCB,VCB.VN
2016-11-21 00:00:00,15731.419921875,15775.485966547503,15643.288802015935,15665.321339609216,1335606,1d,VCB,VCB.VN
2016-11-22 00:00:00,15863.6171875,15863.6171875,15709.387484392299,15731.420022125985,1742098,1d,VCB,VCB.VN
2016-11-23 00:00:00,15995.8134765625,16061.912059634527,15863.617279904403,15907.682355628449,2113961,1d,VCB,VCB.VN
2016-11-24 00:00:00,15863.6171875,16017.846890607701,15819.551142546678,15907.682262967372,1425971,1d,VCB,VCB.VN
2016-11-25 00:00:00,15775.486328125,15907.682526200588,15731.420282442492,15863.617450004047,1655654,1d,VCB,VCB.VN
2016-11-28 00:00:00,15643.2890625,15731.420183826578,15577.190479133576,15731.420183826578,2393749,1d,VCB,VCB.VN
2016-11-29 00:00:00,15422.9609375,15643.289227888848,15334.829815241654,15555.158105630504,3541780,1d,VCB,VCB.VN
2016-11-30 00:00:00,15511.091796875,15511.091796875,15158.567313816235,15246.698434580927,5279779,1d,VCB,VCB.VN
2016-12-01 00:00:00,15533.125,15643.288656427074,15511.091493125838,15643.288656427074,2089876,1d,VCB,VCB.VN
2016-12-02 00:00:00,15555.158203125,15577.190741456187,15467.02708031428,15511.09215697665,1693120,1d,VCB,VCB.VN
2016-12-05 00:00:00,15378.8955078125,15489.059165733135,15378.8955078125,15467.026628046198,1236344,1d,VCB,VCB.VN
2016-12-06 00:00:00,15048.4033203125,15400.927795525431,14982.304738838593,15400.927795525431,3015098,1d,VCB,VCB.VN
2016-12-07 00:00:00,15158.5673828125,15158.5673828125,15048.403723726698,15048.403723726698,1756155,1d,VCB,VCB.VN
2016-12-08 00:00:00,15422.9609375,15621.256689695756,15070.436448466618,15158.567570724963,1661513,1d,VCB,VCB.VN
2016-12-09 00:00:00,15444.994140625,15489.059216142285,15334.829512859884,15334.829512859884,1530551,1d,VCB,VCB.VN
2016-12-12 00:00:00,15378.8955078125,15422.960583186376,15246.698342718979,15246.698342718979,1255381,1d,VCB,VCB.VN
2016-12-13 00:00:00,15158.5673828125,15378.89567047006,15092.468799566635,15378.89567047006,1747865,1d,VCB,VCB.VN
2016-12-14 00:00:00,15334.830078125,15356.862616695795,15092.46924538829,15092.46924538829,1387153,1d,VCB,VCB.VN
2016-12-15 00:00:00,15422.9609375,15555.158105630504,15202.633616597122,15334.829815241654,1479117,1d,VCB,VCB.VN
2016-12-16 00:00:00,15467.0263671875,15467.0263671875,15290.764129692849,15422.96032307087,2860639,1d,VCB,VCB.VN
2016-12-19 00:00:00,15489.0595703125,15555.158154585777,15422.960986039223,15467.027032050066,2133965,1d,VCB,VCB.VN
2016-12-20 00:00:00,15400.9287109375,15555.158420381864,15356.862664173686,15555.158420381864,1164612,1d,VCB,VCB.VN
2016-12-21 00:00:00,15400.9287109375,15511.09237361805,15290.765048256952,15378.89617229859,934793,1d,VCB,VCB.VN
2016-12-22 00:00:00,15378.8955078125,15467.026628046198,15356.862000639614,15467.026628046198,952839,1d,VCB,VCB.VN
2016-12-23 00:00:00,15687.35546875,15687.35546875,15356.862544315814,15400.9285907357,2631566,1d,VCB,VCB.VN
2016-12-26 00:00:00,15907.6826171875,15951.748663122053,15687.355295972662,15709.387834196952,2266257,1d,VCB,VCB.VN
2016-12-27 00:00:00,15863.6171875,16039.879428341386,15863.6171875,15951.748307920694,1851047,1d,VCB,VCB.VN
2016-12-28 00:00:00,15687.35546875,15907.682792391477,15687.35546875,15907.682792391477,1457781,1d,VCB,VCB.VN
2016-12-29 00:00:00,15621.2568359375,15819.551620503664,15599.223328052165,15819.551620503664,1086820,1d,VCB,VCB.VN
2016-12-30 00:00:00,15621.2568359375,15731.42049742026,15599.223328052165,15621.2568359375,1274801,1d,VCB,VCB.VN
2017-01-03 00:00:00,16414.4375,16524.602134702396,15687.355952291444,15687.355952291444,4548039,1d,VCB,VCB.VN
2017-01-04 00:00:00,16304.2744140625,16568.666816459765,16216.142320615425,16524.601739222217,3018297,1d,VCB,VCB.VN
2017-01-05 00:00:00,16370.37109375,16436.468705826413,16238.17393062531,16260.207437470048,1926791,1d,VCB,VCB.VN
2017-01-06 00:00:00,16700.86328125,16921.190597097157,16348.338800305793,16392.403875680844,5623032,1d,VCB,VCB.VN
2017-01-09 00:00:00,17053.388671875,17163.55330516105,16788.996266549282,16833.0613442749,5360793,1d,VCB,VCB.VN
2017-01-10 00:00:00,16921.19140625,17031.35603892748,16899.1588675089,16921.19140625,3017847,1d,VCB,VCB.VN
2017-01-11 00:00:00,16943.224609375,17075.419831876934,16855.09252206853,16921.1901333195,3375336,1d,VCB,VCB.VN
2017-01-12 00:00:00,16700.86328125,16965.257611444107,16656.798205874948,16921.190597097157,4197308,1d,VCB,VCB.VN
2017-01-13 00:00:00,16502.568359375,16877.12537474484,16502.568359375,16568.665971861956,2623861,1d,VCB,VCB.VN
2017-01-16 00:00:00,16458.50390625,16656.798690175096,16326.306737309285,16524.601521234377,1446179,1d,VCB,VCB.VN
2017-01-17 00:00:00,17163.552734375,17251.682886895407,16524.601372714285,16524.601372714285,5271784,1d,VCB,VCB.VN
2017-01-18 00:00:00,16877.125,17251.682007053063,16877.125,17075.41977202975,2576097,1d,VCB,VCB.VN
2017-01-19 00:00:00,16744.927734375,16965.256981006507,16744.927734375,16921.18996829711,1173850,1d,VCB,VCB.VN
2017-01-20 00:00:00,16744.927734375,16965.256981006507,16744.927734375,16833.059820821967,2047725,1d,VCB,VCB.VN
2017-01-23 00:00:00,16788.99609375,16899.15878693021,16722.896538869893,16899.15878693021,1617331,1d,VCB,VCB.VN
2017-01-24 00:00:00,17009.322265625,17009.322265625,16744.927941977974,16766.960479119916,2025423,1d,VCB,VCB.VN
2017-01-25 00:00:00,17317.783203125,17317.783203125,16921.191682397057,17141.5209513477,3047225,1d,VCB,VCB.VN
2017-02-03 00:00:00,17053.388671875,17405.91317162396,17053.388671875,17405.91317162396,3597968,1d,VCB,VCB.VN
2017-02-06 00:00:00,17053.388671875,17141.520766298243,16921.19149972614,17053.388671875,2903760,1d,VCB,VCB.VN
2017-02-07 00:00:00,17295.75,17295.75,17075.420739508314,17097.453277763092,3440603,1d,VCB,VCB.VN
2017-02-08 00:00:00,17516.076171875,17538.1087086837,17229.649315418228,17361.846475242262,4038862,1d,VCB,VCB.VN
2017-02-09 00:00:00,17494.044921875,17582.175075592393,17405.91282918564,17560.142537163047,2711408,1d,VCB,VCB.VN
2017-02-10 00:00:00,17317.783203125,17472.01291580164,17317.783203125,17472.01291580164,4402230,1d,VCB,VCB.VN
2017-02-13 00:00:00,17119.48828125,17317.78307061062,17053.388725481786,17317.78307061062,3357562,1d,VCB,VCB.VN
2017-02-14 00:00:00,17053.388671875,17229.650921749482,16965.25851642376,17119.48822743543,2986238,1d,VCB,VCB.VN
2017-02-15 00:00:00,17185.5859375,17317.78311036791,17009.32368666679,17119.488320552053,3198709,1d,VCB,VCB.VN
2017-02-16 00:00:00,17009.322265625,17427.944349265636,16965.257191341112,17273.71658927203,3063356,1d,VCB,VCB.VN
2017-02-17 00:00:00,16877.125,17075.41977202975,16877.125,17053.387235023314,2750112,1d,VCB,VCB.VN
2017-02-20 00:00:00,16722.896484375,16965.25828652564,16700.863945810754,16965.25828652564,2979141,1d,VCB,VCB.VN
2017-02-21 00:00:00,16921.19140625,16943.22588396309,16722.89661860813,16744.929157349226,2424952,1d,VCB,VCB.VN
2017-02-22 00:00:00,16700.86328125,16965.257611444107,16656.798205874948,16965.257611444107,1807025,1d,VCB,VCB.VN
2017-02-23 00:00:00,16568.666015625,16833.060344214933,16546.633478071155,16700.863179919965,3500485,1d,VCB,VCB.VN
2017-02-24 00:00:00,16502.568359375,16678.830598312095,16436.468807916164,16656.798060816443,2268196,1d,VCB,VCB.VN
2017-02-27 00:00:00,16833.060546875,16899.158160332314,16392.403973577166,16392.403973577166,2247174,1d,VCB,VCB.VN
2017-02-28 00:00:00,16480.537109375,16833.061614789178,16480.537109375,16833.061614789178,1585544,1d,VCB,VCB.VN
2017-03-01 00:00:00,16392.404296875,16568.666541876068,16392.404296875,16480.53638886151,1819214,1d,VCB,VCB.VN
2017-03-02 00:00:00,16260.2080078125,16612.731526376265,16260.2080078125,16568.666450113033,3068717,1d,VCB,VCB.VN
2017-03-03 00:00:00,16524.6015625,16568.666639266292,16260.208193444298,16392.40439322916,1163552,1d,VCB,VCB.VN
2017-03-06 00:00:00,16436.46875,16744.928151795986,16436.46875,16744.928151795986,1149405,1d,VCB,VCB.VN
2017-03-07 00:00:00,16524.6015625,16524.6015625,16348.339316462865,16524.6015625,1266105,1d,VCB,VCB.VN
2017-03-08 00:00:00,16612.73046875,16833.059713983082,16436.46823594662,16436.46823594662,2009765,1d,VCB,VCB.VN
2017-03-09 00:00:00,16656.798828125,16921.191229224143,16656.798828125,16722.896443656795,2257334,1d,VCB,VCB.VN
2017-03-10 00:00:00,16524.6015625,16833.060977807974,16458.50394735056,16700.863808537135,1410178,1d,VCB,VCB.VN
2017-03-13 00:00:00,16326.306640625,16480.536346980494,16326.306640625,16348.339178822649,1995436,1d,VCB,VCB.VN
2017-03-14 00:00:00,16326.306640625,16480.536346980494,16326.306640625,16326.306640625,1132238,1d,VCB,VCB.VN
2017-03-15 00:00:00,16282.2392578125,16414.43642298702,16282.2392578125,16414.43642298702,1404162,1d,VCB,VCB.VN
2017-03-16 00:00:00,16348.3388671875,16414.436480520486,16282.239314882609,16304.273791632177,1295054,1d,VCB,VCB.VN
2017-03-17 00:00:00,16304.2744140625,16546.63427784099,16282.239936471746,16348.339491300047,6986420,1d,VCB,VCB.VN
2017-03-20 00:00:00,16546.634765625,16700.864479474985,16480.537147820163,16480.537147820163,2440023,1d,VCB,VCB.VN
2017-03-21 00:00:00,16744.927734375,16744.927734375,16568.66550045289,16700.86266063743,2197723,1d,VCB,VCB.VN
2017-03-22 00:00:00,16612.73046875,16899.15732416992,16568.665395292108,16744.927628095487,4480676,1d,VCB,VCB.VN
2017-03-23 00:00:00,16855.09375,16965.258382415865,16568.666869101944,16612.731946479493,3695811,1d,VCB,VCB.VN
2017-03-24 00:00:00,16744.927734375,16987.28951787529,16634.765050031074,16965.256981006507,3180190,1d,VCB,VCB.VN
2017-03-27 00:00:00,16656.798828125,16921.191229224143,16634.766289614403,16744.928982167392,3778335,1d,VCB,VCB.VN
2017-03-28 00:00:00,16480.537109375,16766.962058166497,16458.50457015812,16656.79936208209,4393646,1d,VCB,VCB.VN
2017-03-29 00:00:00,16436.46875,16524.600838643943,16370.37113774595,16414.436212581983,3109090,1d,VCB,VCB.VN
2017-03-30 00:00:00,16392.404296875,16568.666541876068,16392.404296875,16436.46937338228,2479898,1d,VCB,VCB.VN
2017-03-31 00:00:00,16260.2080078125,16480.53629758657,16260.2080078125,16392.404206088166,4277781,1d,VCB,VCB.VN
2017-04-03 00:00:00,16039.8798828125,16326.306759409785,15995.813836610618,16260.208174849951,5026397,1d,VCB,VCB.VN
2017-04-04 00:00:00,16216.1416015625,16348.338766385263,16061.911899097928,16083.94443673974,3633497,1d,VCB,VCB.VN
2017-04-05 00:00:00,16238.1748046875,16436.469590562338,16216.142266142739,16216.142266142739,2750203,1d,VCB,VCB.VN
2017-04-07 00:00:00,16216.1416015625,16260.20764633207,16128.01048150931,16128.01048150931,2019407,1d,VCB,VCB.VN
2017-04-10 00:00:00,16172.076171875,16348.339388171253,16172.076171875,16260.20826476612,3318991,1d,VCB,VCB.VN
2017-04-11 00:00:00,16260.2080078125,16304.274053561701,16172.075916314097,16172.075916314097,2537417,1d,VCB,VCB.VN
2017-04-12 00:00:00,16216.1416015625,16304.27369110164,16150.04301915112,16304.27369110164,2085148,1d,VCB,VCB.VN
2017-04-13 00:00:00,16194.109375,16370.371618492278,16150.043329383947,16150.043329383947,1737502,1d,VCB,VCB.VN
2017-04-14 00:00:00,16017.8466796875,16194.108918207898,15863.61697861067,16172.075411278392,2318051,1d,VCB,VCB.VN
2017-04-17 00:00:00,15643.2890625,16061.912131172736,15643.2890625,16017.847055252427,2662113,1d,VCB,VCB.VN
2017-04-18 00:00:00,15797.5185546875,15797.5185546875,15599.22280725567,15643.28885206917,1203811,1d,VCB,VCB.VN
2017-04-19 00:00:00,15819.5517578125,15907.682881660856,15731.420633964146,15775.486680631318,1287958,1d,VCB,VCB.VN
2017-04-20 00:00:00,15599.22265625,15819.550939212757,15599.22265625,15819.550939212757,2433175,1d,VCB,VCB.VN
2017-04-21 00:00:00,15643.2890625,15819.551305153156,15599.223017093731,15599.223017093731,1164815,1d,VCB,VCB.VN
2017-04-24 00:00:00,15467.0263671875,15753.452260744822,15467.0263671875,15643.28860468215,1014275,1d,VCB,VCB.VN
2017-04-25 00:00:00,15467.0263671875,15555.157485934824,15400.927785755523,15467.0263671875,1478193,1d,VCB,VCB.VN
2017-04-26 00:00:00,15444.994140625,15511.091753900926,15422.960633380406,15467.026678383641,2048468,1d,VCB,VCB.VN
2017-04-27 00:00:00,15356.8623046875,15555.158056253806,15290.764690318034,15511.092010521526,5159520,1d,VCB,VCB.VN
2017-04-28 00:00:00,15467.0263671875,15533.124948619476,15312.796667008197,15334.829204323545,3430983,1d,VCB,VCB.VN
2017-05-03 00:00:00,15643.2890625,15863.617350559425,15444.99428188669,15467.026819846844,2703206,1d,VCB,VCB.VN
2017-05-04 00:00:00,15995.8134765625,16128.010642706555,15599.222947616294,15643.288992826298,5296001,1d,VCB,VCB.VN
2017-05-05 00:00:00,15907.6826171875,15995.81373957063,15819.551494804371,15995.81373957063,1766046,1d,VCB,VCB.VN
2017-05-08 00:00:00,15753.453125,15995.813957222861,15731.420586475917,15907.682833640547,2620301,1d,VCB,VCB.VN
2017-05-09 00:00:00,16061.912109375,16128.01069265172,15709.3876245471,15753.452700407608,3680987,1d,VCB,VCB.VN
2017-05-10 00:00:00,16194.109375,16304.274004297149,16061.912207637808,16061.912207637808,3419447,1d,VCB,VCB.VN
2017-05-11 00:00:00,16216.1416015625,16304.27369110164,16194.109063920689,16216.1416015625,2739885,1d,VCB,VCB.VN
2017-05-12 00:00:00,16061.912109375,16216.141813858696,16017.847033514492,16194.109275928442,2248683,1d,VCB,VCB.VN
2017-05-15 00:00:00,15995.8134765625,16083.944597496551,15929.71586297643,16039.879521772504,2698590,1d,VCB,VCB.VN
2017-05-16 00:00:00,15885.6494140625,16039.87911414912,15863.616876760392,15907.681951364608,2265129,1d,VCB,VCB.VN
2017-05-17 00:00:00,15951.748046875,16017.846628480323,15863.616927896546,15863.616927896546,2817610,1d,VCB,VCB.VN
2017-05-18 00:00:00,16017.8466796875,16105.977798947699,15907.6820534978,15907.6820534978,2525226,1d,VCB,VCB.VN
2017-05-19 00:00:00,16194.109375,16194.109375,15995.813623956712,16039.879669572765,2455231,1d,VCB,VCB.VN
2017-05-22 00:00:00,16524.6015625,16833.060977807974,16194.109608808878,16348.339316462865,7732646,1d,VCB,VCB.VN
2017-05-23 00:00:00,16392.404296875,16612.73161838335,16392.404296875,16524.60146536879,3159710,1d,VCB,VCB.VN
2017-05-24 00:00:00,16634.765625,16766.960850781947,16326.30622023167,16370.37129549232,3798702,1d,VCB,VCB.VN
2017-05-25 00:00:00,16348.3388671875,16678.830811796237,16348.3388671875,16656.798274018576,3813142,1d,VCB,VCB.VN
2017-05-26 00:00:00,16172.076171875,16414.437003610616,16172.076171875,16326.306849691466,3079418,1d,VCB,VCB.VN
2017-05-29 00:00:00,16039.8798828125,16480.536466887403,16039.8798828125,16348.339297767736,3823550,1d,VCB,VCB.VN
2017-05-30 00:00:00,15995.8134765625,16172.0757184306,15951.748400838453,16172.0757184306,3082437,1d,VCB,VCB.VN
2017-05-31 00:00:00,15951.748046875,16172.075359578164,15775.485808918093,16172.075359578164,3331878,1d,VCB,VCB.VN
2017-06-01 00:00:00,15995.8134765625,16150.043180568578,15951.748400838453,16039.879521772504,2642333,1d,VCB,VCB.VN
2017-06-02 00:00:00,15995.8134765625,16083.944597496551,15907.682355628449,15995.8134765625,2452347,1d,VCB,VCB.VN
2017-06-05 00:00:00,16392.404296875,16436.46937338228,16017.847268619222,16039.879806872863,4526073,1d,VCB,VCB.VN
2017-06-06 00:00:00,17031.35546875,17031.35546875,16392.404110761086,16436.469186768067,11152278,1d,VCB,VCB.VN
2017-06-07 00:00:00,16877.125,17119.486785014455,16833.05992598713,17053.387235023314,5774180,1d,VCB,VCB.VN
2017-06-08 00:00:00,16700.86328125,16877.125521722104,16656.798205874948,16833.06044634705,4133392,1d,VCB,VCB.VN
2017-06-09 00:00:00,16921.19140625,17009.32350018638,16700.86407986703,16788.996173803414,4444630,1d,VCB,VCB.VN
2017-06-12 00:00:00,16899.158203125,16943.22521784671,16722.89596115391,16921.190740999897,2188802,1d,VCB,VCB.VN
2017-06-13 00:00:00,16987.291015625,17031.356093247738,16744.92921075595,16766.96174956732,2221988,1d,VCB,VCB.VN
2017-06-14 00:00:00,17273.716796875,17361.84694650196,16987.289932643627,16987.289932643627,6350492,1d,VCB,VCB.VN
2017-06-15 00:00:00,17405.912109375,17449.9791233833,17207.617332739253,17273.71688426576,6751149,1d,VCB,VCB.VN
2017-06-16 00:00:00,17405.912109375,17560.14181097433,17295.749421783967,17560.14181097433,6169068,1d,VCB,VCB.VN
2017-06-19 00:00:00,17494.044921875,17626.242091423057,17361.847752326943,17560.142537163047,3582446,1d,VCB,VCB.VN
2017-06-20 00:00:00,17405.912109375,17538.109273456124,17317.781959302174,17538.109273456124,5134333,1d,VCB,VCB.VN
2017-06-21 00:00:00,17031.35546875,17339.814878742713,16744.92859676078,17317.782340739224,5114734,1d,VCB,VCB.VN
2017-06-22 00:00:00,16788.99609375,17075.421034990526,16788.99609375,17053.388496354484,3053601,1d,VCB,VCB.VN
2017-06-23 00:00:00,16788.99609375,16833.061171022084,16634.766384325725,16766.961616141976,5084228,1d,VCB,VCB.VN
2017-06-26 00:00:00,16965.2578125,17009.32288839727,16811.02810788764,16877.125721733544,3365267,1d,VCB,VCB.VN
2017-06-27 00:00:00,16855.09375,17119.48809220928,16855.09375,17097.453614548518,3219099,1d,VCB,VCB.VN
2017-06-28 00:00:00,16766.9609375,16877.125565193284,16678.830786522896,16855.093027449006,4107687,1d,VCB,VCB.VN
2017-06-29 00:00:00,16833.060546875,16899.158160332314,16700.86338098846,16877.12562251321,2034546,1d,VCB,VCB.VN
2017-06-30 00:00:00,16965.2578125,17009.32288839727,16788.995569939005,16877.125721733544,1924875,1d,VCB,VCB.VN
2017-07-03 00:00:00,17141.51953125,17251.682217626818,16921.190280552644,16965.257294075232,4228712,1d,VCB,VCB.VN
2017-07-04 00:00:00,17053.388671875,17185.585844023863,16965.25851642376,17185.585844023863,1847331,1d,VCB,VCB.VN
2017-07-05 00:00:00,17119.48828125,17185.585898046204,16943.226030821443,17185.585898046204,1800425,1d,VCB,VCB.VN
2017-07-06 00:00:00,17339.814453125,17405.912065513057,17097.452663091695,17097.452663091695,5359193,1d,VCB,VCB.VN
2017-07-07 00:00:00,17053.388671875,17472.012727184392,17053.388671875,17405.91317162396,2624604,1d,VCB,VCB.VN
2017-07-10 00:00:00,16788.99609375,17229.6507444148,16744.929077505934,17141.520589870634,3073740,1d,VCB,VCB.VN
2017-07-11 00:00:00,16877.125,16877.125,16568.66560396624,16744.927838989555,3968299,1d,VCB,VCB.VN
2017-07-12 00:00:00,16744.927734375,16965.256981006507,16678.830123768646,16965.256981006507,2928069,1d,VCB,VCB.VN
2017-07-13 00:00:00,16833.060546875,16965.25771276154,16744.92845662667,16965.25771276154,1053320,1d,VCB,VCB.VN
2017-07-14 00:00:00,16855.09375,16899.158827377552,16766.96165627291,16833.061211311226,870248,1d,VCB,VCB.VN
2017-07-17 00:00:00,16612.73046875,16899.15732416992,16612.73046875,16855.09225071203,3059547,1d,VCB,VCB.VN
2017-07-18 00:00:00,16634.765625,16744.928313151624,16546.633535506808,16568.666073137134,4617337,1d,VCB,VCB.VN
2017-07-19 00:00:00,16568.666015625,16722.895717473813,16524.600940517306,16656.798104812275,4129517,1d,VCB,VCB.VN
2017-07-20 00:00:00,16502.568359375,16568.665971861956,16348.338657933557,16524.600896870652,2446939,1d,VCB,VCB.VN
2017-07-21 00:00:00,16304.2744140625,16612.73189369731,16304.2744140625,16568.666816459765,2385593,1d,VCB,VCB.VN
2017-07-24 00:00:00,16436.46875,16436.46875,16150.042855107968,16304.273525491899,2059665,1d,VCB,VCB.VN
2017-07-25 00:00:00,16436.46875,16458.50322638989,16260.207481169928,16392.403675163965,1088983,1d,VCB,VCB.VN
2017-07-26 00:00:00,16480.537109375,16568.667266242526,16392.40501353544,16502.56964859188,2794607,1d,VCB,VCB.VN
2017-07-27 00:00:00,16458.50390625,16546.634059562504,16458.50390625,16480.536444578127,1490966,1d,VCB,VCB.VN
2017-07-28 00:00:00,16524.6015625,16656.79873177084,16436.469469995453,16458.50394735056,2808529,1d,VCB,VCB.VN
2017-07-31 00:00:00,16634.765625,16700.863237890975,16524.600997876485,16524.600997876485,2473478,1d,VCB,VCB.VN
2017-08-01 00:00:00,16921.19140625,17053.388577668575,16744.929157349226,16744.929157349226,4011014,1d,VCB,VCB.VN
2017-08-02 00:00:00,16788.99609375,16921.19132556625,16656.798922961767,16788.99609375,2125114,1d,VCB,VCB.VN
2017-08-03 00:00:00,16877.125,16921.19007401287,16788.99485197426,16877.125,2032135,1d,VCB,VCB.VN
2017-08-04 00:00:00,16766.9609375,16921.190640681834,16700.86332426717,16877.125565193284,1702334,1d,VCB,VCB.VN
2017-08-07 00:00:00,16766.9609375,16855.093027449006,16744.928399755725,16788.99541421618,1815136,1d,VCB,VCB.VN
2017-08-08 00:00:00,16921.19140625,17163.553210346054,16766.961696090326,16766.961696090326,3702570,1d,VCB,VCB.VN
2017-08-09 00:00:00,16656.798828125,16987.29078372791,16524.601658089443,16921.191229224143,2766220,1d,VCB,VCB.VN
2017-08-10 00:00:00,16612.73046875,16700.862554637595,16502.56778510527,16546.632858563164,2553412,1d,VCB,VCB.VN
2017-08-11 00:00:00,16502.568359375,16546.633434366304,16436.468807916164,16502.568359375,1306994,1d,VCB,VCB.VN
2017-08-14 00:00:00,16590.69921875,16656.798773035152,16502.569064999087,16502.569064999087,1045749,1d,VCB,VCB.VN
2017-08-15 00:00:00,16436.46875,16612.73098831601,16436.46875,16568.665913479977,1051651,1d,VCB,VCB.VN
2017-08-16 00:00:00,16524.6015625,16546.634100883148,16414.436931612305,16436.469469995453,874978,1d,VCB,VCB.VN
2017-08-17 00:00:00,16436.46875,16546.63337606196,16370.37113774595,16524.600838643943,1174593,1d,VCB,VCB.VN
2017-08-18 00:00:00,16524.6015625,16656.79873177084,16370.371854846013,16436.469469995453,2669593,1d,VCB,VCB.VN
2017-08-21 00:00:00,16480.537109375,16568.667266242526,16436.470091969204,16524.602187808763,1255495,1d,VCB,VCB.VN
2017-08-22 00:00:00,16260.2080078125,16524.6013738498,16260.2080078125,16524.6013738498,1898584,1d,VCB,VCB.VN
2017-08-23 00:00:00,16304.2744140625,16348.339491300047,16172.076273891887,16304.2744140625,1243530,1d,VCB,VCB.VN
2017-08-24 00:00:00,16326.306640625,16502.568885178145,16260.208056546076,16370.3717170203,868648,1d,VCB,VCB.VN
2017-08-25 00:00:00,16370.37109375,16480.53571951589,16326.306019032394,16326.306019032394,500682,1d,VCB,VCB.VN
2017-08-28 00:00:00,16502.568359375,16502.568359375,16348.338657933557,16370.371195429208,1497342,1d,VCB,VCB.VN
2017-08-29 00:00:00,16304.2744140625,16524.601739222217,16304.2744140625,16502.569200603444,1557405,1d,VCB,VCB.VN
2017-08-30 00:00:00,16304.2744140625,16436.46964577514,16260.208367338962,16304.2744140625,1571620,1d,VCB,VCB.VN
2017-08-31 00:00:00,16348.3388671875,16502.568570603038,16238.174239327285,16260.2077465909,1571733,1d,VCB,VCB.VN
2017-09-01 00:00:00,16502.568359375,16524.600896870652,16348.338657933557,16480.535821879348,1477315,1d,VCB,VCB.VN
2017-09-05 00:00:00,16811.02734375,16877.124954591465,16370.370787891397,16480.535411599005,3735575,1d,VCB,VCB.VN
2017-09-06 00:00:00,16744.927734375,16811.027283953183,16634.765050031074,16744.927734375,1486213,1d,VCB,VCB.VN
2017-09-07 00:00:00,16612.73046875,16744.927628095487,16612.73046875,16744.927628095487,1257160,1d,VCB,VCB.VN
2017-09-08 00:00:00,16612.73046875,16788.994640525194,16590.697932021056,16744.927628095487,1696973,1d,VCB,VCB.VN
2017-09-11 00:00:00,16612.73046875,17141.51910613195,16612.73046875,16656.797481179707,4186831,1d,VCB,VCB.VN
2017-09-12 00:00:00,16766.9609375,16788.99541421618,16590.69869657389,16612.731234318166,3235026,1d,VCB,VCB.VN
2017-09-13 00:00:00,16766.9609375,16921.190640681834,16700.86332426717,16921.190640681834,1744913,1d,VCB,VCB.VN
2017-09-14 00:00:00,16877.125,16965.257086997575,16700.862764976686,16833.05992598713,5479251,1d,VCB,VCB.VN
2017-09-15 00:00:00,16744.927734375,16921.18996829711,16700.86266063743,16877.12489455954,6531632,1d,VCB,VCB.VN
2017-09-18 00:00:00,16568.666015625,16833.060344214933,16568.666015625,16744.92825502766,6571683,1d,VCB,VCB.VN
2017-09-19 00:00:00,16480.537109375,16656.79936208209,16436.470091969204,16502.56964859188,5602715,1d,VCB,VCB.VN
2017-09-20 00:00:00,16656.798828125,16833.061075181755,16502.569119578842,16502.569119578842,5481076,1d,VCB,VCB.VN
2017-09-21 00:00:00,16678.830078125,16811.027237947765,16634.76500450802,16656.797541316508,3023163,1d,VCB,VCB.VN
2017-09-22 00:00:00,16590.69921875,16700.86384991061,16568.66668031227,16678.83131147288,2371896,1d,VCB,VCB.VN
2017-09-25 00:00:00,16524.6015625,16634.766193387695,16502.569024116852,16590.69917764944,2400890,1d,VCB,VCB.VN
2017-09-26 00:00:00,16590.69921875,16612.73175718773,16436.469510713934,16524.601603436815,1964165,1d,VCB,VCB.VN
2017-09-27 00:00:00,16612.73046875,16744.927628095487,16546.632858563164,16700.862554637595,3102376,1d,VCB,VCB.VN
2017-09-28 00:00:00,16414.4375,16502.569595556324,16348.339882561777,16392.404960853924,3995986,1d,VCB,VCB.VN
2017-09-29 00:00:00,16568.666015625,16634.765567258426,16392.40377622234,16414.43631377619,4781101,1d,VCB,VCB.VN
2017-10-02 00:00:00,16590.69921875,16788.995942633486,16502.569064999087,16656.798773035152,2714990,1d,VCB,VCB.VN
2017-10-03 00:00:00,16568.666015625,16700.863179919965,16524.600940517306,16656.798104812275,3192828,1d,VCB,VCB.VN
2017-10-04 00:00:00,17097.453125,17185.585216203617,16524.601318578243,16524.601318578243,10897249,1d,VCB,VCB.VN
2017-10-05 00:00:00,17053.388671875,17626.242438196063,17053.388671875,17273.717938447102,12779276,1d,VCB,VCB.VN
2017-10-06 00:00:00,17207.6171875,17251.682262164486,17031.354949870187,17053.387487202428,5233414,1d,VCB,VCB.VN
2017-10-09 00:00:00,17361.84765625,17472.01228675908,17251.68302574092,17339.815117942573,5633237,1d,VCB,VCB.VN
2017-10-10 00:00:00,17472.01171875,17582.174406705773,17273.716941457715,17361.847091822336,6270672,1d,VCB,VCB.VN
2017-10-11 00:00:00,17339.814453125,17582.174304186425,17207.617289377005,17538.109229261052,7041366,1d,VCB,VCB.VN
2017-10-12 00:00:00,17207.6171875,17383.879425129813,17207.6171875,17339.814350465327,3981953,1d,VCB,VCB.VN
2017-10-13 00:00:00,17339.814453125,17361.846990587685,17185.584751914317,17185.584751914317,4019621,1d,VCB,VCB.VN
2017-10-16 00:00:00,17207.6171875,17405.911962462058,17163.552112835514,17383.879425129813,3475073,1d,VCB,VCB.VN
2017-10-17 00:00:00,18066.896484375,18066.896484375,17185.585264710924,17207.617802831035,6900111,1d,VCB,VCB.VN
2017-10-18 00:00:00,17934.701171875,18243.16058205949,17868.60161885151,18022.831323943752,6878843,1d,VCB,VCB.VN
2017-10-19 00:00:00,17846.568359375,18022.830595358915,17758.438210868968,17934.700446852883,3338976,1d,VCB,VCB.VN
2017-10-20 00:00:00,17978.765625,18199.092936510136,17824.535925251344,17868.600999759,4668907,1d,VCB,VCB.VN
2017-10-23 00:00:00,17582.173828125,18221.12515312993,17538.10875439275,18000.797845496854,8040437,1d,VCB,VCB.VN
2017-10-24 00:00:00,17626.2421875,17758.439357768635,17405.912924061617,17560.142632879695,3158698,1d,VCB,VCB.VN
2017-10-25 00:00:00,17956.734375,17978.76691383326,17626.24241455708,17626.24241455708,3120555,1d,VCB,VCB.VN
2017-10-26 00:00:00,17890.634765625,18177.061647538412,17714.372516517975,17956.73432089763,4330138,1d,VCB,VCB.VN
2017-10-27 00:00:00,18507.552734375,18507.552734375,17824.536308917246,17890.633922101453,5287755,1d,VCB,VCB.VN
2017-10-30 00:00:00,18463.48828125,18926.177406050578,18287.22603451244,18639.75052798756,9060504,1d,VCB,VCB.VN
2017-10-31 00:00:00,18243.16015625,18551.61762026292,18243.16015625,18463.487470251195,4938150,1d,VCB,VCB.VN
2017-11-01 00:00:00,18331.291015625,18441.455646374565,18221.126384875435,18331.291015625,4841704,1d,VCB,VCB.VN
2017-11-02 00:00:00,18110.962890625,18904.143931138755,18110.962890625,18331.29020338976,5634521,1d,VCB,VCB.VN
2017-11-03 00:00:00,18463.48828125,18463.48828125,17978.76661797872,18243.160957571043,3153718,1d,VCB,VCB.VN
2017-11-06 00:00:00,18727.8828125,18904.145061041396,18419.423392809564,18507.553547594267,5604669,1d,VCB,VCB.VN
2017-11-07 00:00:00,18705.84765625,18882.109898397226,18507.55287620586,18727.88213311883,3859079,1d,VCB,VCB.VN
2017-11-08 00:00:00,19212.603515625,19388.865755312214,18595.684707233813,18705.847395180892,6073116,1d,VCB,VCB.VN
2017-11-09 00:00:00,18992.275390625,19388.866907722233,18992.275390625,19300.734813154402,4616189,1d,VCB,VCB.VN
2017-11-10 00:00:00,18992.275390625,19234.63719645753,18860.078218259256,18948.210312827086,4927923,1d,VCB,VCB.VN
2017-11-13 00:00:00,19124.47265625,19256.669829260394,18948.21040522681,19168.537734262794,4740819,1d,VCB,VCB.VN
2017-11-14 00:00:00,19300.734375,19565.128713729355,19102.439590438964,19168.537205635323,6777237,1d,VCB,VCB.VN
2017-11-15 00:00:00,19212.603515625,19476.995905669875,19212.603515625,19300.73366598266,2937891,1d,VCB,VCB.VN
2017-11-16 00:00:00,19697.32421875,19763.423773839906,19212.60448927463,19278.702105392545,4679405,1d,VCB,VCB.VN
2017-11-17 00:00:00,19565.12890625,19895.62086342775,19543.096367634414,19741.39115414667,5437978,1d,VCB,VCB.VN
2017-11-20 00:00:00,19829.521484375,19829.521484375,19543.096540861574,19565.12907967245,4016918,1d,VCB,VCB.VN
2017-11-21 00:00:00,20578.63671875,21019.293295180025,19917.652823590925,19961.71789954235,8899558,1d,VCB,VCB.VN
2017-11-22 00:00:00,21151.48828125,21195.555295669616,20578.636483514012,20578.636483514012,7696037,1d,VCB,VCB.VN
2017-11-23 00:00:00,21107.423828125,21548.080412509986,20644.734705366558,21459.948320044205,6413844,1d,VCB,VCB.VN
2017-11-24 00:00:00,20887.095703125,21019.292867259872,20710.8334639358,20931.16077817933,3704778,1d,VCB,VCB.VN
2017-11-27 00:00:00,21107.423828125,21239.620997337694,20622.702166993105,20931.161582165398,5053159,1d,VCB,VCB.VN
2017-11-28 00:00:00,21239.62109375,21327.753186615835,20931.161677177526,21195.556016803068,3858089,1d,VCB,VCB.VN
2017-11-29 00:00:00,21592.14453125,21592.14453125,21151.4879664162,21151.4879664162,3244487,1d,VCB,VCB.VN
2017-11-30 00:00:00,21371.818359375,22032.802272430148,21371.818359375,21504.015529780427,4499510,1d,VCB,VCB.VN
2017-12-01 00:00:00,21283.685546875,21548.079878751178,21151.488380936913,21415.88271281309,5268538,1d,VCB,VCB.VN
2017-12-04 00:00:00,21768.408203125,21768.408203125,21283.686531574087,21371.818625934255,4369947,1d,VCB,VCB.VN
2017-12-05 00:00:00,21195.5546875,22032.800791842754,21195.5546875,21592.144233093783,4450712,1d,VCB,VCB.VN
2017-12-06 00:00:00,21151.48828125,21283.685446565043,20754.89872427677,21151.48828125,4735660,1d,VCB,VCB.VN
2017-12-07 00:00:00,20975.2265625,21151.488807649417,20578.6369956568,21151.488807649417,6166386,1d,VCB,VCB.VN
2017-12-08 00:00:00,20732.8671875,20975.227053135048,20490.50538289296,20975.227053135048,3793972,1d,VCB,VCB.VN
2017-12-11 00:00:00,19653.2578125,20666.766158279173,19653.2578125,20270.17661044275,3261971,1d,VCB,VCB.VN
2017-12-12 00:00:00,19697.32421875,20005.78363857759,18331.2913072038,19961.718561165646,5497704,1d,VCB,VCB.VN
2017-12-13 00:00:00,19388.865234375,19873.586865234374,19256.668073418474,19829.51985226764,2652606,1d,VCB,VCB.VN
2017-12-14 00:00:00,19961.71875,20049.850844629593,19344.799904508873,19388.866921309673,4881669,1d,VCB,VCB.VN
2017-12-15 00:00:00,20270.177734375,20490.505057726088,19917.653241424472,19961.718318300296,5799502,1d,VCB,VCB.VN
2017-12-18 00:00:00,21063.357421875,21239.619656709063,20534.570717372804,20710.83295220687,5293026,1d,VCB,VCB.VN
2017-12-19 00:00:00,21041.326171875,21349.785586444348,20865.06392625994,21107.423786866166,4412256,1d,VCB,VCB.VN
2017-12-20 00:00:00,21592.14453125,21746.374231993235,20887.095578693417,21041.325279436653,5981671,1d,VCB,VCB.VN
2017-12-21 00:00:00,21371.818359375,21680.27777733033,21371.818359375,21592.14568406939,3485685,1d,VCB,VCB.VN
2017-12-22 00:00:00,22385.326171875,22385.326171875,21173.523009842967,21239.62062380089,10583960,1d,VCB,VCB.VN
2017-12-25 00:00:00,22649.720703125,22781.917871165344,22385.32636704431,22473.45845872852,3360739,1d,VCB,VCB.VN
2017-12-26 00:00:00,22649.720703125,22781.917871165344,22253.129199003964,22693.785779481135,3833464,1d,VCB,VCB.VN
2017-12-27 00:00:00,23134.44140625,23266.638568840568,22517.522606808587,22649.719769399155,4988728,1d,VCB,VCB.VN
2017-12-28 00:00:00,23839.490234375,24192.014706854938,23134.441289415125,23134.441289415125,5230937,1d,VCB,VCB.VN
2017-12-29 00:00:00,23927.623046875,24236.08051541086,23751.358866323208,23795.42588094711,6992029,1d,VCB,VCB.VN
2018-01-02 00:00:00,24236.080078125,24412.3442554965,23619.16321321225,23795.425451611878,6311990,1d,VCB,VCB.VN
2018-01-03 00:00:00,24192.015625,24544.54011085909,24015.753382070456,24456.40995888028,4154051,1d,VCB,VCB.VN
2018-01-04 00:00:00,24412.345703125,24412.345703125,23927.624034039534,24059.819266449398,4708649,1d,VCB,VCB.VN
2018-01-05 00:00:00,23795.42578125,24280.147428306787,23751.358766810725,24280.147428306787,4607628,1d,VCB,VCB.VN
2018-01-08 00:00:00,24412.345703125,24456.410780594953,23354.770271042173,23795.426862657685,4666068,1d,VCB,VCB.VN
2018-01-09 00:00:00,25778.376953125,25778.376953125,24015.75263936792,24676.736514655342,8112980,1d,VCB,VCB.VN
2018-01-10 00:00:00,25558.05078125,26086.837517276508,25249.591367158213,25690.246011027662,6404608,1d,VCB,VCB.VN
2018-01-11 00:00:00,25910.57421875,25910.57421875,25205.523327067498,25337.72049044371,3979159,1d,VCB,VCB.VN
2018-01-12 00:00:00,25558.05078125,26174.967670461618,25558.05078125,25910.57527193434,5690460,1d,VCB,VCB.VN
2018-01-15 00:00:00,26439.361328125,26439.361328125,25117.393552564536,25558.050124075326,4995621,1d,VCB,VCB.VN
2018-01-16 00:00:00,26439.361328125,26571.55849347543,25910.574605695198,26130.90192196464,4997785,1d,VCB,VCB.VN
2018-01-17 00:00:00,24764.869140625,26395.29632693332,24764.869140625,26351.23125134983,7394509,1d,VCB,VCB.VN
2018-01-18 00:00:00,25778.376953125,25778.376953125,24632.67144002868,24676.736514655342,6614974,1d,VCB,VCB.VN
2018-01-19 00:00:00,26880.017578125,27056.27981682667,25690.24504317388,25822.442206943102,6980087,1d,VCB,VCB.VN
2018-01-22 00:00:00,27893.52734375,27937.5924209073,27188.478353345316,27320.67552378919,5243530,1d,VCB,VCB.VN
2018-01-25 00:00:00,29832.4140625,29832.4140625,28113.8547214381,28862.970729382414,11967600,1d,VCB,VCB.VN
2018-01-26 00:00:00,30449.33203125,30845.92159304443,29303.62648287817,30581.529198172117,6010282,1d,VCB,VCB.VN
2018-01-29 00:00:00,29964.609375,31506.90443351469,29876.47728701283,30845.920560012415,5139672,1d,VCB,VCB.VN
2018-01-30 00:00:00,29523.953125,29876.477602730243,29171.42864726976,29303.62581116157,6349840,1d,VCB,VCB.VN
2018-01-31 00:00:00,29347.69140625,30361.19978242934,29171.429164261066,29523.95364823893,4362285,1d,VCB,VCB.VN
2018-02-01 00:00:00,29347.69140625,29876.478132216795,28995.166922272136,29259.559315769573,4881602,1d,VCB,VCB.VN
2018-02-02 00:00:00,29700.216796875,29744.28187397441,29347.692302135754,29744.28187397441,3723275,1d,VCB,VCB.VN
2018-02-05 00:00:00,27629.1328125,29523.95438487241,27629.1328125,29083.29779941958,7094942,1d,VCB,VCB.VN
2018-02-06 00:00:00,27320.673828125,27761.328450292604,25734.311759200427,25734.311759200427,15150090,1d,VCB,VCB.VN
2018-02-07 00:00:00,27981.658203125,28730.772237653186,27673.19879868214,28642.64208722488,3685246,1d,VCB,VCB.VN
2018-02-08 00:00:00,27717.263671875,27981.65799917663,27100.344867485783,27585.066508224187,1926588,1d,VCB,VCB.VN
2018-02-09 00:00:00,26835.953125,27452.870005264293,25778.377729313353,25778.377729313353,5426805,1d,VCB,VCB.VN
2018-02-12 00:00:00,27981.658203125,27981.658203125,26747.82058535356,27320.674319025125,4163017,1d,VCB,VCB.VN
2018-02-13 00:00:00,28201.986328125,28598.57589438617,28025.724083234265,28334.18349653604,3441932,1d,VCB,VCB.VN
2018-02-21 00:00:00,29171.4296875,29920.54568361856,28422.313691381438,28642.642952048518,4804103,1d,VCB,VCB.VN
2018-02-22 00:00:00,29435.82421875,29700.216618732615,28818.905387170624,28907.03554084084,5299042,1d,VCB,VCB.VN
2018-02-23 00:00:00,31462.83984375,31462.83984375,29391.756103347143,29523.95326787871,10871971,1d,VCB,VCB.VN
2018-02-26 00:00:00,31683.16796875,32740.74337307141,31462.840648211844,32740.74337307141,8041361,1d,VCB,VCB.VN
2018-02-27 00:00:00,32256.021484375,32388.218651334475,31595.037588549556,32123.824317415525,5068502,1d,VCB,VCB.VN
2018-02-28 00:00:00,32520.416015625,33049.2027476996,31727.23494802713,31771.30002429036,7829543,1d,VCB,VCB.VN
2018-03-01 00:00:00,31506.90625,32872.93915026887,31286.578925787206,31991.627914445722,8145737,1d,VCB,VCB.VN
2018-03-02 00:00:00,31639.103515625,31727.235608959345,30845.92243150382,30845.92243150382,5689041,1d,VCB,VCB.VN
2018-03-05 00:00:00,29964.609375,31947.56099550683,29964.609375,31727.23368399669,6747003,1d,VCB,VCB.VN
2018-03-06 00:00:00,31374.7109375,31506.906168301706,29832.41385509375,30405.267611122348,6992816,1d,VCB,VCB.VN
2018-03-07 00:00:00,30669.66015625,31683.168564338423,30184.93849077658,31506.906316800087,5131246,1d,VCB,VCB.VN
2018-03-08 00:00:00,30625.59375,31022.183305006824,30317.13434545163,30669.658825229228,3501589,1d,VCB,VCB.VN
2018-03-09 00:00:00,31286.578125,31506.905443573465,30669.659306227994,31066.250806426535,7291551,1d,VCB,VCB.VN
2018-03-12 00:00:00,31727.234375,32344.1512484589,31506.90511971934,31727.234375,6531468,1d,VCB,VCB.VN
2018-03-13 00:00:00,31727.234375,31991.626766776128,31110.315562569198,31727.234375,4833526,1d,VCB,VCB.VN
2018-03-14 00:00:00,32520.416015625,32740.7433359131,31991.62734457846,31991.62734457846,9132034,1d,VCB,VCB.VN
2018-03-15 00:00:00,32520.416015625,32828.87348843957,32079.759436076863,32167.889588603328,4758099,1d,VCB,VCB.VN
2018-03-16 00:00:00,32917.0078125,33181.39827243752,32652.61347461857,32828.87378124358,12001305,1d,VCB,VCB.VN
2018-03-19 00:00:00,32740.7421875,33710.185465118586,32167.888460283626,33313.595914716374,6316249,1d,VCB,VCB.VN
2018-03-20 00:00:00,32608.548828125,33005.13840120689,32300.087470546227,32300.087470546227,4136412,1d,VCB,VCB.VN
2018-03-21 00:00:00,32388.21875,33137.3328000992,32388.21875,32828.87338924473,7225790,1d,VCB,VCB.VN
2018-03-22 00:00:00,31727.234375,32608.547518178835,31727.234375,32608.547518178835,8721827,1d,VCB,VCB.VN
2018-03-23 00:00:00,30801.857421875,31154.381918041552,30184.93858409755,30184.93858409755,10281621,1d,VCB,VCB.VN
2018-03-26 00:00:00,31683.16796875,31683.16796875,30669.65957971377,30845.921823938683,4104509,1d,VCB,VCB.VN
2018-03-27 00:00:00,31286.578125,32123.82426234547,31110.315882346844,32079.759186425163,5232018,1d,VCB,VCB.VN
2018-03-28 00:00:00,31066.25,31418.774476155384,30757.790598621075,30801.855673397527,3702186,1d,VCB,VCB.VN
2018-03-29 00:00:00,31286.578125,31550.972458465694,30889.98856377338,31198.446034187462,3508618,1d,VCB,VCB.VN
2018-03-30 00:00:00,31066.25,31462.839550931836,30934.052836698764,31286.577312854148,2884023,1d,VCB,VCB.VN
2018-04-02 00:00:00,32608.548828125,32608.548828125,31198.446966803684,31286.57906025076,6883957,1d,VCB,VCB.VN
2018-04-03 00:00:00,32740.7421875,33181.396812619816,32388.217711815403,32608.54696334718,7884694,1d,VCB,VCB.VN
2018-04-04 00:00:00,32388.21875,32961.072495578854,32388.21875,32828.87338924473,7413467,1d,VCB,VCB.VN
2018-04-05 00:00:00,32388.21875,32608.548008594298,31991.627247913424,32520.415917362192,3973458,1d,VCB,VCB.VN
2018-04-06 00:00:00,32388.21875,32961.072495578854,32344.15173489798,32432.283826130086,5284150,1d,VCB,VCB.VN
2018-04-09 00:00:00,32520.416015625,32740.7433359131,32388.218847863365,32388.218847863365,6243726,1d,VCB,VCB.VN
2018-04-10 00:00:00,32828.875,33181.39950428124,32432.28541742661,32828.875,12451343,1d,VCB,VCB.VN
2018-04-11 00:00:00,31374.7109375,32961.07309684015,30845.922258405302,32917.00801990625,10055769,1d,VCB,VCB.VN
2018-04-12 00:00:00,31242.513671875,31506.90607163923,30845.922163770712,31242.513671875,7482868,1d,VCB,VCB.VN
2018-04-13 00:00:00,29920.544921875,31462.840012419703,29744.280742240044,31418.774936996913,11587154,1d,VCB,VCB.VN
2018-04-16 00:00:00,29039.232421875,29788.34841549079,28686.707932751786,29612.08617092918,9896737,1d,VCB,VCB.VN
2018-04-17 00:00:00,29523.953125,29523.953125,28862.969244512828,29083.29655835126,5661376,1d,VCB,VCB.VN
2018-04-18 00:00:00,28554.509765625,29876.47752307477,28554.509765625,29876.47752307477,5055616,1d,VCB,VCB.VN
2018-04-19 00:00:00,26880.017578125,28422.31265150758,26880.017578125,28378.247576575133,11164961,1d,VCB,VCB.VN
2018-04-20 00:00:00,28201.986328125,28201.986328125,26747.821353547468,26968.148674917902,6817992,1d,VCB,VCB.VN
2018-04-23 00:00:00,26263.099609375,28554.51072442491,26263.099609375,28422.313556446654,8058078,1d,VCB,VCB.VN
2018-04-24 00:00:00,26439.361328125,26747.820734285364,25558.050124075326,25998.704756614214,10751778,1d,VCB,VCB.VN
2018-04-26 00:00:00,25646.1796875,27012.214446199196,25558.04953859984,26439.360722460726,10673580,1d,VCB,VCB.VN
2018-04-27 00:00:00,26439.361328125,26527.49341801592,25602.115199534834,25646.18027499434,7197538,1d,VCB,VCB.VN
2018-05-02 00:00:00,25646.1796875,26880.0172838771,25469.917450727822,26703.75504710492,7920967,1d,VCB,VCB.VN
2018-05-03 00:00:00,26263.099609375,26307.16468571044,25073.32897551461,25646.180784791115,7776758,1d,VCB,VCB.VN
2018-05-04 00:00:00,25998.705078125,26747.82106506003,25954.640002120566,26527.493746065928,7568050,1d,VCB,VCB.VN
2018-05-07 00:00:00,27364.740234375,27364.740234375,26130.902578723017,26351.231839501987,7910399,1d,VCB,VCB.VN
2018-05-08 00:00:00,26880.017578125,27408.80429423001,26880.017578125,27012.214741894222,6639653,1d,VCB,VCB.VN
2018-05-09 00:00:00,26219.03515625,26880.019072880506,26219.03515625,26747.82190176001,23332554,1d,VCB,VCB.VN
2018-05-10 00:00:00,24897.06640625,26527.493599100617,24500.474907491465,26395.296432847772,9989308,1d,VCB,VCB.VN
2018-05-11 00:00:00,25513.982421875,25558.049435118515,24015.752445891707,24897.06556515613,9190385,1d,VCB,VCB.VN
2018-05-14 00:00:00,25690.24609375,25778.378186190846,25073.329202551915,25646.181017015555,3429316,1d,VCB,VCB.VN
2018-05-15 00:00:00,25866.509765625,26351.23141700634,25646.180508378624,25690.24558423913,5629791,1d,VCB,VCB.VN
2018-05-16 00:00:00,25117.39453125,25954.640692463003,25117.39453125,25778.378444785107,5337025,1d,VCB,VCB.VN
2018-05-17 00:00:00,25029.26171875,25293.656052155893,24764.869324316027,25117.393809542606,4685533,1d,VCB,VCB.VN
2018-05-18 00:00:00,24897.06640625,25161.458799783773,24147.950423465158,25073.328648263156,5492227,1d,VCB,VCB.VN
2018-05-21 00:00:00,24544.541015625,25293.657029918573,24544.541015625,24897.067453450916,4135466,1d,VCB,VCB.VN
2018-05-22 00:00:00,23531.03125,24456.409460761293,22914.112442825804,24192.0151322661,7987089,1d,VCB,VCB.VN
2018-05-23 00:00:00,24015.75390625,24015.75390625,22914.113409666465,23354.769996094274,4607897,1d,VCB,VCB.VN
2018-05-24 00:00:00,23486.966796875,24147.950696644853,23354.769629126644,24015.753528896494,3181497,1d,VCB,VCB.VN
2018-05-25 00:00:00,22032.80078125,23663.2279149683,22032.80078125,23531.030753509982,6124753,1d,VCB,VCB.VN
2018-05-28 00:00:00,20622.701171875,21856.53877302716,20622.701171875,21592.144447359737,10316857,1d,VCB,VCB.VN
2018-05-29 00:00:00,22032.80078125,22032.80078125,20622.700957314333,20931.16035439313,5880853,1d,VCB,VCB.VN
2018-05-30 00:00:00,22914.11328125,23266.63971179978,22253.129374798595,22473.458636263702,9986988,1d,VCB,VCB.VN
2018-05-31 00:00:00,23839.490234375,24015.752470614967,22649.71965501225,22693.78472932928,8417730,1d,VCB,VCB.VN
2018-06-01 00:00:00,25117.39453125,25337.721856104377,23751.359688031327,23839.491781356264,15591525,1d,VCB,VCB.VN
2018-06-04 00:00:00,26130.90234375,26263.099511234253,24676.737379367074,24897.066638164808,8645227,1d,VCB,VCB.VN
2018-06-05 00:00:00,25822.443359375,26263.099945281214,25425.853789339788,25822.443359375,7958545,1d,VCB,VCB.VN
2018-06-06 00:00:00,26042.771484375,26307.163873193604,25381.78760387067,25602.114917714818,4918662,1d,VCB,VCB.VN
2018-06-07 00:00:00,25866.509765625,26130.902159759964,25734.312599071556,25998.70499320652,5719164,1d,VCB,VCB.VN
2018-06-08 00:00:00,26307.1640625,26615.623467484613,25690.245252530774,25690.245252530774,6068587,1d,VCB,VCB.VN
2018-06-11 00:00:00,25998.705078125,26571.558822070365,25778.377759130897,26174.96732111467,5526698,1d,VCB,VCB.VN
2018-06-12 00:00:00,25558.05078125,25998.70542511945,24897.066876473877,25778.378103184725,6813893,1d,VCB,VCB.VN
2018-06-13 00:00:00,26395.296875,26395.296875,25381.788481703927,25381.788481703927,4629367,1d,VCB,VCB.VN
2018-06-14 00:00:00,25602.115234375,26395.296288585047,25558.050158855527,26395.296288585047,6453067,1d,VCB,VCB.VN
2018-06-15 00:00:00,25998.705078125,25998.705078125,25293.65610616633,25337.721182170768,5762171,1d,VCB,VCB.VN
2018-06-18 00:00:00,24897.06640625,25998.704934089237,24676.73714950462,25954.639858328926,5546321,1d,VCB,VCB.VN
2018-06-19 00:00:00,24897.06640625,24897.06640625,23795.425939438846,24015.753257212313,12389051,1d,VCB,VCB.VN
2018-06-20 00:00:00,25602.115234375,25866.509565435652,24764.86910464548,25117.39358674508,6234761,1d,VCB,VCB.VN
2018-06-21 00:00:00,25117.39453125,25646.181274283692,24853.000190247167,25558.05111993073,3894606,1d,VCB,VCB.VN
2018-06-22 00:00:00,25866.509765625,25866.509765625,24456.409887341484,24720.802281476448,5698999,1d,VCB,VCB.VN
2018-06-25 00:00:00,26174.966796875,26527.493214765764,25954.639482293675,26439.361125550102,5442124,1d,VCB,VCB.VN
2018-06-26 00:00:00,26130.90234375,26174.967419920773,25558.050536614144,25778.377856439944,3033368,1d,VCB,VCB.VN
2018-06-27 00:00:00,25558.05078125,26659.689329895573,25558.05078125,25998.70542511945,5862649,1d,VCB,VCB.VN
2018-06-28 00:00:00,25513.982421875,25866.508832963875,25117.392875486305,25117.392875486305,4764135,1d,VCB,VCB.VN
2018-06-29 00:00:00,25558.05078125,25866.510195341783,25029.26210625154,25513.983765685494,3243091,1d,VCB,VCB.VN
2018-07-02 00:00:00,25602.115234375,25734.312399905324,24412.344622545887,25337.72090331435,6412694,1d,VCB,VCB.VN
2018-07-03 00:00:00,24676.736328125,25690.2446707084,24676.736328125,25690.2446707084,8234908,1d,VCB,VCB.VN
2018-07-04 00:00:00,24500.474609375,24897.066103307898,24103.885054413997,24764.868938663596,6095239,1d,VCB,VCB.VN
2018-07-05 00:00:00,22914.11328125,24500.47543232216,22914.11328125,24412.345278913683,6524102,1d,VCB,VCB.VN
2018-07-06 00:00:00,24236.080078125,24412.3442554965,22253.128441900313,22517.522768985687,7757744,1d,VCB,VCB.VN
2018-07-09 00:00:00,23795.42578125,24852.999226298318,23795.42578125,24236.080413867516,3231264,1d,VCB,VCB.VN
2018-07-10 00:00:00,23398.833984375,24456.409354801854,23398.833984375,24456.409354801854,3065046,1d,VCB,VCB.VN
2018-07-11 00:00:00,22561.587890625,23134.441620840524,22076.866249277973,22870.047293206917,7462029,1d,VCB,VCB.VN
2018-07-12 00:00:00,23090.375,23619.163664269065,22253.128866869865,22561.588274702848,3205625,1d,VCB,VCB.VN
2018-07-13 00:00:00,24147.951171875,24192.016249001004,22914.11350057106,23486.967259097026,3851127,1d,VCB,VCB.VN
2018-07-16 00:00:00,24192.015625,24456.40995888028,23927.62323009165,24236.080700989405,2933565,1d,VCB,VCB.VN
2018-07-17 00:00:00,24588.607421875,24588.607421875,23795.42634965594,23795.42634965594,3592876,1d,VCB,VCB.VN
2018-07-18 00:00:00,25337.720703125,25337.720703125,24588.606669324967,24588.606669324967,5677890,1d,VCB,VCB.VN
2018-07-19 00:00:00,25029.26171875,25469.91829476918,24985.19664283966,25425.85321885884,3838940,1d,VCB,VCB.VN
2018-07-20 00:00:00,25029.26171875,25205.523961363288,24280.147672386505,24897.066491018973,4967415,1d,VCB,VCB.VN
2018-07-23 00:00:00,24941.130859375,25734.311898119024,24897.065784714738,25029.26100869552,5898630,1d,VCB,VCB.VN
2018-07-24 00:00:00,25117.39453125,25293.656778927896,24676.73794256927,25117.39453125,3972445,1d,VCB,VCB.VN
2018-07-25 00:00:00,24368.27734375,25293.655553453485,24368.27734375,25249.590478411952,2833920,1d,VCB,VCB.VN
2018-07-26 00:00:00,24985.197265625,24985.197265625,24015.753937601443,24412.34544759579,4748861,1d,VCB,VCB.VN
2018-07-27 00:00:00,24897.06640625,25249.59089027631,24764.869239997155,24985.19655777062,2206217,1d,VCB,VCB.VN
2018-07-30 00:00:00,25249.591796875,25293.65687421749,24897.06730019113,25117.394625875553,2903512,1d,VCB,VCB.VN
2018-07-31 00:00:00,25778.376953125,26130.90142808204,25029.260989612387,25161.45815246424,7971160,1d,VCB,VCB.VN
2018-08-01 00:00:00,25822.443359375,26086.837698713123,25734.31320557694,26042.77262181409,4397748,1d,VCB,VCB.VN
2018-08-02 00:00:00,25998.705078125,25998.705078125,25425.853273151562,25646.180592145665,4179891,1d,VCB,VCB.VN
2018-08-03 00:00:00,25778.376953125,26307.16366556056,25602.11471564648,26219.033516307234,4326082,1d,VCB,VCB.VN
2018-08-06 00:00:00,25998.705078125,26263.099412095464,25646.180592145665,25646.180592145665,4240878,1d,VCB,VCB.VN
2018-08-07 00:00:00,27100.345703125,27276.607947103843,25822.442980049447,25910.57507152484,13424099,1d,VCB,VCB.VN
2018-08-08 00:00:00,27364.740234375,27496.937403047992,26880.018575222,27144.41097359603,4941755,1d,VCB,VCB.VN
2018-08-09 00:00:00,27012.21484375,27629.13171204613,27012.21484375,27364.739322482616,6026143,1d,VCB,VCB.VN
2018-08-10 00:00:00,27981.658203125,27981.658203125,26880.017749967912,26880.017749967912,9348695,1d,VCB,VCB.VN
2018-08-13 00:00:00,28113.853515625,28113.853515625,27408.804554132726,27761.329034878865,5400805,1d,VCB,VCB.VN
2018-08-14 00:00:00,27673.19921875,28113.85385552428,27629.132203895035,28113.85385552428,2871993,1d,VCB,VCB.VN
2018-08-15 00:00:00,26703.755859375,27937.591554310835,26659.68884461264,27849.461402729947,7294976,1d,VCB,VCB.VN
2018-08-16 00:00:00,26703.755859375,26880.018101508693,25954.63987607788,26439.361526688506,7944441,1d,VCB,VCB.VN
2018-08-17 00:00:00,27320.673828125,27717.263375870214,26791.885179168905,26924.082341407928,6379691,1d,VCB,VCB.VN
2018-08-20 00:00:00,27056.28125,27541.002916848305,27056.28125,27320.675591543433,3608625,1d,VCB,VCB.VN
2018-08-21 00:00:00,27629.1328125,27629.1328125,26880.01875009935,26880.01875009935,3885370,1d,VCB,VCB.VN
2018-08-22 00:00:00,27276.607421875,27761.32906822617,27276.607421875,27673.19891741972,4038681,1d,VCB,VCB.VN
2018-08-23 00:00:00,27585.06640625,27673.198494682038,27144.409842033558,27320.674018897633,2931629,1d,VCB,VCB.VN
2018-08-24 00:00:00,27320.673828125,27585.06621363119,27232.541740308363,27585.06621363119,4008761,1d,VCB,VCB.VN
2018-08-27 00:00:00,27805.396484375,27981.658727506696,27496.93707415155,27541.002150191493,4068509,1d,VCB,VCB.VN
2018-08-28 00:00:00,28201.986328125,28334.18349653604,27717.26466993249,27981.659006754566,5831222,1d,VCB,VCB.VN
2018-08-29 00:00:00,27805.396484375,28246.051122718276,27805.396484375,28157.92097063839,2518581,1d,VCB,VCB.VN
2018-08-30 00:00:00,28113.853515625,28290.115755998067,27496.936643805213,27805.396049201056,3337037,1d,VCB,VCB.VN
2018-08-31 00:00:00,27541.001953125,28201.985844882245,27320.67463552989,28113.85375446105,4391800,1d,VCB,VCB.VN
2018-09-04 00:00:00,26880.017578125,27585.06653293168,26835.95250319255,27541.00145799923,4619073,1d,VCB,VCB.VN
2018-09-05 00:00:00,26703.755859375,27232.542585776075,26571.558693031755,26880.018101508693,3979023,1d,VCB,VCB.VN
2018-09-06 00:00:00,26571.55859375,26880.01800107441,26527.4935181242,26703.755759599306,2334790,1d,VCB,VCB.VN
2018-09-07 00:00:00,27320.673828125,27408.803976969775,26483.425780268466,26483.425780268466,3594567,1d,VCB,VCB.VN
2018-09-10 00:00:00,27320.673828125,27585.06621363119,26924.082341407928,27320.673828125,3391873,1d,VCB,VCB.VN
2018-09-11 00:00:00,27761.330078125,27805.397094103188,27100.34616714383,27100.34616714383,4040663,1d,VCB,VCB.VN
2018-09-12 00:00:00,27585.06640625,28025.722970466442,27541.001331519918,27849.46073257424,3582356,1d,VCB,VCB.VN
2018-09-13 00:00:00,27717.263671875,27937.590985311774,27585.066508224187,27673.198596982023,2635439,1d,VCB,VCB.VN
2018-09-14 00:00:00,28201.986328125,28378.248573015735,27849.461838343526,27849.461838343526,5420339,1d,VCB,VCB.VN
2018-09-17 00:00:00,27717.263671875,28201.985312613404,27717.263671875,28201.985312613404,2269771,1d,VCB,VCB.VN
2018-09-18 00:00:00,27893.52734375,27893.52734375,27452.870755261083,27541.002848547658,2426618,1d,VCB,VCB.VN
2018-09-19 00:00:00,27893.52734375,28069.78959135117,27805.397189435404,28069.78959135117,3052677,1d,VCB,VCB.VN
2018-09-20 00:00:00,28378.248046875,28466.380137172346,27893.526397669364,27893.526397669364,3852208,1d,VCB,VCB.VN
2018-09-21 00:00:00,28466.380859375,28951.102520878205,28201.986520747087,28642.643105469626,11014804,1d,VCB,VCB.VN
2018-09-24 00:00:00,28730.7734375,28951.102700715885,28554.511190310477,28862.970607635136,2511912,1d,VCB,VCB.VN
2018-09-25 00:00:00,28378.248046875,28730.77253012057,28378.248046875,28554.510288497782,2323908,1d,VCB,VCB.VN
2018-09-26 00:00:00,28113.853515625,28598.575161393914,28113.853515625,28378.247845670554,4775379,1d,VCB,VCB.VN
2018-09-27 00:00:00,27937.591796875,28290.116284203126,27849.461644528936,28113.854040539063,4873110,1d,VCB,VCB.VN
2018-09-28 00:00:00,27761.330078125,28201.9866651031,27761.330078125,28069.789495112473,4740999,1d,VCB,VCB.VN
2018-10-01 00:00:00,27541.001953125,27981.658527287134,27541.001953125,27981.658527287134,4736967,1d,VCB,VCB.VN
2018-10-02 00:00:00,27761.330078125,27805.397094103188,27408.805584131307,27541.00275412193,3606980,1d,VCB,VCB.VN
2018-10-03 00:00:00,27761.330078125,27981.659341100036,27541.00275412193,27937.592325121845,2331567,1d,VCB,VCB.VN
2018-10-04 00:00:00,27761.330078125,28201.9866651031,27673.19992411256,27761.330078125,5178851,1d,VCB,VCB.VN
2018-10-05 00:00:00,27364.740234375,27761.32980142202,27364.740234375,27541.002479615003,3680154,1d,VCB,VCB.VN
2018-10-08 00:00:00,27144.41015625,27496.936575087027,27144.41015625,27320.67433515446,3036365,1d,VCB,VCB.VN
2018-10-09 00:00:00,27188.478515625,27408.805841698537,27144.4114992327,27232.54359304531,1955649,1d,VCB,VCB.VN
2018-10-10 00:00:00,27188.478515625,27320.675686857918,27056.281344392082,27276.60867046562,1913544,1d,VCB,VCB.VN
2018-10-11 00:00:00,25425.853515625,26439.361907223883,25337.721423803734,26439.361907223883,7733839,1d,VCB,VCB.VN
2018-10-12 00:00:00,26395.296875,26395.296875,25117.39414476932,25117.39414476932,5325379,1d,VCB,VCB.VN
2018-10-15 00:00:00,26042.771484375,26439.361037088845,25866.5092455053,26351.230887139936,2603515,1d,VCB,VCB.VN
2018-10-16 00:00:00,26086.837890625,26263.100138489794,25954.64071998341,25998.705797206614,2432454,1d,VCB,VCB.VN
2018-10-17 00:00:00,26086.837890625,26395.297309131383,26042.772813401796,26395.297309131383,3364681,1d,VCB,VCB.VN
2018-10-18 00:00:00,25558.05078125,26086.837517276508,25513.983765685494,25998.70542511945,3841372,1d,VCB,VCB.VN
2018-10-19 00:00:00,25425.853515625,25822.443081390844,25117.39410270848,25117.39410270848,2678492,1d,VCB,VCB.VN
2018-10-22 00:00:00,25161.458984375,25910.57497265556,25161.458984375,25778.37780543288,2714043,1d,VCB,VCB.VN
2018-10-23 00:00:00,24588.607421875,25249.591325562225,23795.42634965594,25117.39415703039,5512414,1d,VCB,VCB.VN
2018-10-24 00:00:00,24456.41015625,24941.13181296106,24456.41015625,24588.607324257006,3659292,1d,VCB,VCB.VN
2018-10-25 00:00:00,24147.951171875,24324.213419350996,23354.770088747035,23354.770088747035,3929324,1d,VCB,VCB.VN
2018-10-26 00:00:00,23575.09765625,24632.673090974447,23575.09765625,24632.673090974447,2749346,1d,VCB,VCB.VN
2018-10-29 00:00:00,23310.705078125,23751.359728586158,23134.442830146138,23486.96732610386,2842549,1d,VCB,VCB.VN
2018-10-30 00:00:00,23883.556640625,23927.6236563714,23222.57273312055,23310.70482564139,3013093,1d,VCB,VCB.VN
2018-10-31 00:00:00,24500.474609375,24985.196253756167,23883.555800349535,23883.555800349535,2806548,1d,VCB,VCB.VN
2018-11-01 00:00:00,24236.080078125,24632.671568753063,24147.949928411126,24588.606493896128,2751239,1d,VCB,VCB.VN
2018-11-02 00:00:00,24764.869140625,24808.93421620849,24236.08047773545,24236.08047773545,2561343,1d,VCB,VCB.VN
2018-11-05 00:00:00,24897.06640625,24897.06640625,24500.474907491465,24632.67207374431,2192114,1d,VCB,VCB.VN
2018-11-06 00:00:00,24588.607421875,25117.39415703039,24588.607421875,25117.39415703039,1504280,1d,VCB,VCB.VN
2018-11-07 00:00:00,24456.41015625,24764.869568609032,24280.147911897973,24588.607324257006,1505589,1d,VCB,VCB.VN
2018-11-08 00:00:00,24544.541015625,25029.262686292135,24544.541015625,24985.197608678394,1297036,1d,VCB,VCB.VN
2018-11-09 00:00:00,23927.623046875,24544.539922918633,23927.623046875,24324.21260568676,2220658,1d,VCB,VCB.VN
2018-11-12 00:00:00,24059.818359375,24059.818359375,23266.63923893136,23795.425965551094,1549948,1d,VCB,VCB.VN
2018-11-13 00:00:00,23619.1640625,23927.62347553376,23486.966894203822,23486.966894203822,1355162,1d,VCB,VCB.VN
2018-11-14 00:00:00,23442.90234375,23927.624012397035,23266.640095057624,23619.164592442376,1257387,1d,VCB,VCB.VN
2018-11-15 00:00:00,23531.03125,23619.163339155693,23134.441696229096,23442.901099816194,1866547,1d,VCB,VCB.VN
2018-11-16 00:00:00,23442.90234375,23839.49191856485,23398.835327347915,23795.426841134755,2766197,1d,VCB,VCB.VN
2018-11-19 00:00:00,23795.42578125,23795.42578125,23442.901299567227,23795.42578125,2580695,1d,VCB,VCB.VN
2018-11-20 00:00:00,23707.29296875,23795.425055970398,23486.965659156773,23795.425055970398,2447187,1d,VCB,VCB.VN
2018-11-21 00:00:00,24412.345703125,24412.345703125,23354.770271042173,23398.835348512126,4298531,1d,VCB,VCB.VN
2018-11-22 00:00:00,24147.951171875,24456.410589700987,24103.886094748996,24236.08132612701,2165305,1d,VCB,VCB.VN
2018-11-23 00:00:00,23795.42578125,24236.080413867516,23795.42578125,24103.885187465403,2020960,1d,VCB,VCB.VN
2018-11-26 00:00:00,23795.42578125,23927.622946624015,23663.228615875985,23795.42578125,1518227,1d,VCB,VCB.VN
2018-11-27 00:00:00,23531.03125,24103.88498208229,23442.901099816194,23971.687817834696,2894749,1d,VCB,VCB.VN
2018-11-28 00:00:00,24280.1484375,24280.1484375,23531.032428558516,23531.032428558516,3342579,1d,VCB,VCB.VN
2018-11-29 00:00:00,24236.080078125,24852.998882009626,24236.080078125,24500.474405210374,5317471,1d,VCB,VCB.VN
2018-11-30 00:00:00,24412.345703125,24676.738106916713,24147.951360361294,24192.016437831247,3223085,1d,VCB,VCB.VN
2018-12-03 00:00:00,25558.05078125,25558.05078125,24764.86970772426,24985.197029658983,5016596,1d,VCB,VCB.VN
2018-12-04 00:00:00,25381.7890625,25690.246544019355,25161.459797022184,25469.919217513532,3080635,1d,VCB,VCB.VN
2018-12-05 00:00:00,25469.91796875,25646.180209107104,24897.066172332394,25117.393488035796,4539252,1d,VCB,VCB.VN
2018-12-06 00:00:00,25073.328125,25558.049765163345,24985.196036346722,25293.655438175385,5087766,1d,VCB,VCB.VN
2018-12-07 00:00:00,25205.5234375,25425.852690416305,25161.458362505495,25293.655526460898,1882048,1d,VCB,VCB.VN
2018-12-10 00:00:00,25073.328125,25293.655438175385,24941.13096150602,25205.523349522107,2367592,1d,VCB,VCB.VN
2018-12-11 00:00:00,25029.26171875,25205.523961363288,24764.869324316027,25073.328733632265,2656278,1d,VCB,VCB.VN
2018-12-12 00:00:00,25558.05078125,25558.05078125,25029.26210625154,25249.591367158213,3303716,1d,VCB,VCB.VN
2018-12-13 00:00:00,25381.7890625,25734.313560498114,25381.7890625,25690.246544019355,2695704,1d,VCB,VCB.VN
2018-12-14 00:00:00,24897.06640625,25381.788056529153,24897.06640625,25337.72104179693,2119030,1d,VCB,VCB.VN
2018-12-17 00:00:00,24147.951171875,24853.00016177898,24147.951171875,24676.737914302983,4457224,1d,VCB,VCB.VN
2018-12-18 00:00:00,24280.1484375,24456.410685667644,23839.491847594894,23839.491847594894,3426049,1d,VCB,VCB.VN
2018-12-19 00:00:00,23971.6875,24412.34406199214,23839.490337505173,24280.14689949731,2594843,1d,VCB,VCB.VN
2018-12-20 00:00:00,24059.818359375,24324.212692170826,23927.623131949007,23927.623131949007,1976376,1d,VCB,VCB.VN
2018-12-21 00:00:00,24015.75390625,24015.75390625,23707.29448964773,24015.75390625,3807669,1d,VCB,VCB.VN
2018-12-24 00:00:00,23398.833984375,24192.015027452173,23398.833984375,24015.752788876343,1991923,1d,VCB,VCB.VN
2018-12-25 00:00:00,23222.572265625,23354.76943225901,22473.458219652144,22914.112856469616,4483403,1d,VCB,VCB.VN
2018-12-26 00:00:00,23266.638671875,23575.096133989824,23178.506583433715,23178.506583433715,2127139,1d,VCB,VCB.VN
2018-12-27 00:00:00,23575.09765625,23927.624093806146,23575.09765625,23795.42692209409,1997554,1d,VCB,VCB.VN
2018-12-28 00:00:00,23575.09765625,24015.754248966186,23486.96750108996,23707.294827962054,3968052,1d,VCB,VCB.VN
2019-01-02 00:00:00,23619.1640625,23927.62347553376,23575.09704708664,23751.35929182423,2808551,1d,VCB,VCB.VN
2019-01-03 00:00:00,23619.1640625,23839.491383678996,23222.572557611467,23795.426307237587,2413641,1d,VCB,VCB.VN
2019-01-04 00:00:00,23971.6875,23971.6875,23178.506464002898,23486.965863500205,3383065,1d,VCB,VCB.VN
2019-01-07 00:00:00,24059.818359375,24456.409858568742,24015.753283566337,24368.277767979493,2761625,1d,VCB,VCB.VN
2019-01-08 00:00:00,24236.080078125,24324.21216681075,24015.752764868437,24236.080078125,3027466,1d,VCB,VCB.VN
2019-01-09 00:00:00,24588.607421875,24720.802651434886,24147.950839759535,24456.410253343165,2560126,1d,VCB,VCB.VN
2019-01-10 00:00:00,24236.080078125,24588.606493896128,24236.080078125,24588.606493896128,1903405,1d,VCB,VCB.VN
2019-01-11 00:00:00,24324.212890625,24456.41005810147,24192.01572314853,24324.212890625,2569227,1d,VCB,VCB.VN
2019-01-14 00:00:00,24368.27734375,24456.40943280495,24192.015104611986,24324.212268708467,1840075,1d,VCB,VCB.VN
2019-01-15 00:00:00,24632.671875,24720.802025809557,24324.21246922275,24368.27754462753,2525679,1d,VCB,VCB.VN
2019-01-16 00:00:00,24412.345703125,24808.935278298566,24236.0815153012,24808.935278298566,1590905,1d,VCB,VCB.VN
2019-01-17 00:00:00,24324.212890625,24544.54021043783,24280.14781445682,24368.27796679318,1036467,1d,VCB,VCB.VN
2019-01-18 00:00:00,24147.951171875,24412.34551257498,24147.951171875,24324.213419350996,1627492,1d,VCB,VCB.VN
2019-01-21 00:00:00,24588.607421875,24764.869666926796,24015.7536712277,24059.81874774766,1961215,1d,VCB,VCB.VN
2019-01-22 00:00:00,24324.212890625,24676.7373779143,24324.212890625,24676.7373779143,897417,1d,VCB,VCB.VN
2019-01-23 00:00:00,24412.345703125,24456.410780594953,24192.016437831247,24192.016437831247,1159610,1d,VCB,VCB.VN
2019-01-24 00:00:00,24412.345703125,24500.475858064907,24236.0815153012,24412.345703125,1045051,1d,VCB,VCB.VN
2019-01-25 00:00:00,24588.607421875,24720.802651434886,24412.345176823204,24456.410253343165,2272835,1d,VCB,VCB.VN
2019-01-28 00:00:00,24456.41015625,24676.737476947048,24456.41015625,24676.737476947048,759202,1d,VCB,VCB.VN
2019-01-29 00:00:00,24985.197265625,24985.197265625,24324.21335460639,24456.410524604507,2628186,1d,VCB,VCB.VN
2019-01-30 00:00:00,24985.197265625,25205.524589640547,24985.197265625,24985.197265625,3667086,1d,VCB,VCB.VN
2019-01-31 00:00:00,25029.26171875,25293.656052155893,25029.26171875,25029.26171875,2585784,1d,VCB,VCB.VN
2019-02-01 00:00:00,24897.06640625,25293.65596603662,24897.06640625,25117.393724023466,1863236,1d,VCB,VCB.VN
2019-02-11 00:00:00,25602.115234375,25646.180309894473,25029.261496734227,25117.39358674508,3210448,1d,VCB,VCB.VN
2019-02-12 00:00:00,25822.443359375,25998.705605943094,25469.91886623882,25602.11603590788,3793158,1d,VCB,VCB.VN
2019-02-13 00:00:00,26351.232421875,26395.297499415872,25822.443735496592,25822.443735496592,4176152,1d,VCB,VCB.VN
2019-02-14 00:00:00,26527.494140625,26571.55921728484,26263.09980272204,26351.23189501368,3670129,1d,VCB,VCB.VN
2019-02-15 00:00:00,26130.90234375,26439.361754889283,26086.837267579227,26439.361754889283,2814274,1d,VCB,VCB.VN
2019-02-18 00:00:00,26439.361328125,26439.361328125,26219.034011855558,26219.034011855558,2315617,1d,VCB,VCB.VN
2019-02-19 00:00:00,25998.705078125,26527.493746065928,25998.705078125,26439.361655085133,3051595,1d,VCB,VCB.VN
2019-02-20 00:00:00,26042.771484375,26263.098798219147,25954.63939545421,26130.901634323905,1843950,1d,VCB,VCB.VN
2019-02-21 00:00:00,26483.42578125,26483.42578125,26042.771159066062,26219.033395734008,4679472,1d,VCB,VCB.VN
2019-02-22 00:00:00,27320.673828125,27496.936064786412,26439.360705846077,26527.492793662714,5638643,1d,VCB,VCB.VN
2019-02-25 00:00:00,27937.591796875,28157.92105568403,27452.870142055846,27541.002233373845,4685555,1d,VCB,VCB.VN
2019-02-26 00:00:00,27761.330078125,27981.659341100036,27276.60841414068,27937.592325121845,4971178,1d,VCB,VCB.VN
2019-02-27 00:00:00,27276.607421875,27761.32906822617,27144.410256693427,27673.19891741972,2891549,1d,VCB,VCB.VN
2019-02-28 00:00:00,26659.689453125,27541.002622881508,26659.689453125,27276.608284160164,5652704,1d,VCB,VCB.VN
2019-03-01 00:00:00,27408.8046875,27408.8046875,26791.885873706477,26880.017963807797,1832732,1d,VCB,VCB.VN
2019-03-04 00:00:00,27673.19921875,27761.329370516087,27408.804885507896,27408.804885507896,3035735,1d,VCB,VCB.VN
2019-03-05 00:00:00,27761.330078125,28113.854572118693,27541.00275412193,27673.19992411256,3552257,1d,VCB,VCB.VN
2019-03-06 00:00:00,27629.1328125,27893.527151566093,27276.60831972652,27805.396997858705,3150115,1d,VCB,VCB.VN
2019-03-07 00:00:00,27805.396484375,28113.85395562652,27585.067226231433,27629.132302271377,4622001,1d,VCB,VCB.VN
2019-03-08 00:00:00,27673.19921875,27761.329370516087,27364.73980962485,27496.936976245903,2246973,1d,VCB,VCB.VN
2019-03-11 00:00:00,27585.06640625,27629.131480980082,27276.607005195678,27496.936256789835,3213037,1d,VCB,VCB.VN
2019-03-12 00:00:00,28554.509765625,28554.509765625,27629.131559821413,27761.328723360763,5078888,1d,VCB,VCB.VN
2019-03-13 00:00:00,28730.7734375,28730.7734375,28422.31402017534,28642.643283391226,4010947,1d,VCB,VCB.VN
2019-03-14 00:00:00,29523.953125,29523.953125,28422.312677864084,28730.772080621016,5723827,1d,VCB,VCB.VN
2019-03-15 00:00:00,29083.296875,29612.08553632451,29083.296875,29612.08553632451,5893717,1d,VCB,VCB.VN
2019-03-18 00:00:00,29788.34765625,29876.477806798583,29303.626011317105,29303.626011317105,5174232,1d,VCB,VCB.VN
2019-03-19 00:00:00,29435.82421875,29788.348711374794,29391.757202942925,29788.348711374794,4011600,1d,VCB,VCB.VN
2019-03-20 00:00:00,29391.755859375,29612.08511142269,29171.428546299187,29391.755859375,6103936,1d,VCB,VCB.VN
2019-03-21 00:00:00,29347.69140625,29920.545146942964,29303.626330495743,29479.888572484677,3689728,1d,VCB,VCB.VN
2019-03-22 00:00:00,29479.888671875,29523.953747777818,29303.626429291806,29435.823595972182,6349749,1d,VCB,VCB.VN
2019-03-25 00:00:00,28862.970703125,29083.298028097837,28201.9867892345,28642.64337815216,4083670,1d,VCB,VCB.VN
2019-03-26 00:00:00,28862.970703125,29303.627292042656,28862.970703125,29127.36504426999,2833627,1d,VCB,VCB.VN
2019-03-27 00:00:00,28862.970703125,29039.232950897665,28510.446207579665,29039.232950897665,1764422,1d,VCB,VCB.VN
2019-03-28 00:00:00,29391.755859375,29391.755859375,28818.90406978913,28951.10123322337,1672707,1d,VCB,VCB.VN
2019-03-29 00:00:00,29656.150390625,29744.280540873944,29435.823076030752,29523.953226279697,1527576,1d,VCB,VCB.VN
2019-04-01 00:00:00,29876.478515625,29920.545530916686,29788.348362985507,29920.545530916686,2397217,1d,VCB,VCB.VN
2019-04-02 00:00:00,29744.28125,30184.937828665967,29744.28125,29964.61050881895,1254795,1d,VCB,VCB.VN
2019-04-03 00:00:00,29612.0859375,29788.34818067215,29303.626527205757,29744.281165650165,3031611,1d,VCB,VCB.VN
2019-04-04 00:00:00,29832.4140625,29920.5461559525,29435.824489393704,29612.086737326725,2137908,1d,VCB,VCB.VN
2019-04-05 00:00:00,30008.67578125,30052.7408577132,29876.47861288845,29876.47861288845,1075825,1d,VCB,VCB.VN
2019-04-08 00:00:00,30713.724609375,30713.724609375,29920.54548105365,30008.675633546274,2572584,1d,VCB,VCB.VN
2019-04-09 00:00:00,30757.791015625,30845.92116637275,30581.528775157607,30713.724001279228,1913115,1d,VCB,VCB.VN
2019-04-10 00:00:00,30361.19921875,30625.59354631067,30317.134143813848,30625.59354631067,1619901,1d,VCB,VCB.VN
2019-04-11 00:00:00,30184.9375,30405.26675641992,29832.413016494433,30405.26675641992,912624,1d,VCB,VCB.VN
2019-04-12 00:00:00,29964.609375,30229.001761017793,29788.347137997516,30229.001761017793,1003439,1d,VCB,VCB.VN
2019-04-16 00:00:00,29700.216796875,29964.61113741542,29259.56020896496,29964.61113741542,911610,1d,VCB,VCB.VN
2019-04-17 00:00:00,29964.609375,30052.73952401531,29523.95281300786,29920.544300492344,1164093,1d,VCB,VCB.VN
2019-04-18 00:00:00,29920.544921875,30273.06940320111,29744.280742240044,29744.280742240044,1351331,1d,VCB,VCB.VN
2019-04-19 00:00:00,29964.609375,30184.936686510136,29920.544300492344,29920.544300492344,523909,1d,VCB,VCB.VN
2019-04-22 00:00:00,29920.544921875,30008.675072720576,29523.953426154203,29568.01850157699,705628,1d,VCB,VCB.VN
2019-04-23 00:00:00,29744.28125,29964.61050881895,29127.364366633967,29964.61050881895,2941428,1d,VCB,VCB.VN
2019-04-24 00:00:00,30184.9375,30493.39690781035,29744.280926132084,29744.280926132084,1542198,1d,VCB,VCB.VN
2019-04-25 00:00:00,29832.4140625,30184.938558366037,29832.4140625,30184.938558366037,785585,1d,VCB,VCB.VN
2019-04-26 00:00:00,29920.544921875,30096.807162538054,29744.280742240044,29876.477907480312,624636,1d,VCB,VCB.VN
2019-05-02 00:00:00,29479.888671875,29920.545247818947,29259.55941441707,29788.34808113857,1415787,1d,VCB,VCB.VN
2019-05-03 00:00:00,29391.755859375,29612.08511142269,29127.363471478395,29435.822873167665,1934743,1d,VCB,VCB.VN
2019-05-06 00:00:00,29215.494140625,29435.823396590546,29039.231899235707,29171.429065020653,821315,1d,VCB,VCB.VN
2019-05-07 00:00:00,28907.03515625,29523.953979621638,28554.510668315328,29215.494567935817,2745133,1d,VCB,VCB.VN
2019-05-08 00:00:00,28686.70703125,28907.03434528507,28466.37971721493,28466.37971721493,2289214,1d,VCB,VCB.VN
2019-05-09 00:00:00,28862.970703125,29083.298028097837,28686.70845535233,28818.90562592483,2273579,1d,VCB,VCB.VN
2019-05-10 00:00:00,28907.03515625,29127.364415438118,28730.772912282664,28862.97008000115,1248939,1d,VCB,VCB.VN
2019-05-13 00:00:00,29039.232421875,29127.364513641773,28907.03525371081,28995.167345477585,1071070,1d,VCB,VCB.VN
2019-05-14 00:00:00,29347.69140625,29347.69140625,28818.9046802832,28818.9046802832,1947584,1d,VCB,VCB.VN
2019-05-15 00:00:00,29435.82421875,29700.216618732615,29303.62704927271,29391.757202942925,1654144,1d,VCB,VCB.VN
2019-05-16 00:00:00,29435.82421875,29700.216618732615,29435.82421875,29435.82421875,1266599,1d,VCB,VCB.VN
2019-05-17 00:00:00,29435.82421875,29523.954372420216,29347.692126107817,29435.82421875,1178173,1d,VCB,VCB.VN
2019-05-20 00:00:00,29876.478515625,30008.67568355618,29391.75685919197,29435.823874483656,1367643,1d,VCB,VCB.VN
2019-05-21 00:00:00,29832.4140625,30140.87348112578,29832.4140625,29920.5461559525,1629227,1d,VCB,VCB.VN
2019-05-22 00:00:00,29612.0859375,30229.00281911656,29523.95384642796,29744.281165650165,1492995,1d,VCB,VCB.VN
2019-05-23 00:00:00,29788.34765625,29964.609896319063,29568.01840193475,29700.215566729523,1064357,1d,VCB,VCB.VN
2019-05-24 00:00:00,29303.626953125,29964.610859370743,29127.364707390934,29656.151444593135,3379369,1d,VCB,VCB.VN
2019-05-27 00:00:00,29700.216796875,29876.47904424462,29303.627225036344,29523.95454950538,859074,1d,VCB,VCB.VN
2019-05-28 00:00:00,29700.216796875,30229.003538983867,29435.824395306554,29523.95454950538,3002438,1d,VCB,VCB.VN
2019-05-29 00:00:00,29744.28125,30008.675584993965,29612.086021474952,29788.34826514695,1382173,1d,VCB,VCB.VN
2019-05-30 00:00:00,29832.4140625,30008.67631043302,29656.151814566983,29744.2819690475,1396367,1d,VCB,VCB.VN
2019-05-31 00:00:00,29612.0859375,29964.6104238443,29435.823694327853,29744.281165650165,2122432,1d,VCB,VCB.VN
2019-06-03 00:00:00,29303.626953125,29612.086367902608,28201.986463058114,29303.626953125,1506423,1d,VCB,VCB.VN
2019-06-04 00:00:00,29612.0859375,29744.281165650165,29039.23219296157,29083.297269011626,1211562,1d,VCB,VCB.VN
2019-06-05 00:00:00,29391.755859375,29744.280335885054,29391.755859375,29612.08511142269,741473,1d,VCB,VCB.VN
2019-06-06 00:00:00,29039.232421875,29391.756910998214,28642.642856354367,29391.756910998214,2336097,1d,VCB,VCB.VN
2019-06-07 00:00:00,28907.03515625,29523.953979621638,28730.772912282664,29303.626659405454,1105900,1d,VCB,VCB.VN
2019-06-10 00:00:00,29391.755859375,29744.280335885054,29083.296457685734,29435.822873167665,1395578,1d,VCB,VCB.VN
2019-06-11 00:00:00,29700.216796875,29744.28187397441,29303.627225036344,29303.627225036344,3345778,1d,VCB,VCB.VN
2019-06-12 00:00:00,29523.953125,29744.280438838432,29479.88805002669,29700.21536386512,479663,1d,VCB,VCB.VN
2019-06-13 00:00:00,29656.150390625,29744.280540873944,29259.55889758909,29523.953226279697,1308842,1d,VCB,VCB.VN
2019-06-14 00:00:00,30493.396484375,30669.658723680182,29656.150362932407,29744.280513099056,6208470,1d,VCB,VCB.VN
2019-06-17 00:00:00,30493.396484375,30978.118127207224,30405.26633420835,30493.396484375,3150769,1d,VCB,VCB.VN
2019-06-18 00:00:00,30978.119140625,31066.251232646686,30052.740899771063,30405.26732888586,3046189,1d,VCB,VCB.VN
2019-06-19 00:00:00,30757.791015625,31154.380571933667,30581.528775157607,31022.183406840144,3197920,1d,VCB,VCB.VN
2019-06-20 00:00:00,31506.90625,31506.90625,30669.660091225018,30713.725168273184,2731390,1d,VCB,VCB.VN
2019-06-21 00:00:00,31286.578125,31727.23470111885,31286.578125,31506.905443573465,4023518,1d,VCB,VCB.VN
2019-06-24 00:00:00,32167.888671875,32520.415088850288,31286.577476866485,31506.90479087564,3323948,1d,VCB,VCB.VN
2019-06-25 00:00:00,31903.49609375,32079.758331706904,31727.233855793093,32079.758331706904,1827821,1d,VCB,VCB.VN
2019-06-26 00:00:00,31066.25,31947.561190388456,31066.25,31903.496115612,2827049,1d,VCB,VCB.VN
2019-06-27 00:00:00,30625.59375,31286.577634325968,30581.528674770776,31286.577634325968,3028322,1d,VCB,VCB.VN
2019-06-28 00:00:00,31066.25,31727.23387753431,30140.87179586322,30669.65851009629,2021163,1d,VCB,VCB.VN
2019-07-01 00:00:00,31418.775390625,31683.167785950962,31242.51314741705,31286.578223476055,1274327,1d,VCB,VCB.VN
2019-07-02 00:00:00,31066.25,31506.904625708292,30978.11791147522,31506.904625708292,1020606,1d,VCB,VCB.VN
2019-07-03 00:00:00,30669.66015625,31286.57899212016,30669.66015625,31066.251667440236,1839986,1d,VCB,VCB.VN
2019-07-04 00:00:00,31947.5625,31947.5625,30713.72484390616,30845.92201262649,2534531,1d,VCB,VCB.VN
2019-07-05 00:00:00,31991.626953125,31991.626953125,31727.234559808807,31947.561877400953,1044487,1d,VCB,VCB.VN
2019-07-08 00:00:00,31418.775390625,31859.43196813084,31286.578223476055,31727.234800981896,2224308,1d,VCB,VCB.VN
2019-07-09 00:00:00,31683.16796875,31683.16796875,31110.31615976202,31506.905724525088,1668382,1d,VCB,VCB.VN
2019-07-10 00:00:00,31947.5625,32035.69459213754,31683.168162559334,31947.5625,1658493,1d,VCB,VCB.VN
2019-07-11 00:00:00,32608.548828125,32872.93929155028,31991.628051939435,31991.628051939435,3350013,1d,VCB,VCB.VN
2019-07-12 00:00:00,32476.349609375,32828.87410403515,32432.284532285477,32608.548718587524,2203806,1d,VCB,VCB.VN
2019-07-15 00:00:00,33049.203125,33049.203125,32476.349371150343,32476.349371150343,2743872,1d,VCB,VCB.VN
2019-07-16 00:00:00,34018.64453125,34371.169003464805,33225.46156030892,33269.530512536505,4544547,1d,VCB,VCB.VN
2019-07-17 00:00:00,33577.9921875,33974.58176089272,33401.7280004677,33710.18741931625,1807611,1d,VCB,VCB.VN
2019-07-18 00:00:00,33666.12109375,34018.64557679951,33313.5966107005,33445.79183761513,2594617,1d,VCB,VCB.VN
2019-07-19 00:00:00,34811.82421875,35164.34869698508,33666.12063397194,33666.12063397194,3083676,1d,VCB,VCB.VN
2019-07-22 00:00:00,34811.82421875,35032.153471875834,34679.628993640756,34811.82421875,2263080,1d,VCB,VCB.VN
2019-07-23 00:00:00,34767.76171875,34944.02590989424,34591.50140554982,34767.76171875,1486100,1d,VCB,VCB.VN
2019-07-24 00:00:00,33886.44921875,35032.15278093117,33710.18504413706,35032.15278093117,3869623,1d,VCB,VCB.VN
2019-07-25 00:00:00,34238.9765625,34283.041640364136,33798.3180279706,33886.452061642885,1872968,1d,VCB,VCB.VN
2019-07-26 00:00:00,34591.5,35120.28479605859,34150.84147901663,34238.97550997964,2122814,1d,VCB,VCB.VN
2019-07-29 00:00:00,35693.13671875,35693.13671875,34503.36420214377,34591.4982285935,2223227,1d,VCB,VCB.VN
2019-07-30 00:00:00,35516.87890625,36354.123131512446,35516.87890625,36133.79386689098,3680087,1d,VCB,VCB.VN
2019-07-31 00:00:00,35340.61328125,35472.80850787858,35076.21895004902,35252.48313016428,1155330,1d,VCB,VCB.VN
2019-08-01 00:00:00,35472.80859375,35472.80859375,35120.28411060992,35340.6133668014,1213972,1d,VCB,VCB.VN
2019-08-02 00:00:00,34855.890625,35472.809454958646,34855.890625,35120.28496325998,1588292,1d,VCB,VCB.VN
2019-08-05 00:00:00,34106.77734375,35120.28576527126,33974.582110573145,34899.96037664317,1932016,1d,VCB,VCB.VN
2019-08-06 00:00:00,33622.0546875,33886.449008809526,33401.72544008478,33666.11976139431,2709155,1d,VCB,VCB.VN
2019-08-07 00:00:00,34547.43359375,34547.43359375,33622.05538883566,33622.05538883566,1335585,1d,VCB,VCB.VN
2019-08-08 00:00:00,34591.5,35164.34987256815,34415.23581601787,34591.5,1830546,1d,VCB,VCB.VN
2019-08-09 00:00:00,34591.5,34988.08956652992,34547.434923490444,34679.63015301912,1624226,1d,VCB,VCB.VN
2019-08-12 00:00:00,34238.9765625,34723.69629694952,34018.6472952353,34591.50106335711,1320198,1d,VCB,VCB.VN
2019-08-13 00:00:00,33622.0546875,34150.83945217539,33445.79051397909,34018.64423049246,2048559,1d,VCB,VCB.VN
2019-08-14 00:00:00,33622.0546875,34371.168699590606,33622.0546875,34371.168699590606,799215,1d,VCB,VCB.VN
2019-08-15 00:00:00,34811.82421875,34811.82421875,32872.93764948519,32872.93764948519,1215055,1d,VCB,VCB.VN
2019-08-16 00:00:00,34327.10546875,34635.5648805153,34283.04039248979,34283.04039248979,1421982,1d,VCB,VCB.VN
2019-08-19 00:00:00,33842.3828125,34591.500763529264,33798.3177350178,34327.10642069211,1560672,1d,VCB,VCB.VN
2019-08-20 00:00:00,33886.44921875,34283.0387641995,33798.31519247169,34283.0387641995,1022273,1d,VCB,VCB.VN
2019-08-21 00:00:00,35252.484375,35384.67960629666,33798.31744101698,33886.451473158704,4523188,1d,VCB,VCB.VN
2019-08-22 00:00:00,35252.484375,35428.74468339555,35076.2201886605,35340.614529197774,1761968,1d,VCB,VCB.VN
2019-08-23 00:00:00,34899.95703125,35340.61164421052,34899.95703125,35252.48149720714,1427228,1d,VCB,VCB.VN
2019-08-26 00:00:00,34283.0390625,34635.563536849535,34150.83996090409,34459.299360702906,1514442,1d,VCB,VCB.VN
2019-08-27 00:00:00,33710.1875,34723.6959135156,33489.85823516827,34459.30157130632,2859918,1d,VCB,VCB.VN
2019-08-28 00:00:00,33930.515625,34062.7108526918,33842.38159526162,33842.38159526162,2047456,1d,VCB,VCB.VN
2019-08-29 00:00:00,33842.3828125,34106.77715533715,33710.18758005341,33886.45176792618,951262,1d,VCB,VCB.VN
2019-08-30 00:00:00,34238.9765625,34238.9765625,33930.51713950703,33930.51713950703,631102,1d,VCB,VCB.VN
2019-09-03 00:00:00,34283.0390625,34327.10413705073,33798.31548655456,34283.0390625,1500047,1d,VCB,VCB.VN
2019-09-04 00:00:00,34062.7109375,34150.84108951396,33886.45063347208,34150.84108951396,1189010,1d,VCB,VCB.VN
2019-09-05 00:00:00,34194.90625,34723.69491927785,34018.64594553663,34018.64594553663,975278,1d,VCB,VCB.VN
2019-09-06 00:00:00,34062.7109375,34371.17034749271,33930.51570947906,34371.17034749271,840308,1d,VCB,VCB.VN
2019-09-09 00:00:00,34018.64453125,34106.774679817776,33930.514382682224,34062.70960553389,532674,1d,VCB,VCB.VN
2019-09-10 00:00:00,34238.9765625,34899.960486350086,33974.582217371164,34018.6472952353,1522845,1d,VCB,VCB.VN
2019-09-11 00:00:00,34459.30078125,34591.49988829567,34062.71121600077,34062.71121600077,510167,1d,VCB,VCB.VN
2019-09-12 00:00:00,35032.15234375,35032.15234375,34591.49772963231,34591.49772963231,2298496,1d,VCB,VCB.VN
2019-09-13 00:00:00,36089.7265625,36133.791637116294,35164.3483617266,35164.3483617266,3230161,1d,VCB,VCB.VN
2019-09-16 00:00:00,35693.13671875,36442.25073693867,35605.00657024397,36089.72626497084,1762464,1d,VCB,VCB.VN
2019-09-17 00:00:00,35737.203125,35825.33327679082,35472.8087916837,35560.942821418364,2019250,1d,VCB,VCB.VN
2019-09-18 00:00:00,35516.87890625,36354.123131512446,35472.80995097053,35737.204292927505,2275020,1d,VCB,VCB.VN
2019-09-19 00:00:00,35913.46875,36001.59890533304,35472.81021744677,35693.13948372338,1187793,1d,VCB,VCB.VN
2019-09-20 00:00:00,35693.13671875,36486.31968913539,35693.13671875,35913.46596795878,6492178,1d,VCB,VCB.VN
2019-09-23 00:00:00,34811.82421875,36089.72690658107,34811.82421875,35957.53168147183,2674414,1d,VCB,VCB.VN
2019-09-24 00:00:00,35516.87890625,35605.009060921,34767.760957714585,35032.155299671555,1783099,1d,VCB,VCB.VN
2019-09-25 00:00:00,35560.94140625,35649.07155453363,34988.08768651904,35252.48200931361,1764783,1d,VCB,VCB.VN
2019-09-26 00:00:00,35693.13671875,35825.33194150905,35384.67732103519,35560.941495990955,2714269,1d,VCB,VCB.VN
2019-09-27 00:00:00,36530.38671875,36618.51687197337,35605.00847607285,35825.333859131286,3128127,1d,VCB,VCB.VN
2019-09-30 00:00:00,36177.86328125,36706.648093929995,36089.729247516654,36530.38778235134,1905432,1d,VCB,VCB.VN
2019-10-01 00:00:00,36750.7109375,36838.84496587508,36045.661978162025,36177.86108175276,2883934,1d,VCB,VCB.VN
2019-10-02 00:00:00,36133.79296875,36882.91089866535,36001.59774002934,36750.711792000824,2759012,1d,VCB,VCB.VN
2019-10-03 00:00:00,36133.79296875,36133.79296875,35516.87802344305,36045.66281626956,4342710,1d,VCB,VCB.VN
2019-10-04 00:00:00,36574.453125,36794.77851606821,36045.664430548204,36133.79458697549,2653148,1d,VCB,VCB.VN
2019-10-07 00:00:00,36486.3203125,37235.4343434872,36486.3203125,37015.10509051412,2715619,1d,VCB,VCB.VN
2019-10-08 00:00:00,37499.828125,37587.958273727454,36486.319780803206,36486.319780803206,3293601,1d,VCB,VCB.VN
2019-10-09 00:00:00,37235.43359375,37764.21836111702,37235.43359375,37499.82791640535,1937853,1d,VCB,VCB.VN
2019-10-10 00:00:00,37279.5,37543.89433210312,37235.434924306785,37411.69522707965,1907506,1d,VCB,VCB.VN
2019-10-11 00:00:00,37587.9609375,37632.02601498651,37191.37136217737,37235.43643966389,1712833,1d,VCB,VCB.VN
2019-10-14 00:00:00,37455.765625,37896.420276867495,37455.765625,37676.091011961755,1398597,1d,VCB,VCB.VN
2019-10-15 00:00:00,37543.89453125,37632.024683103904,37323.56527367139,37455.764379396096,1607216,1d,VCB,VCB.VN
2019-10-16 00:00:00,37940.484375,38028.61452751003,37764.22019203607,37984.549451255014,2409835,1d,VCB,VCB.VN
2019-10-17 00:00:00,37543.89453125,38072.679320317286,37367.630349598345,38072.679320317286,2369800,1d,VCB,VCB.VN
2019-10-18 00:00:00,37455.765625,37808.29012208279,37367.63159227132,37676.091011961755,1194463,1d,VCB,VCB.VN
2019-10-21 00:00:00,37103.234375,37411.69377078922,36838.84393113239,37411.69377078922,1466387,1d,VCB,VCB.VN
2019-10-22 00:00:00,37632.0234375,37808.28761331739,37103.234787991554,37103.234787991554,2176570,1d,VCB,VCB.VN
2019-10-23 00:00:00,37587.9609375,37808.29020287656,37279.501517150406,37676.091092473034,2113488,1d,VCB,VCB.VN
2019-10-24 00:00:00,38293.0078125,38337.07288754619,37499.82870578112,37587.95885587349,1718172,1d,VCB,VCB.VN
2019-10-25 00:00:00,38777.73046875,38998.05583872448,38160.8116769341,38293.006898918786,2069263,1d,VCB,VCB.VN
2019-10-28 00:00:00,38513.3359375,38865.860405486725,38513.3359375,38777.730257975956,1931634,1d,VCB,VCB.VN
2019-10-29 00:00:00,38072.6796875,38557.40328325897,38028.61461114807,38513.33820690704,2535907,1d,VCB,VCB.VN
2019-10-30 00:00:00,38689.59765625,38865.861835701486,37940.48361895472,37940.48361895472,1924559,1d,VCB,VCB.VN
2019-10-31 00:00:00,38645.53125,38998.055718818956,38601.46617614059,38821.795423381314,1700779,1d,VCB,VCB.VN
2019-11-01 00:00:00,39130.2578125,39394.64827588703,38557.40405260684,38645.534207069184,2536741,1d,VCB,VCB.VN
2019-11-04 00:00:00,40540.35546875,40760.68473107305,39350.58288132701,39350.58288132701,2555372,1d,VCB,VCB.VN
2019-11-05 00:00:00,40011.56640625,40760.684339779444,39967.50132979719,40584.42015602431,1700103,1d,VCB,VCB.VN
2019-11-06 00:00:00,40099.69921875,40672.54907317552,39967.50011546429,40011.565190578265,2039390,1d,VCB,VCB.VN
2019-11-07 00:00:00,40231.89453125,40496.28886045044,40099.699305621674,40099.699305621674,909831,1d,VCB,VCB.VN
2019-11-08 00:00:00,40320.0234375,40496.287610842504,40011.564042608356,40231.89328980057,1837462,1d,VCB,VCB.VN
2019-11-11 00:00:00,40231.89453125,40452.223785240996,40099.699305621674,40452.223785240996,1203631,1d,VCB,VCB.VN
2019-11-12 00:00:00,40408.16015625,40584.42046339617,40231.89597115991,40275.96104794645,1342321,1d,VCB,VCB.VN
2019-11-13 00:00:00,39879.37109375,40628.485147773776,39659.04183400141,40628.485147773776,1591783,1d,VCB,VCB.VN
2019-11-14 00:00:00,40055.63671875,40275.96210848427,39747.17729517799,39879.372529018554,946937,1d,VCB,VCB.VN
2019-11-15 00:00:00,39526.84765625,40099.70142006672,39394.64854570707,39659.04288884894,1341082,1d,VCB,VCB.VN
2019-11-18 00:00:00,38601.46875,39614.977150175924,38557.403673202425,39438.71684298564,1578267,1d,VCB,VCB.VN
2019-11-19 00:00:00,40099.69921875,40099.69921875,38777.7314535555,38777.7314535555,1287665,1d,VCB,VCB.VN
2019-11-20 00:00:00,39438.71484375,40099.69871809469,39438.71484375,40099.69871809469,1230712,1d,VCB,VCB.VN
2019-11-21 00:00:00,38557.40234375,39526.84563370212,38557.40234375,39262.45130408904,2330127,1d,VCB,VCB.VN
2019-11-22 00:00:00,37676.08984375,38998.05763630657,37543.89461567189,38601.468074128374,3190621,1d,VCB,VCB.VN
2019-11-25 00:00:00,37235.43359375,37896.41746141653,36398.18555166534,37676.0882128798,3560817,1d,VCB,VCB.VN
2019-11-26 00:00:00,37323.56640625,37808.29001204305,37235.436251721796,37235.436251721796,1946794,1d,VCB,VCB.VN
2019-11-27 00:00:00,38028.61328125,38337.072682870246,37587.95865519696,37676.08880481882,1242156,1d,VCB,VCB.VN
2019-11-28 00:00:00,37587.9609375,38028.61559030914,37411.69674960995,37896.420357849594,1114395,1d,VCB,VCB.VN
2019-11-29 00:00:00,37587.9609375,37808.29020287656,37455.76570504045,37720.15616995955,844836,1d,VCB,VCB.VN
2019-12-02 00:00:00,36794.77734375,37764.22066739483,36574.45195970158,37587.960360156096,1094456,1d,VCB,VCB.VN
2019-12-03 00:00:00,36133.79296875,37059.17120362623,36133.79296875,36574.45148703994,1431423,1d,VCB,VCB.VN
2019-12-04 00:00:00,37323.56640625,37367.6314835141,35913.46842202289,36089.728731079296,923078,1d,VCB,VCB.VN
2019-12-05 00:00:00,37367.62890625,37764.218452217894,37279.498757800175,37455.76293264352,897756,1d,VCB,VCB.VN
2019-12-06 00:00:00,37411.6953125,37543.894417825315,37191.36993353086,37367.63023670617,703804,1d,VCB,VCB.VN
2019-12-09 00:00:00,37543.89453125,37764.21991088476,37191.37004589053,37411.6954255253,977170,1d,VCB,VCB.VN
2019-12-10 00:00:00,37632.0234375,37852.35268778581,37455.76313962633,37587.95836303158,1199194,1d,VCB,VCB.VN
2019-12-11 00:00:00,37852.35546875,37896.420546455825,37543.89604686524,37896.420546455825,1061294,1d,VCB,VCB.VN
2019-12-12 00:00:00,38557.40234375,38777.73159808487,37896.41845868918,37940.483533967395,1094344,1d,VCB,VCB.VN
2019-12-13 00:00:00,38953.9921875,38998.05726310435,38557.40262911707,38821.79696068696,1727520,1d,VCB,VCB.VN
2019-12-16 00:00:00,37896.41796875,38953.99139558584,37455.763343720995,38953.99139558584,1763004,1d,VCB,VCB.VN
2019-12-17 00:00:00,37587.9609375,38337.07501065874,37587.9609375,38072.680667795656,862993,1d,VCB,VCB.VN
2019-12-18 00:00:00,38204.87890625,38204.87890625,37587.96007963074,37632.02515611156,1950423,1d,VCB,VCB.VN
2019-12-19 00:00:00,38777.73046875,38865.860616739796,37896.41735502105,38204.876750929,2520024,1d,VCB,VCB.VN
2019-12-20 00:00:00,38909.92578125,38998.05592944481,38689.5965328193,38777.73055895779,1037142,1d,VCB,VCB.VN
2019-12-23 00:00:00,40055.63671875,40099.701796696856,39174.32352598083,39174.32352598083,2156586,1d,VCB,VCB.VN
2019-12-24 00:00:00,39659.04296875,40011.567467668065,39174.32323696666,40011.567467668065,1143570,1d,VCB,VCB.VN
2019-12-25 00:00:00,39614.9765625,40055.635079826534,39218.386999261216,39659.04163864388,567458,1d,VCB,VCB.VN
2019-12-26 00:00:00,39394.6484375,39879.37204491935,39218.388127852224,39879.37204491935,955475,1d,VCB,VCB.VN
2019-12-27 00:00:00,39879.37109375,39879.37109375,38909.92777997763,39350.58242153093,1123902,1d,VCB,VCB.VN
2019-12-30 00:00:00,40099.69921875,40628.483998061536,39659.04071172265,39879.36996523633,1487227,1d,VCB,VCB.VN
2019-12-31 00:00:00,39747.17578125,40143.76534561004,39703.10682703766,39923.43608632385,564957,1d,VCB,VCB.VN
2020-01-02 00:00:00,40011.56640625,40275.96074291075,39526.8466873252,39747.17594753314,870270,1d,VCB,VCB.VN
2020-01-03 00:00:00,39614.9765625,40452.224643065325,39614.9765625,40320.02553668982,1207844,1d,VCB,VCB.VN
2020-01-06 00:00:00,38557.40234375,39438.715483145694,38557.40234375,39306.516379367255,1982797,1d,VCB,VCB.VN
2020-01-07 00:00:00,38689.59765625,38733.66273162692,37632.02421337247,38337.073175290825,2529103,1d,VCB,VCB.VN
2020-01-08 00:00:00,38337.07421875,38733.66378588048,37984.5497281958,38293.009142173716,1897570,1d,VCB,VCB.VN
2020-01-09 00:00:00,39086.19140625,39174.321557715724,38645.53289303374,38645.53289303374,2040337,1d,VCB,VCB.VN
2020-01-10 00:00:00,39438.71484375,39835.30439276807,38733.66201689776,39086.19036929574,3596527,1d,VCB,VCB.VN
2020-01-13 00:00:00,39394.6484375,39570.912625091754,39218.388127852224,39218.388127852224,3880278,1d,VCB,VCB.VN
2020-01-14 00:00:00,39394.6484375,39659.042779915646,39262.453205264166,39438.71739285592,2255442,1d,VCB,VCB.VN
2020-01-15 00:00:00,39350.58203125,39482.781136965554,39130.25665163049,39482.781136965554,3379031,1d,VCB,VCB.VN
2020-01-16 00:00:00,39438.71484375,39791.23931820425,39174.320518423374,39350.58081667864,2864741,1d,VCB,VCB.VN
2020-01-17 00:00:00,41641.9921875,41641.9921875,39438.71517323962,39438.71517323962,5070802,1d,VCB,VCB.VN
2020-01-20 00:00:00,41421.66796875,41774.19245598693,41201.338709997966,41641.993349558164,1937919,1d,VCB,VCB.VN
2020-01-21 00:00:00,41421.66796875,41686.06230366367,41245.4037861596,41377.602892588366,1801392,1d,VCB,VCB.VN
2020-01-22 00:00:00,41157.2734375,41862.322408610504,41025.078209645726,41421.6677711524,2047229,1d,VCB,VCB.VN
2020-01-30 00:00:00,39174.3203125,40716.61730384497,38337.07226635738,40584.41820290471,8492437,1d,VCB,VCB.VN
2020-01-31 00:00:00,39086.19140625,39570.91111725529,38645.53289303374,38777.731998176154,3030508,1d,VCB,VCB.VN
2020-02-03 00:00:00,39086.19140625,39747.175298130554,36574.451065926354,37059.17077693164,4137829,1d,VCB,VCB.VN
2020-02-04 00:00:00,39570.91015625,39570.91015625,38645.53195450187,39218.385681004576,3174805,1d,VCB,VCB.VN
2020-02-05 00:00:00,39174.3203125,39835.30418337017,39130.25523816782,39747.1740347058,2098145,1d,VCB,VCB.VN
2020-02-06 00:00:00,39394.6484375,40055.636232511104,39130.25797302833,39218.388127852224,2171657,1d,VCB,VCB.VN
2020-02-07 00:00:00,39659.04296875,40011.567467668065,39218.38831458842,39570.91281350648,2720464,1d,VCB,VCB.VN
2020-02-10 00:00:00,39174.3203125,39438.71463643681,38998.056137227555,39306.515535496554,1419460,1d,VCB,VCB.VN
2020-02-11 00:00:00,39306.515625,39438.714726241284,39174.32040170243,39218.38547613495,1280117,1d,VCB,VCB.VN
2020-02-12 00:00:00,39394.6484375,39570.912625091754,39262.453205264166,39570.912625091754,1457061,1d,VCB,VCB.VN
2020-02-13 00:00:00,39350.58203125,39438.716061041654,39130.25665163049,39306.5169553261,1546096,1d,VCB,VCB.VN
2020-02-14 00:00:00,39350.58203125,39570.91128881336,39218.38680347829,39218.38680347829,1083191,1d,VCB,VCB.VN
2020-02-17 00:00:00,39394.6484375,39614.977702503704,39262.453205264166,39350.58336008806,774770,1d,VCB,VCB.VN
2020-02-18 00:00:00,39394.6484375,39482.78247026787,39218.388127852224,39482.78247026787,1094636,1d,VCB,VCB.VN
2020-02-19 00:00:00,39438.71484375,39438.71484375,39218.38559298719,39218.38559298719,718695,1d,VCB,VCB.VN
2020-02-20 00:00:00,39438.71484375,39835.30439276807,39306.515742114825,39526.84499287763,1454019,1d,VCB,VCB.VN
2020-02-21 00:00:00,39218.38671875,39438.71597583735,39218.38671875,39438.71597583735,2290858,1d,VCB,VCB.VN
2020-02-24 00:00:00,38425.20703125,38777.73151062443,37896.418373216475,37896.418373216475,2367592,1d,VCB,VCB.VN
2020-02-25 00:00:00,37984.55078125,38337.075281577316,37808.29047005835,37896.42062565417,2770006,1d,VCB,VCB.VN
2020-02-26 00:00:00,37455.765625,37896.420276867495,37015.107095188534,37896.420276867495,2769375,1d,VCB,VCB.VN
2020-02-27 00:00:00,37015.10546875,37279.49979943063,36530.385760788675,37015.10546875,4537292,1d,VCB,VCB.VN
2020-02-28 00:00:00,36310.05859375,36750.71325159717,35296.55016614069,35296.55016614069,4979087,1d,VCB,VCB.VN
2020-03-02 00:00:00,36045.6640625,36221.92825149885,35825.33479573744,35913.46882920887,2116867,1d,VCB,VCB.VN
2020-03-03 00:00:00,36221.92578125,36794.77563105525,36221.92578125,36794.77563105525,2104814,1d,VCB,VCB.VN
2020-03-04 00:00:00,36001.59765625,36133.792884663024,35693.1382453424,36133.792884663024,1361943,1d,VCB,VCB.VN
2020-03-05 00:00:00,36618.515625,36838.844878499454,36221.926071056005,36221.926071056005,2035853,1d,VCB,VCB.VN
2020-03-06 00:00:00,37235.43359375,37764.21836111702,36133.791229009985,36574.44972608347,2565982,1d,VCB,VCB.VN
2020-03-09 00:00:00,34635.56640625,35649.074838712484,34635.56640625,34811.82671905527,3205875,1d,VCB,VCB.VN
2020-03-10 00:00:00,35208.41796875,35208.41796875,33225.46242855089,34371.16990164621,5107861,1d,VCB,VCB.VN
2020-03-11 00:00:00,33930.515625,35428.74371728249,32784.80813989566,35428.74371728249,4498046,1d,VCB,VCB.VN
2020-03-12 00:00:00,31595.037109375,32167.888905548873,31595.037109375,31727.234274329556,3610043,1d,VCB,VCB.VN
2020-03-13 00:00:00,31286.578125,32167.88933826578,29391.756592763668,29391.756592763668,4415119,1d,VCB,VCB.VN
2020-03-16 00:00:00,29568.01953125,31286.578861276554,29303.6271305342,31286.578861276554,2810580,1d,VCB,VCB.VN
2020-03-17 00:00:00,29744.28125,29744.28125,28025.72388945502,28025.72388945502,3119339,1d,VCB,VCB.VN
2020-03-18 00:00:00,30537.462890625,31154.381724571358,29964.611072654792,29964.611072654792,3612207,1d,VCB,VCB.VN
2020-03-19 00:00:00,29083.296875,30273.06942400824,29083.296875,29656.150611777583,2773655,1d,VCB,VCB.VN
2020-03-20 00:00:00,27100.345703125,29215.49456984303,27100.345703125,29083.297402115917,8118005,1d,VCB,VCB.VN
2020-03-23 00:00:00,25205.5234375,25778.37716831613,25205.5234375,25381.787615421796,4325722,1d,VCB,VCB.VN
2020-03-24 00:00:00,25558.05078125,25734.313026592168,24941.13195306643,25205.524351593707,3374999,1d,VCB,VCB.VN
2020-03-25 00:00:00,27320.673828125,27320.673828125,26307.163543607054,26439.360705846077,4135712,1d,VCB,VCB.VN
2020-03-26 00:00:00,27849.4609375,28510.444819202472,27100.344966716984,27320.6742199324,4585976,1d,VCB,VCB.VN
2020-03-27 00:00:00,28246.05078125,29039.231835239778,27541.001817246597,27893.526299248297,4167006,1d,VCB,VCB.VN
2020-03-30 00:00:00,26880.017578125,27056.27981682667,26351.23086201999,26483.426086817333,4856573,1d,VCB,VCB.VN
2020-03-31 00:00:00,27320.673828125,28246.05008585445,26439.360705846077,27100.34457806934,2157150,1d,VCB,VCB.VN
2020-04-01 00:00:00,28642.642578125,29039.232139793232,27100.345529477596,27100.345529477596,2924982,1d,VCB,VCB.VN
2020-04-03 00:00:00,28862.970703125,29215.495198670335,28201.9867892345,28642.64337815216,3890057,1d,VCB,VCB.VN
2020-04-06 00:00:00,29964.609375,30096.806537494827,29083.296251015723,29744.280124518,4756320,1d,VCB,VCB.VN
2020-04-07 00:00:00,30052.740234375,30405.26665568453,29435.823359770115,29964.610083276548,4151123,1d,VCB,VCB.VN
2020-04-08 00:00:00,29744.28125,30052.740661168984,29435.82377780295,29523.953930152984,4006508,1d,VCB,VCB.VN
2020-04-09 00:00:00,31286.578125,31727.23470111885,29964.61033561537,29964.61033561537,5054873,1d,VCB,VCB.VN
2020-04-10 00:00:00,31110.31640625,31683.1682197767,30669.659822710415,31286.57865187144,3772206,1d,VCB,VCB.VN
2020-04-13 00:00:00,31198.4453125,31639.101878425514,30845.92083534834,31110.315162698025,2358401,1d,VCB,VCB.VN
2020-04-14 00:00:00,30801.857421875,31198.446995319373,29876.47916520882,31066.251763485903,4425977,1d,VCB,VCB.VN
2020-04-15 00:00:00,31242.513671875,31418.77591804181,30713.72499440262,30713.72499440262,2518154,1d,VCB,VCB.VN
2020-04-16 00:00:00,31374.7109375,31374.7109375,30757.7921045375,30845.922258405302,2500828,1d,VCB,VCB.VN
2020-04-17 00:00:00,31462.83984375,31639.102083468126,31242.512528845313,31506.904918936558,4120865,1d,VCB,VCB.VN
2020-04-20 00:00:00,31683.16796875,31903.497228260094,31198.446312388507,31595.037816123513,3280287,1d,VCB,VCB.VN
2020-04-21 00:00:00,31506.90625,31506.90625,29876.4790094982,31286.578925787206,4983660,1d,VCB,VCB.VN
2020-04-22 00:00:00,30537.462890625,31330.643971560035,30405.267659612473,30405.267659612473,3758488,1d,VCB,VCB.VN
2020-04-23 00:00:00,30493.396484375,31286.577530734266,30317.134245069818,31286.577530734266,2707104,1d,VCB,VCB.VN
2020-04-24 00:00:00,30361.19921875,30669.65862124682,29744.280413756358,30493.396382530333,2764914,1d,VCB,VCB.VN
2020-04-27 00:00:00,29435.82421875,30801.857112414076,29435.82421875,30801.857112414076,5864430,1d,VCB,VCB.VN
2020-04-28 00:00:00,29523.953125,30184.937005487172,28730.772080621016,29435.822975053383,4624885,1d,VCB,VCB.VN
2020-04-29 00:00:00,29964.609375,30008.674449507656,29523.95281300786,29523.95281300786,3671682,1d,VCB,VCB.VN
2020-05-04 00:00:00,29700.216796875,30008.676214514835,29435.824395306554,29964.61113741542,2046215,1d,VCB,VCB.VN
2020-05-05 00:00:00,29435.82421875,29832.413788209906,29435.82421875,29656.151541897507,2270109,1d,VCB,VCB.VN
2020-05-06 00:00:00,29788.34765625,29832.41273152429,29303.626011317105,29656.150491455228,2664659,1d,VCB,VCB.VN
2020-05-07 00:00:00,30713.724609375,30713.724609375,29832.413389589092,29876.478465835404,5383391,1d,VCB,VCB.VN
2020-05-08 00:00:00,32388.21875,32696.67816085447,30757.79154346748,30845.92169572765,9159362,1d,VCB,VCB.VN
2020-05-11 00:00:00,32828.875,32828.875,31947.563739296897,32388.22033913446,3940679,1d,VCB,VCB.VN
2020-05-12 00:00:00,33313.59765625,33489.857964334784,32784.808976107764,32872.93913015016,5194059,1d,VCB,VCB.VN
2020-05-13 00:00:00,33313.59765625,33710.187227384704,31727.235493767243,33313.59765625,4172299,1d,VCB,VCB.VN
2020-05-14 00:00:00,33489.85546875,33666.119641643934,33005.13577969307,33049.200853430644,4997086,1d,VCB,VCB.VN
2020-05-15 00:00:00,33489.85546875,33710.18471538151,33313.59517379972,33666.119641643934,3834974,1d,VCB,VCB.VN
2020-05-18 00:00:00,34591.5,34811.82538254779,33401.72742246635,33622.056682958035,2580018,1d,VCB,VCB.VN
2020-05-19 00:00:00,34811.82421875,35296.54780003809,34723.69406867717,35208.41764996526,3857569,1d,VCB,VCB.VN
2020-05-20 00:00:00,35076.21875,35120.283825291546,34547.433968557656,34547.433968557656,1703640,1d,VCB,VCB.VN
2020-05-21 00:00:00,35781.26953125,35781.26953125,35076.2205348219,35252.48472290092,3558723,1d,VCB,VCB.VN
2020-05-22 00:00:00,35693.13671875,35825.33194150905,35252.48209827614,35781.26686725603,3708991,1d,VCB,VCB.VN
2020-05-25 00:00:00,35737.203125,35825.33327679082,35605.00789731377,35649.07297320918,1842215,1d,VCB,VCB.VN
2020-05-26 00:00:00,36354.12109375,36398.18616861551,35693.137214879775,35693.137214879775,2116348,1d,VCB,VCB.VN
2020-05-27 00:00:00,36530.38671875,37191.37062381312,36530.38671875,36574.45179536169,1842351,1d,VCB,VCB.VN
2020-05-28 00:00:00,37235.43359375,37499.82791640535,36574.44972608347,36574.44972608347,5222917,1d,VCB,VCB.VN
2020-05-29 00:00:00,37543.89453125,37896.41901660947,37235.435121817485,37455.764379396096,2616019,1d,VCB,VCB.VN
2020-06-01 00:00:00,38116.75,38204.88015584418,37676.091464891084,37676.091464891084,2085529,1d,VCB,VCB.VN
2020-06-02 00:00:00,38160.8125,38293.00772483592,38028.61339722032,38293.00772483592,2577405,1d,VCB,VCB.VN
2020-06-03 00:00:00,38733.6640625,38733.6640625,38293.00941564626,38337.07449253724,1132644,1d,VCB,VCB.VN
2020-06-04 00:00:00,39218.38671875,39218.38671875,38777.732082519135,38777.732082519135,1658988,1d,VCB,VCB.VN
2020-06-05 00:00:00,39218.38671875,39350.58194623611,38337.07356834443,39262.4517945787,1913994,1d,VCB,VCB.VN
2020-06-08 00:00:00,39394.6484375,39747.176812683516,38953.99378543657,39218.388127852224,2753582,1d,VCB,VCB.VN
2020-06-09 00:00:00,39438.71484375,39659.040216569076,39394.64589124246,39614.97514200526,941011,1d,VCB,VCB.VN
2020-06-10 00:00:00,39482.78125,39570.911402100115,39350.58214390598,39438.71617394995,7577827,1d,VCB,VCB.VN
2020-06-11 00:00:00,38777.73046875,39482.779408555696,38337.07197291368,39438.7143345608,2667205,1d,VCB,VCB.VN
2020-06-12 00:00:00,37720.15625,38116.74970410816,36354.12333324342,36354.12333324342,3633744,1d,VCB,VCB.VN
2020-06-15 00:00:00,36133.79296875,37808.289133541584,36045.66281626956,37720.15510311727,2745247,1d,VCB,VCB.VN
2020-06-16 00:00:00,36882.91015625,37015.1053823097,36310.056420770365,37015.1053823097,1809030,1d,VCB,VCB.VN
2020-06-17 00:00:00,37103.234375,37543.8928706667,36926.974079088264,37455.76272271083,2797536,1d,VCB,VCB.VN
2020-06-18 00:00:00,37455.765625,38116.74954177323,36971.04201779618,37015.107095188534,4392656,1d,VCB,VCB.VN
2020-06-19 00:00:00,37632.0234375,37896.41776225423,37455.76313962633,37455.76313962633,2885894,1d,VCB,VCB.VN
2020-06-22 00:00:00,37676.08984375,37720.15491977604,37455.76446361981,37455.76446361981,3111453,1d,VCB,VCB.VN
2020-06-23 00:00:00,37896.41796875,38337.072593779,37587.958567846574,37676.08871726363,2156540,1d,VCB,VCB.VN
2020-06-24 00:00:00,37323.56640625,37896.42016657125,37059.172064721424,37896.42016657125,1667505,1d,VCB,VCB.VN
2020-06-25 00:00:00,36882.91015625,37191.36956166644,36442.25164683007,36442.25164683007,1231546,1d,VCB,VCB.VN
2020-06-26 00:00:00,36706.64453125,37323.563317786335,36574.44931039663,37059.16899813595,2322579,1d,VCB,VCB.VN
2020-06-29 00:00:00,35913.46875,36706.64790388541,35737.20456138991,36706.64790388541,2109567,1d,VCB,VCB.VN
2020-06-30 00:00:00,35384.6796875,36354.123019732106,35252.48445589997,36354.123019732106,2196552,1d,VCB,VCB.VN
2020-07-01 00:00:00,36442.25390625,36442.25390625,35252.48516411561,35384.68039837142,1077875,1d,VCB,VCB.VN
2020-07-02 00:00:00,36398.1875,36662.58183680794,35693.13852047475,36662.58183680794,1507278,1d,VCB,VCB.VN
2020-07-03 00:00:00,36574.453125,36706.64835964092,36221.92862134682,36354.123855987746,834337,1d,VCB,VCB.VN
2020-07-06 00:00:00,36530.38671875,36750.712101808436,36310.05745774766,36574.45179536169,2863050,1d,VCB,VCB.VN
2020-07-07 00:00:00,36750.7109375,37103.23541716899,36706.64586228435,37015.105266737686,3079329,1d,VCB,VCB.VN
2020-07-08 00:00:00,36574.453125,36750.71343785457,36486.32296857272,36662.58328142729,1318373,1d,VCB,VCB.VN
2020-07-09 00:00:00,36838.84375,36971.038971283815,36706.64465077253,36971.038971283815,2341143,1d,VCB,VCB.VN
2020-07-10 00:00:00,36442.25390625,36838.847364905494,36177.86343773838,36750.713330790924,2362298,1d,VCB,VCB.VN
2020-07-13 00:00:00,36530.38671875,36794.777178420125,36310.05745774766,36750.712101808436,889060,1d,VCB,VCB.VN
2020-07-14 00:00:00,36574.453125,36574.453125,36221.92862134682,36530.38804678636,1365503,1d,VCB,VCB.VN
2020-07-15 00:00:00,36794.77734375,36926.97645212298,36662.58211332095,36662.58211332095,2700165,1d,VCB,VCB.VN
2020-07-16 00:00:00,36794.77734375,36971.04152893266,36530.38688289189,36926.97645212298,2995069,1d,VCB,VCB.VN
2020-07-17 00:00:00,36486.3203125,36838.844790490664,36486.3203125,36838.844790490664,2058223,1d,VCB,VCB.VN
2020-07-20 00:00:00,36221.92578125,36442.25115504289,36001.59652951337,36354.12100552573,1862764,1d,VCB,VCB.VN
2020-07-21 00:00:00,36354.12109375,36486.3201962903,36001.596616882125,36354.12109375,2887629,1d,VCB,VCB.VN
2020-07-22 00:00:00,36354.12109375,36354.12109375,36221.925869153456,36354.12109375,1757980,1d,VCB,VCB.VN
2020-07-23 00:00:00,36354.12109375,36486.3201962903,36177.86079428794,36354.12109375,3165030,1d,VCB,VCB.VN
2020-07-24 00:00:00,35693.13671875,36265.99043992661,34591.4982285935,36177.86029142058,3022353,1d,VCB,VCB.VN
2020-07-27 00:00:00,33930.515625,35252.483413693415,33489.85711013963,33489.85711013963,2871476,1d,VCB,VCB.VN
2020-07-28 00:00:00,34591.5,34723.695229528676,33710.18683597715,33930.51609646883,2173347,1d,VCB,VCB.VN
2020-07-29 00:00:00,34150.83984375,34371.16909369152,33093.266424329384,33489.855971869154,1877947,1d,VCB,VCB.VN
2020-07-30 00:00:00,34106.77734375,34591.50095461983,34062.712266024384,34194.90749920124,2112496,1d,VCB,VCB.VN
2020-07-31 00:00:00,33666.12109375,34106.775728075925,33489.85691325334,33489.85691325334,1716572,1d,VCB,VCB.VN
2020-08-03 00:00:00,34723.6953125,34723.6953125,33489.85765550857,33489.85765550857,997626,1d,VCB,VCB.VN
2020-08-04 00:00:00,36089.7265625,36089.7265625,34988.08806326142,35252.48238890293,1389675,1d,VCB,VCB.VN
2020-08-05 00:00:00,36442.25390625,36574.45301844984,35428.74547645669,36089.7294036238,2653553,1d,VCB,VCB.VN
2020-08-06 00:00:00,36486.3203125,36618.51553751759,36089.7268815597,36398.18628454451,1852669,1d,VCB,VCB.VN
2020-08-07 00:00:00,36530.38671875,36574.45179536169,36310.05745774766,36574.45179536169,1168487,1d,VCB,VCB.VN
2020-08-10 00:00:00,36089.7265625,36662.5802883993,36089.7265625,36574.45013916671,1821626,1d,VCB,VCB.VN
2020-08-11 00:00:00,36177.86328125,36398.18867072332,36045.66416962199,36354.12359282866,917873,1d,VCB,VCB.VN
2020-08-12 00:00:00,36177.86328125,36265.99343703933,36089.729247516654,36177.86328125,699365,1d,VCB,VCB.VN
2020-08-13 00:00:00,36574.453125,36574.453125,36133.79458697549,36530.38804678636,1013822,1d,VCB,VCB.VN
2020-08-14 00:00:00,36133.79296875,36618.516563280165,36089.72789250978,36574.45148703994,1971893,1d,VCB,VCB.VN
2020-08-17 00:00:00,36265.9921875,36530.38652370234,36001.59785129766,36133.79308042688,877457,1d,VCB,VCB.VN
2020-08-18 00:00:00,36265.9921875,36398.187416629225,36001.59785129766,36265.9921875,902509,1d,VCB,VCB.VN
2020-08-19 00:00:00,36574.453125,36574.453125,36133.79458697549,36265.99369956046,1321977,1d,VCB,VCB.VN
2020-08-20 00:00:00,36574.453125,37235.43705409272,36574.453125,36574.453125,3274541,1d,VCB,VCB.VN
2020-08-21 00:00:00,36530.38671875,36662.58194858506,36398.18761097103,36574.45179536169,3112920,1d,VCB,VCB.VN
2020-08-24 00:00:00,36971.0390625,37279.4984575336,36574.44951972642,36574.44951972642,4082273,1d,VCB,VCB.VN
2020-08-25 00:00:00,36971.0390625,37411.69367914357,36971.0390625,36971.0390625,4270143,1d,VCB,VCB.VN
2020-08-26 00:00:00,36794.77734375,36971.04152893266,36750.71226694032,36971.04152893266,3694617,1d,VCB,VCB.VN
2020-08-27 00:00:00,36794.77734375,36971.04152893266,36662.58211332095,36794.77734375,5351152,1d,VCB,VCB.VN
2020-08-28 00:00:00,36750.7109375,36971.040191522035,36706.64586228435,36838.84496587508,5918929,1d,VCB,VCB.VN
2020-08-31 00:00:00,36574.453125,37235.43705409272,36486.32296857272,37015.107785080465,2188261,1d,VCB,VCB.VN
2020-09-01 00:00:00,36574.453125,36706.64835964092,36530.38804678636,36574.453125,3955188,1d,VCB,VCB.VN
2020-09-03 00:00:00,37984.55078125,38116.74989258775,36882.91220247015,36882.91220247015,6621471,1d,VCB,VCB.VN
2020-09-04 00:00:00,37411.6953125,37940.48397791359,37367.63023670617,37455.76426623766,5515907,1d,VCB,VCB.VN
2020-09-07 00:00:00,36838.84375,37499.82761230639,36838.84375,37323.563439317644,3257195,1d,VCB,VCB.VN
2020-09-08 00:00:00,36354.12109375,36971.03989775471,36265.990944018966,36838.844673158164,4612945,1d,VCB,VCB.VN
2020-09-09 00:00:00,36221.92578125,36662.58040677952,35913.466379996215,36133.791753789104,3378625,1d,VCB,VCB.VN
2020-09-10 00:00:00,36177.86328125,36706.648093929995,36177.86328125,36574.452860246005,1598881,1d,VCB,VCB.VN
2020-09-11 00:00:00,36265.9921875,36398.187416629225,36045.66292767407,36177.86203474718,1499731,1d,VCB,VCB.VN
2020-09-14 00:00:00,36574.453125,36618.51820321364,36442.254012415025,36486.32296857272,1481685,1d,VCB,VCB.VN
2020-09-15 00:00:00,36354.12109375,36794.7757203489,36354.12109375,36574.450346021324,2971503,1d,VCB,VCB.VN
2020-09-16 00:00:00,36530.38671875,36618.51687197337,36133.793273357005,36398.18761097103,1414887,1d,VCB,VCB.VN
2020-09-17 00:00:00,36354.12109375,36574.450346021324,36133.79184147867,36354.12109375,3515849,1d,VCB,VCB.VN
2020-09-18 00:00:00,36530.38671875,36574.45179536169,36310.05745774766,36310.05745774766,2677344,1d,VCB,VCB.VN
2020-09-21 00:00:00,36574.453125,36838.8474722259,36574.453125,36618.51820321364,3765404,1d,VCB,VCB.VN
2020-09-22 00:00:00,37015.10546875,37191.36964851836,36486.32068533253,36574.45083624481,3935722,1d,VCB,VCB.VN
2020-09-23 00:00:00,37632.0234375,37676.08851196842,37103.234787991554,37103.234787991554,3143221,1d,VCB,VCB.VN
2020-09-24 00:00:00,37940.484375,37984.549451255014,37059.171216068105,37059.171216068105,3669362,1d,VCB,VCB.VN
2020-09-25 00:00:00,37896.41796875,37984.548118167055,37676.08871726363,37940.483043458524,2494565,1d,VCB,VCB.VN
2020-09-28 00:00:00,37896.41796875,37984.548118167055,37632.023642555105,37808.287819332945,2826846,1d,VCB,VCB.VN
2020-09-29 00:00:00,37279.5,37940.483891285876,36926.97551651045,37896.41881559266,4008108,1d,VCB,VCB.VN
2020-09-30 00:00:00,37059.171875,37455.76532423452,36926.97664388446,37455.76532423452,1970046,1d,VCB,VCB.VN
2020-10-01 00:00:00,37367.62890625,37499.82800686843,37103.23458295684,37499.82800686843,826880,1d,VCB,VCB.VN
2020-10-02 00:00:00,37015.10546875,37455.76397919899,35252.48306078544,37367.62995034291,2006970,1d,VCB,VCB.VN
2020-10-05 00:00:00,36794.77734375,37455.76512972704,36750.71226694032,37235.4358677347,1970710,1d,VCB,VCB.VN
2020-10-06 00:00:00,36971.0390625,37191.368309793615,36662.5796674664,36926.97398863001,8162723,1d,VCB,VCB.VN
2020-10-07 00:00:00,37455.765625,37543.8957797847,36618.517520713394,36838.84678561913,2226470,1d,VCB,VCB.VN
2020-10-08 00:00:00,37367.62890625,37676.088303768076,36926.974286057186,37676.088303768076,1379088,1d,VCB,VCB.VN
2020-10-09 00:00:00,37367.62890625,37455.76293264352,37235.43368357526,37235.43368357526,825011,1d,VCB,VCB.VN
2020-10-12 00:00:00,37852.35546875,38337.07520145805,37367.63185809794,37896.420546455825,3547436,1d,VCB,VCB.VN
2020-10-13 00:00:00,38116.75,38293.01031168835,37676.091464891084,37896.42073244554,3128217,1d,VCB,VCB.VN
2020-10-14 00:00:00,38865.86328125,39218.38777532072,38204.879370124414,38248.94444714026,2717850,1d,VCB,VCB.VN
2020-10-15 00:00:00,39042.12109375,39042.12109375,38248.94200227669,38865.86079695313,3209794,1d,VCB,VCB.VN
2020-10-16 00:00:00,38865.86328125,39042.123589313385,38557.40386419513,38998.05851229754,1628506,1d,VCB,VCB.VN
2020-10-19 00:00:00,38557.40234375,38909.92682391952,38557.40234375,38777.73159808487,2647719,1d,VCB,VCB.VN
2020-10-20 00:00:00,38645.53125,38689.59632385941,38293.006781181044,38337.071855040456,2423622,1d,VCB,VCB.VN
2020-10-21 00:00:00,37984.55078125,39042.12428223194,37852.35554785626,38689.599781904624,3316377,1d,VCB,VCB.VN
2020-10-22 00:00:00,38160.8125,38160.8125,37499.828619932865,37940.4832473297,2975199,1d,VCB,VCB.VN
2020-10-23 00:00:00,38557.40234375,38557.40234375,38204.877863580485,38293.00801413692,1595749,1d,VCB,VCB.VN
2020-10-26 00:00:00,37896.41796875,38689.59706939095,37896.41796875,38557.40184526537,2308161,1d,VCB,VCB.VN
2020-10-27 00:00:00,37896.41796875,38469.27169584832,37676.08871726363,37896.41796875,2634358,1d,VCB,VCB.VN
2020-10-28 00:00:00,37103.234375,38116.7465882672,36794.77497921078,37896.41734043385,2019339,1d,VCB,VCB.VN
2020-10-29 00:00:00,36838.84375,37367.62851307892,36794.774798295075,37191.36821803383,1722835,1d,VCB,VCB.VN
2020-10-30 00:00:00,36574.453125,37191.371975879076,36486.32296857272,36838.8474722259,2457032,1d,VCB,VCB.VN
2020-11-02 00:00:00,37808.2890625,37808.2890625,36574.451418316734,36574.451418316734,1014478,1d,VCB,VCB.VN
2020-11-03 00:00:00,37455.765625,37852.35519947514,37323.56651487897,37808.29012208279,695130,1d,VCB,VCB.VN
2020-11-04 00:00:00,37455.765625,37676.091011961755,37147.306205309564,37455.765625,940945,1d,VCB,VCB.VN
2020-11-05 00:00:00,37455.765625,37676.091011961755,37367.63159227132,37676.091011961755,1333623,1d,VCB,VCB.VN
2020-11-06 00:00:00,37455.765625,37499.830702392355,37015.107095188534,37499.830702392355,728045,1d,VCB,VCB.VN
2020-11-09 00:00:00,37676.08984375,37808.28894977197,37367.630433623875,37455.76446361981,2324991,1d,VCB,VCB.VN
2020-11-10 00:00:00,37499.828125,38469.27139483307,37499.828125,37940.48274658096,3531463,1d,VCB,VCB.VN
2020-11-11 00:00:00,37411.6953125,38160.81323482656,37411.6953125,37676.0896452068,2326161,1d,VCB,VCB.VN
2020-11-12 00:00:00,38072.6796875,38116.74864179581,37720.15519874069,37764.22027509262,969532,1d,VCB,VCB.VN
2020-11-13 00:00:00,38293.0078125,38293.0078125,37984.54840923293,38160.81258736144,1067512,1d,VCB,VCB.VN
2020-11-16 00:00:00,37808.2890625,38689.59834153616,37455.764575296766,38425.20788459163,2816887,1d,VCB,VCB.VN
2020-11-17 00:00:00,38601.46875,38601.46875,37676.09050341922,37808.289611755856,1235151,1d,VCB,VCB.VN
2020-11-18 00:00:00,38601.46875,38645.53382679757,38337.074411270645,38601.46875,2088008,1d,VCB,VCB.VN
2020-11-19 00:00:00,39747.17578125,39747.17578125,38513.33813395754,38645.53336276293,5822480,1d,VCB,VCB.VN
2020-11-20 00:00:00,40760.68359375,40760.68359375,39703.10626646349,40099.69970316784,2856583,1d,VCB,VCB.VN
2020-11-23 00:00:00,40364.08984375,40716.61820207182,40099.699391924325,40584.419098215185,1461748,1d,VCB,VCB.VN
2020-11-24 00:00:00,40716.6171875,40716.6171875,40011.56436636858,40540.35301273122,2339815,1d,VCB,VCB.VN
2020-11-25 00:00:00,41201.33984375,41509.79926331329,40672.551159371804,40760.68519206415,2532302,1d,VCB,VCB.VN
2020-11-26 00:00:00,41421.66796875,41421.66796875,40804.7491465994,41201.338709997966,1573311,1d,VCB,VCB.VN
2020-11-27 00:00:00,41641.9921875,41641.9921875,41069.14233544081,41421.666812840216,2727313,1d,VCB,VCB.VN
2020-11-30 00:00:00,40981.0078125,41421.66631238304,40320.023940619154,41289.46721124064,3344066,1d,VCB,VCB.VN
2020-12-01 00:00:00,40540.35546875,41069.14414714776,39967.50171347642,39967.50171347642,2618476,1d,VCB,VCB.VN
2020-12-02 00:00:00,41201.33984375,41201.33984375,40320.02666243433,40540.35592724924,1682259,1d,VCB,VCB.VN
2020-12-03 00:00:00,41201.33984375,41377.60403119073,40716.62011468996,41201.33984375,1740948,1d,VCB,VCB.VN
2020-12-04 00:00:00,40143.765625,41201.33909663516,40143.765625,41069.14386690973,1939518,1d,VCB,VCB.VN
2020-12-07 00:00:00,41025.078125,41113.208276721016,40275.960201539856,40275.960201539856,2130023,1d,VCB,VCB.VN
2020-12-08 00:00:00,41025.078125,41377.602609827896,40320.02527740036,40981.00917119565,1854855,1d,VCB,VCB.VN
2020-12-09 00:00:00,42523.3046875,42523.3046875,41069.14172459889,41245.402021705115,2699333,1d,VCB,VCB.VN
2020-12-10 00:00:00,42831.765625,43052.094882246376,42479.2411401721,42523.30621603261,2928362,1d,VCB,VCB.VN
2020-12-11 00:00:00,42831.765625,42875.830700860504,42258.91188292572,42831.765625,3077976,1d,VCB,VCB.VN
2020-12-14 00:00:00,44021.5390625,44021.5390625,42258.91272528185,42831.766478774945,2097628,1d,VCB,VCB.VN
2020-12-15 00:00:00,43096.16015625,43977.47331134368,42523.30641154192,43624.94882489498,3228987,1d,VCB,VCB.VN
2020-12-16 00:00:00,44021.5390625,44021.5390625,43096.16081715206,43404.62023226804,1668721,1d,VCB,VCB.VN
2020-12-17 00:00:00,42302.9765625,43448.68403591578,41862.32193007906,43448.68403591578,5192616,1d,VCB,VCB.VN
2020-12-18 00:00:00,43580.87890625,43580.87890625,42302.97621693017,42302.97621693017,2372751,1d,VCB,VCB.VN
2020-12-21 00:00:00,43580.87890625,43624.94785928152,42875.82994895846,43580.87890625,1660453,1d,VCB,VCB.VN
2020-12-22 00:00:00,43140.2265625,43228.35671734362,42963.96237486879,43184.29163992181,1842508,1d,VCB,VCB.VN
2020-12-23 00:00:00,42963.9609375,43404.61945286372,42699.570481814386,42963.9609375,1501307,1d,VCB,VCB.VN
2020-12-24 00:00:00,42875.83203125,43140.22637256075,42302.97827140071,43140.22637256075,2189207,1d,VCB,VCB.VN
2020-12-25 00:00:00,43008.03125,43008.03125,42611.43779805564,42743.636908018416,865020,1d,VCB,VCB.VN
2020-12-28 00:00:00,43184.2890625,43272.41921208363,42875.82966101352,43184.2890625,1883623,1d,VCB,VCB.VN
2020-12-29 00:00:00,43713.078125,43977.472454169125,43096.15931625331,43184.28946666176,1569165,1d,VCB,VCB.VN
2020-12-30 00:00:00,43140.2265625,43889.34063455871,42963.96237486879,43713.08032487147,1597754,1d,VCB,VCB.VN
2020-12-31 00:00:00,43140.2265625,43624.950170027856,42743.63698775974,43140.2265625,827128,1d,VCB,VCB.VN
2021-01-04 00:00:00,43624.94921875,43977.47370838136,42875.831285082444,43184.29069825287,2045405,1d,VCB,VCB.VN
2021-01-05 00:00:00,43757.14453125,44329.99828221807,43624.94930161609,43624.94930161609,2469693,1d,VCB,VCB.VN
2021-01-06 00:00:00,46268.8828125,46797.66758491855,43757.14254019477,43845.27268927391,4686929,1d,VCB,VCB.VN
2021-01-07 00:00:00,47150.1953125,47811.17923208828,45828.22747332344,45828.22747332344,2703025,1d,VCB,VCB.VN
2021-01-08 00:00:00,46180.75,47590.85181206956,46048.554772904645,47590.85181206956,2254924,1d,VCB,VCB.VN
2021-01-11 00:00:00,46048.5546875,46577.34335078834,45872.29050708928,46092.61976311672,1909106,1d,VCB,VCB.VN
2021-01-12 00:00:00,46533.27734375,46533.27734375,45916.358541576614,46533.27734375,1899080,1d,VCB,VCB.VN
2021-01-13 00:00:00,46180.75,46753.60373996751,45828.22551646856,46533.278361475255,3014828,1d,VCB,VCB.VN
2021-01-14 00:00:00,45784.16015625,46357.01389265759,45519.76582575851,46268.88374180836,2100152,1d,VCB,VCB.VN
2021-01-15 00:00:00,45475.703125,46224.821080167545,45167.24370297666,46180.75212449792,2709334,1d,VCB,VCB.VN
2021-01-18 00:00:00,45519.765625,46268.88353774596,45387.57039930919,45607.899653404325,2506123,1d,VCB,VCB.VN
2021-01-19 00:00:00,43624.94921875,45519.76689628962,42347.046489607346,45431.63674336775,5409481,1d,VCB,VCB.VN
2021-01-20 00:00:00,43669.015625,46665.47581708538,43184.29201328136,43624.950547197215,4715316,1d,VCB,VCB.VN
2021-01-21 00:00:00,45387.5703125,45387.5703125,43184.289409593985,43669.012992087446,2975402,1d,VCB,VCB.VN
2021-01-22 00:00:00,45387.5703125,45828.22494190369,44946.915683096304,45387.5703125,4227338,1d,VCB,VCB.VN
2021-01-25 00:00:00,45167.2421875,45387.571446679496,44550.32336415253,44550.32336415253,1680436,1d,VCB,VCB.VN
2021-01-26 00:00:00,44462.19140625,45167.240353462876,43624.9472356636,45167.240353462876,2186437,1d,VCB,VCB.VN
2021-01-27 00:00:00,42919.89453125,44065.60198215184,41377.60140911192,43669.01243297187,3737559,1d,VCB,VCB.VN
2021-01-28 00:00:00,39923.4375,41113.21011315346,39923.4375,40540.35634549113,4081575,1d,VCB,VCB.VN
2021-01-29 00:00:00,40981.0078125,42699.56898174517,37676.088453095756,37676.088453095756,3061689,1d,VCB,VCB.VN
2021-02-01 00:00:00,40143.765625,42302.977644845465,40099.70054842486,42302.977644845465,2999282,1d,VCB,VCB.VN
2021-02-02 00:00:00,42523.3046875,42611.43483605311,40540.353077392836,40540.353077392836,2597139,1d,VCB,VCB.VN
2021-02-03 00:00:00,43580.87890625,43624.94785928152,42567.37054540044,43140.22427742873,3328882,1d,VCB,VCB.VN
2021-02-04 00:00:00,43580.87890625,43624.94785928152,41377.60188419988,43580.87890625,2179227,1d,VCB,VCB.VN
2021-02-05 00:00:00,44065.6015625,44065.6015625,43140.22337126361,43580.87799082888,2332424,1d,VCB,VCB.VN
2021-02-08 00:00:00,41465.734375,43977.47482033263,41025.07972130501,43624.950321787845,6538363,1d,VCB,VCB.VN
2021-02-09 00:00:00,42831.765625,42919.895776721016,41025.078125,42743.635473278984,6711159,1d,VCB,VCB.VN
2021-02-17 00:00:00,44065.6015625,44065.6015625,42963.95919667128,42963.95919667128,2374779,1d,VCB,VCB.VN
2021-02-18 00:00:00,44946.91796875,44946.91796875,43184.29160561409,43624.950135370054,3804920,1d,VCB,VCB.VN
2021-02-19 00:00:00,44638.45703125,44814.7173348038,43669.013727872574,43713.078803761025,4375579,1d,VCB,VCB.VN
2021-02-22 00:00:00,44329.99609375,44946.91489080687,44197.79699269855,44285.931019380754,3128599,1d,VCB,VCB.VN
2021-02-23 00:00:00,44065.6015625,44506.25618206527,43713.077091259045,44065.6015625,3247326,1d,VCB,VCB.VN
2021-02-24 00:00:00,43228.35546875,44506.25818884785,42523.3064944775,44285.93280810261,2997029,1d,VCB,VCB.VN
2021-02-25 00:00:00,43272.421875,43845.275638433646,43008.031409978925,43624.950250916074,2077396,1d,VCB,VCB.VN
2021-02-26 00:00:00,43272.421875,43624.950250916074,42743.63706701386,42875.832299524394,2458856,1d,VCB,VCB.VN
2021-03-01 00:00:00,43713.078125,43757.14320020423,43272.419617070205,43272.419617070205,2199279,1d,VCB,VCB.VN
2021-03-02 00:00:00,43757.14453125,44858.7830786976,43184.29078028193,44065.60394500635,2806434,1d,VCB,VCB.VN
2021-03-03 00:00:00,43360.5546875,43801.2093280762,43272.42065702966,43316.48961123677,2175081,1d,VCB,VCB.VN
2021-03-04 00:00:00,42875.83203125,43845.27536409343,41025.07939796269,43448.68579109929,2665402,1d,VCB,VCB.VN
2021-03-05 00:00:00,42479.2421875,42831.766681019406,41862.32335435505,42787.70160407248,3914636,1d,VCB,VCB.VN
2021-03-08 00:00:00,41950.453125,42743.636136630295,41862.32297191127,42743.636136630295,3428459,1d,VCB,VCB.VN
2021-03-09 00:00:00,41862.32421875,41862.32421875,41025.07998358253,41862.32421875,3265124,1d,VCB,VCB.VN
2021-03-10 00:00:00,42082.65234375,42214.84757373233,41421.66843795053,41862.323082502204,2455432,1d,VCB,VCB.VN
2021-03-11 00:00:00,42435.17578125,42655.50503702668,42214.84652547332,42214.84652547332,2430425,1d,VCB,VCB.VN
2021-03-12 00:00:00,42214.84765625,42523.3070714223,41641.99390265232,42435.176917928475,2984638,1d,VCB,VCB.VN
2021-03-15 00:00:00,42435.17578125,42743.63518815983,42082.6512987736,42302.976676606464,3299143,1d,VCB,VCB.VN
2021-03-16 00:00:00,42170.78125,42302.97647607306,41906.38691991008,42302.97647607306,1477448,1d,VCB,VCB.VN
2021-03-17 00:00:00,42126.71484375,42214.844991681115,41862.32052201298,42082.64976978444,2938679,1d,VCB,VCB.VN
2021-03-18 00:00:00,42963.9609375,42963.9609375,42082.65166266026,42391.11107223733,3683714,1d,VCB,VCB.VN
2021-03-19 00:00:00,41509.796875,42787.69955710175,41509.796875,42787.69955710175,3594950,1d,VCB,VCB.VN
2021-03-22 00:00:00,42743.63671875,42963.96210447241,42038.587728550374,42302.97819141727,4458486,1d,VCB,VCB.VN
2021-03-23 00:00:00,42214.84765625,42699.57125635386,42038.58734926236,42699.57125635386,2178101,1d,VCB,VCB.VN
2021-03-24 00:00:00,41730.12890625,42258.91371747561,41465.734561665195,41862.3241395704,3401425,1d,VCB,VCB.VN
2021-03-25 00:00:00,41906.38671875,42302.97627300926,41641.99238992923,41730.12641816534,2787509,1d,VCB,VCB.VN
2021-03-26 00:00:00,41818.2578125,42082.65214918618,41289.46913912765,41862.322888957046,2754842,1d,VCB,VCB.VN
2021-03-29 00:00:00,41994.5234375,42214.84882734667,41201.34040021988,41950.45448158664,6523943,1d,VCB,VCB.VN
2021-03-30 00:00:00,41774.19140625,41994.520659465416,41465.73200292593,41994.520659465416,5915436,1d,VCB,VCB.VN
2021-03-31 00:00:00,41774.19140625,41906.386631412985,41465.73200292593,41641.99230314324,2186661,1d,VCB,VCB.VN
2021-04-01 00:00:00,42699.5703125,43052.09479662682,41950.45239052966,41950.45239052966,7429158,1d,VCB,VCB.VN
2021-04-02 00:00:00,43096.16015625,43404.61956663559,42699.57059373819,42963.96105011683,5365502,1d,VCB,VCB.VN
2021-04-05 00:00:00,44946.91796875,45299.44246578839,43448.685947878876,44065.60478718205,8151889,1d,VCB,VCB.VN
2021-04-06 00:00:00,44902.84765625,45167.24199052358,44285.93271353679,44946.91661024881,5166347,1d,VCB,VCB.VN
2021-04-07 00:00:00,44902.84765625,44946.91661024881,44241.86375953798,44506.25809381156,2664502,1d,VCB,VCB.VN
2021-04-08 00:00:00,44065.6015625,44902.84572746838,43845.27231374552,44902.84572746838,3549216,1d,VCB,VCB.VN
2021-04-09 00:00:00,42963.9609375,43845.27409028359,42963.9609375,43845.27409028359,4734917,1d,VCB,VCB.VN
2021-04-12 00:00:00,43580.87890625,43713.07800945702,42919.89502404621,43404.618605899006,6015464,1d,VCB,VCB.VN
2021-04-13 00:00:00,42963.9609375,44065.60334796544,42963.9609375,44065.60334796544,3764368,1d,VCB,VCB.VN
2021-04-14 00:00:00,43492.75,43492.75,42699.57086984744,42875.83117523962,3236963,1d,VCB,VCB.VN
2021-04-15 00:00:00,42963.9609375,43977.47319607024,42655.50540586679,43977.47319607024,4850038,1d,VCB,VCB.VN
2021-04-16 00:00:00,42435.17578125,43404.61907754606,42302.976676606464,42875.83041485955,3640458,1d,VCB,VCB.VN
2021-04-19 00:00:00,43404.62109375,43404.62109375,42214.848486410694,42743.637173660165,3398498,1d,VCB,VCB.VN
2021-04-20 00:00:00,45387.5703125,46268.88344925116,43404.61866326772,43669.012992087446,14135139,1d,VCB,VCB.VN
2021-04-22 00:00:00,45387.5703125,46533.277778070886,45035.04583338829,45387.5703125,7460924,1d,VCB,VCB.VN
2021-04-23 00:00:00,45828.2265625,45828.2265625,44285.933366075995,45387.5719175137,5809774,1d,VCB,VCB.VN
2021-04-26 00:00:00,43448.68359375,45828.224789317224,43140.22419081131,45828.224789317224,8325361,1d,VCB,VCB.VN
2021-04-27 00:00:00,43624.94921875,43889.3396775156,43052.09546887007,43448.68503496237,2685003,1d,VCB,VCB.VN
2021-04-28 00:00:00,43624.94921875,43757.1444481328,43052.09546887007,43624.94921875,3500778,1d,VCB,VCB.VN
2021-04-29 00:00:00,44065.6015625,44065.6015625,43184.288445425766,43624.94694293473,3640008,1d,VCB,VCB.VN
2021-05-04 00:00:00,43669.015625,43889.34101401392,43184.29201328136,43624.950547197215,3721336,1d,VCB,VCB.VN
2021-05-05 00:00:00,44594.390625,44946.91509953476,43669.012425117355,43669.012425117355,4270820,1d,VCB,VCB.VN
2021-05-06 00:00:00,43757.14453125,44814.718002152964,43624.94930161609,44594.39261942978,2616066,1d,VCB,VCB.VN
2021-05-07 00:00:00,42743.63671875,43624.949895471516,42611.4376093726,43580.88094038308,5147422,1d,VCB,VCB.VN
2021-05-10 00:00:00,43228.35546875,43272.42054489905,42258.91215963935,42611.436646775604,3926802,1d,VCB,VCB.VN
2021-05-11 00:00:00,43140.2265625,43757.14540229328,42963.96237486879,43272.421794765425,2864560,1d,VCB,VCB.VN
2021-05-12 00:00:00,42875.83203125,43140.22637256075,42743.63679956661,43140.22637256075,2744704,1d,VCB,VCB.VN
2021-05-13 00:00:00,42655.50390625,43096.158528178006,42655.50390625,42831.76420384372,3980872,1d,VCB,VCB.VN
2021-05-14 00:00:00,42699.5703125,43316.48912920789,42567.37120723755,42919.89569136436,3252282,1d,VCB,VCB.VN
2021-05-17 00:00:00,42302.9765625,42875.83029920789,42214.84641160457,42787.70014831246,3863945,1d,VCB,VCB.VN
2021-05-18 00:00:00,41686.0625,42302.977447112324,41641.993545686935,41994.5219125281,4738746,1d,VCB,VCB.VN
2021-05-19 00:00:00,41465.734375,41686.06364081949,41333.53526433071,41686.06364081949,3915762,1d,VCB,VCB.VN
2021-05-20 00:00:00,43624.94921875,43624.94921875,41465.73332655699,41465.73332655699,4366341,1d,VCB,VCB.VN
2021-05-21 00:00:00,42655.50390625,43184.288676974866,42302.97555517514,42435.174656314135,4053414,1d,VCB,VCB.VN
2021-05-24 00:00:00,42919.89453125,43404.61810753731,42523.30498207003,42963.959605831806,4223509,1d,VCB,VCB.VN
2021-05-25 00:00:00,43977.47265625,44065.60280706341,42919.89533471384,42919.89533471384,10025401,1d,VCB,VCB.VN
2021-05-26 00:00:00,44241.86328125,44858.78209523771,43933.403874256146,44021.537903357115,5307830,1d,VCB,VCB.VN
2021-05-27 00:00:00,43492.75,44241.86405380452,43184.29058761981,44241.86405380452,4096670,1d,VCB,VCB.VN
2021-05-28 00:00:00,43889.33984375,44550.32374905532,43008.03055530551,43624.949383982996,5023963,1d,VCB,VCB.VN
2021-05-31 00:00:00,43448.68359375,44506.2570275639,43316.48836875217,44506.2570275639,6355427,1d,VCB,VCB.VN
2021-06-01 00:00:00,45696.03125,45916.36051106787,43492.75027315306,43801.20968747051,10303634,1d,VCB,VCB.VN
2021-06-02 00:00:00,46709.5390625,47370.52295949976,45696.03067896329,45828.2259071857,12201925,1d,VCB,VCB.VN
2021-06-03 00:00:00,47018.0,47590.853763456464,46709.540579519125,46753.605657024396,6312622,1d,VCB,VCB.VN
2021-06-04 00:00:00,46224.8203125,46929.86930028899,45872.29194066156,46929.86930028899,6636589,1d,VCB,VCB.VN
2021-06-07 00:00:00,45387.5703125,46224.81837410517,44594.391203984596,45960.42404528544,6812540,1d,VCB,VCB.VN
2021-06-08 00:00:00,44065.6015625,45828.223918704774,44065.6015625,45387.569299139504,5297916,1d,VCB,VCB.VN
2021-06-09 00:00:00,44946.91796875,44946.91796875,43713.08029014366,44065.60478718205,5483329,1d,VCB,VCB.VN
2021-06-10 00:00:00,44858.78125,45343.50482811872,44065.60214864322,44946.915277440334,5142242,1d,VCB,VCB.VN
2021-06-11 00:00:00,45299.44140625,45607.90081868682,44285.93301622725,44550.323474364064,4613936,1d,VCB,VCB.VN
2021-06-14 00:00:00,44946.91796875,45563.83680805317,44638.45854909842,44990.983046136804,3489063,1d,VCB,VCB.VN
2021-06-15 00:00:00,45299.44140625,45387.57155896227,44506.25839800793,44990.98199381318,3245751,1d,VCB,VCB.VN
2021-06-16 00:00:00,45828.2265625,46709.539730416516,45167.2426560486,45167.2426560486,6529801,1d,VCB,VCB.VN
2021-06-17 00:00:00,45916.359375,46268.88385722004,44946.91607940893,45828.22534598713,6524619,1d,VCB,VCB.VN
2021-06-18 00:00:00,47811.17578125,48031.50503119152,45960.42326674985,46048.55341554897,8617112,1d,VCB,VCB.VN
2021-06-21 00:00:00,46973.93359375,47678.98256977866,46709.53925825329,47590.85241726105,6776494,1d,VCB,VCB.VN
2021-06-22 00:00:00,47414.5859375,47811.175482562176,46929.866244189274,47194.26056687862,4891043,1d,VCB,VCB.VN
2021-06-23 00:00:00,48339.96484375,48912.818571735676,47150.19231300185,47590.85081665718,6048131,1d,VCB,VCB.VN
2021-06-24 00:00:00,48780.62109375,48824.690047937926,47502.71837089691,48472.16168209774,2575964,1d,VCB,VCB.VN
2021-06-25 00:00:00,49617.8671875,49705.997336455795,47987.44004209925,48780.619138588816,5231208,1d,VCB,VCB.VN
2021-06-28 00:00:00,49617.8671875,49794.13136335531,48956.88331444412,49617.8671875,5317967,1d,VCB,VCB.VN
2021-06-29 00:00:00,50234.7890625,50234.7890625,49133.15049925614,49353.47588513854,5301295,1d,VCB,VCB.VN
2021-06-30 00:00:00,51292.359375,51644.883848544356,50234.78595436694,50234.78595436694,7517924,1d,VCB,VCB.VN
2021-07-01 00:00:00,51292.359375,51468.623550744036,50675.44057681145,51424.558476293954,4632859,1d,VCB,VCB.VN
2021-07-02 00:00:00,50631.37890625,51380.492978150854,50234.78933159331,51292.362823325806,3981525,1d,VCB,VCB.VN
2021-07-05 00:00:00,50058.5234375,50190.72254317487,48868.75475408925,50190.72254317487,5410786,1d,VCB,VCB.VN
2021-07-06 00:00:00,49353.47265625,50675.44039683215,49353.47265625,49573.801905661596,3895035,1d,VCB,VCB.VN
2021-07-07 00:00:00,49970.39453125,49970.39453125,46709.54005316566,49353.47569724011,6225434,1d,VCB,VCB.VN
2021-07-08 00:00:00,48912.8203125,49794.133473232076,48031.507151767924,49000.95046519004,3093679,1d,VCB,VCB.VN
2021-07-09 00:00:00,48384.03125,48956.88499374996,47062.06345854246,48472.16140197881,6337179,1d,VCB,VCB.VN
2021-07-12 00:00:00,47194.26171875,48251.83515737592,45431.635443096355,48251.83515737592,5554972,1d,VCB,VCB.VN
2021-07-13 00:00:00,45563.8359375,47106.12912834654,44990.98218652871,47106.12912834654,4904561,1d,VCB,VCB.VN
2021-07-14 00:00:00,44858.78125,45607.89915455223,44065.60214864322,45563.834079803935,5219290,1d,VCB,VCB.VN
2021-07-15 00:00:00,45167.2421875,46048.55534627409,44153.73379998454,44153.73379998454,5270205,1d,VCB,VCB.VN
2021-07-16 00:00:00,45167.2421875,45563.835629611865,44506.2582879054,45167.2421875,3643611,1d,VCB,VCB.VN
2021-07-19 00:00:00,42743.63671875,44153.73469914926,42258.913114272786,44065.604544860296,5746019,1d,VCB,VCB.VN
2021-07-20 00:00:00,44153.734375,44506.2588675118,41201.33932649873,43096.16089746461,5824869,1d,VCB,VCB.VN
2021-07-21 00:00:00,43624.94921875,44285.933121551796,43316.48980557957,43845.27460105467,3297567,1d,VCB,VCB.VN
2021-07-22 00:00:00,44197.796875,44374.061049951306,43184.28853337518,43580.878079585986,3375067,1d,VCB,VCB.VN
2021-07-23 00:00:00,42743.63671875,43977.474390571326,42743.63671875,43757.145126904965,3025190,1d,VCB,VCB.VN
2021-07-26 00:00:00,42302.9765625,42963.96045010332,42170.78133615686,42523.305817682376,2908039,1d,VCB,VCB.VN
2021-07-27 00:00:00,41862.32421875,43008.03175480319,41862.32421875,42963.962799002366,6051736,1d,VCB,VCB.VN
2021-07-28 00:00:00,42743.63671875,42743.63671875,41906.38861917297,41906.38861917297,3358620,1d,VCB,VCB.VN
2021-07-29 00:00:00,43140.2265625,43140.2265625,42743.63698775974,42919.89729744698,2685003,1d,VCB,VCB.VN
2021-07-30 00:00:00,43184.2890625,43536.81353877829,42831.7645862217,42875.82966101352,3515647,1d,VCB,VCB.VN
2021-08-02 00:00:00,42743.63671875,43492.75078609411,42479.242377939154,42743.63671875,2567178,1d,VCB,VCB.VN
2021-08-03 00:00:00,43536.81640625,43536.81640625,42743.63725186851,42787.70232956259,2749210,1d,VCB,VCB.VN
2021-08-04 00:00:00,43404.62109375,43757.14559260165,43228.35690535218,43713.08051498819,2571006,1d,VCB,VCB.VN
2021-08-05 00:00:00,43801.2109375,43845.27601538235,43140.22701337669,43184.29209125904,2540594,1d,VCB,VCB.VN
2021-08-06 00:00:00,43228.35546875,43977.47339711541,43228.35546875,43977.47339711541,2351573,1d,VCB,VCB.VN
2021-08-09 00:00:00,43316.48828125,43580.87873071156,43052.09395384468,43228.35425348572,2650083,1d,VCB,VCB.VN
2021-08-10 00:00:00,43624.94921875,43713.07937167187,43404.61995850144,43624.94921875,3598780,1d,VCB,VCB.VN
2021-08-11 00:00:00,44285.93359375,44814.71839486326,43669.014760831255,43757.144914692806,3856286,1d,VCB,VCB.VN
2021-08-12 00:00:00,44021.5390625,44418.128631093714,43845.27487760062,44285.93340087711,2362388,1d,VCB,VCB.VN
2021-08-13 00:00:00,43889.33984375,44021.53895157741,43316.48996964425,44021.53895157741,3533895,1d,VCB,VCB.VN
2021-08-16 00:00:00,44329.99609375,44329.99609375,43624.94714795464,43889.337594170116,4626101,1d,VCB,VCB.VN
2021-08-17 00:00:00,44506.2578125,45387.57096186011,44506.2578125,45167.241705034125,4349671,1d,VCB,VCB.VN
2021-08-18 00:00:00,44506.2578125,45167.241705034125,43933.40407151874,44506.2578125,4163356,1d,VCB,VCB.VN
2021-08-19 00:00:00,45299.44140625,45387.57155896227,43977.47360379043,44374.06316893952,5897187,1d,VCB,VCB.VN
2021-08-20 00:00:00,44109.66796875,44902.8470835098,43801.208562355896,44594.391555059505,4191518,1d,VCB,VCB.VN
2021-08-23 00:00:00,42875.83203125,44065.60462817638,42567.37261271146,43624.94997795444,4811515,1d,VCB,VCB.VN
2021-08-24 00:00:00,42743.63671875,43713.08004976048,42523.30745508363,43713.08004976048,2455884,1d,VCB,VCB.VN
2021-08-25 00:00:00,42963.9609375,43624.94871054558,42655.50540586679,42743.63555776199,2521443,1d,VCB,VCB.VN
2021-08-26 00:00:00,42655.50390625,43624.94717684659,42655.50390625,43096.158528178006,2610882,1d,VCB,VCB.VN
2021-08-27 00:00:00,43096.16015625,43404.61956663559,42302.97715328253,42302.97715328253,2493056,1d,VCB,VCB.VN
2021-08-30 00:00:00,43757.14453125,43801.20960779463,43096.16062719266,43360.55496440437,3474859,1d,VCB,VCB.VN
2021-08-31 00:00:00,43801.2109375,44021.54020485577,43316.49120285011,43845.27601538235,2284213,1d,VCB,VCB.VN
2021-09-01 00:00:00,43801.2109375,44021.54020485577,42302.978899779955,43801.2109375,2044505,1d,VCB,VCB.VN
2021-09-06 00:00:00,44065.6015625,44109.66663666216,43801.20723958336,43801.20723958336,2204911,1d,VCB,VCB.VN
2021-09-07 00:00:00,44065.6015625,44418.126033740955,43977.471414175685,44021.53648833784,2531806,1d,VCB,VCB.VN
2021-09-08 00:00:00,43933.40234375,44109.66651786762,42655.503562657934,44065.60144382413,2090690,1d,VCB,VCB.VN
2021-09-09 00:00:00,43757.14453125,44109.66902155099,43448.685117493646,43933.40483742854,1888379,1d,VCB,VCB.VN
2021-09-10 00:00:00,43713.078125,43977.472454169125,43448.68379583088,43977.472454169125,2117272,1d,VCB,VCB.VN
2021-09-13 00:00:00,43228.35546875,43624.94890997916,43228.35546875,43536.8148797372,2349997,1d,VCB,VCB.VN
2021-09-14 00:00:00,43316.48828125,43404.61843107052,42743.63455152909,43228.35425348572,6198851,1d,VCB,VCB.VN
2021-09-15 00:00:00,42787.69921875,43316.48786852225,42787.69921875,43316.48786852225,1983676,1d,VCB,VCB.VN
2021-09-16 00:00:00,43228.35546875,43580.87995588625,42963.96113391185,43580.87995588625,1285052,1d,VCB,VCB.VN
2021-09-17 00:00:00,42831.765625,43360.55429121377,42831.765625,42963.96085258152,2305165,1d,VCB,VCB.VN
2021-09-20 00:00:00,43889.33984375,44506.25867242749,42875.8314474781,42875.8314474781,5316614,1d,VCB,VCB.VN
2021-09-21 00:00:00,43184.2890625,43977.47204258396,43184.2890625,43845.27294026476,1941999,1d,VCB,VCB.VN
2021-09-22 00:00:00,43845.2734375,43845.2734375,43184.28955223923,43360.5537313492,2064104,1d,VCB,VCB.VN
2021-09-23 00:00:00,43845.2734375,44241.862993067705,43404.61880664075,43889.338512791546,1707696,1d,VCB,VCB.VN
2021-09-24 00:00:00,43845.2734375,43977.47254131843,43757.14328691691,43845.2734375,1024391,1d,VCB,VCB.VN
2021-09-27 00:00:00,43184.2890625,43933.4030898484,43184.2890625,43845.27294026476,1169027,1d,VCB,VCB.VN
2021-09-28 00:00:00,43713.078125,43757.14320020423,42963.96021269686,43096.15931625331,1276266,1d,VCB,VCB.VN
2021-09-29 00:00:00,43404.62109375,43845.27574782856,42963.96256172744,43845.27574782856,1272887,1d,VCB,VCB.VN
2021-09-30 00:00:00,42831.765625,43448.684442934784,42787.70054913949,43404.61936707427,2901507,1d,VCB,VCB.VN
2021-10-01 00:00:00,42258.91015625,43272.4184934618,42214.84508218997,42875.828948977825,6897807,1d,VCB,VCB.VN
2021-10-04 00:00:00,41686.0625,42523.306706902076,41597.92846931776,42302.977447112324,2161203,1d,VCB,VCB.VN
2021-10-05 00:00:00,42126.71484375,42347.04409152146,41906.38559597854,41906.38559597854,2391901,1d,VCB,VCB.VN
2021-10-06 00:00:00,42126.71484375,42126.71484375,41774.19037408187,42126.71484375,1741941,1d,VCB,VCB.VN
2021-10-07 00:00:00,42655.50390625,42655.50390625,41862.32093324712,42126.71525758142,1908428,1d,VCB,VCB.VN
2021-10-08 00:00:00,42743.63671875,42743.63671875,42126.71788283934,42567.37253222812,1769650,1d,VCB,VCB.VN
2021-10-11 00:00:00,42963.9609375,43360.554376916116,42655.50540586679,42743.63555776199,2653915,1d,VCB,VCB.VN
2021-10-12 00:00:00,42743.63671875,43316.490477516185,42743.63671875,43316.490477516185,2058022,1d,VCB,VCB.VN
2021-10-13 00:00:00,42743.63671875,43184.29136813878,42743.63671875,43140.2262909943,3505058,1d,VCB,VCB.VN
2021-10-14 00:00:00,42611.4375,42831.76676310084,42258.91300580503,42743.63660903808,4205485,1d,VCB,VCB.VN
2021-10-15 00:00:00,42523.3046875,42875.82915965614,42523.3046875,42655.50378827337,1647995,1d,VCB,VCB.VN
2021-10-18 00:00:00,42302.9765625,42743.63507286475,41862.32193007906,42435.17566678695,3043440,1d,VCB,VCB.VN
2021-10-19 00:00:00,42479.2421875,42523.307264446936,41950.453508248924,42347.0469566592,2068834,1d,VCB,VCB.VN
2021-10-20 00:00:00,41862.32421875,42611.438298203844,41421.66956223786,42479.24306463341,3516775,1d,VCB,VCB.VN
2021-10-21 00:00:00,41421.66796875,42302.977247870396,41421.66796875,42038.5867909006,2994326,1d,VCB,VCB.VN
2021-10-22 00:00:00,41553.86328125,41862.322692948954,41421.66805249782,41862.322692948954,725432,1d,VCB,VCB.VN
2021-10-25 00:00:00,41465.734375,42258.91352723978,41465.734375,42258.91352723978,1803219,1d,VCB,VCB.VN
2021-10-26 00:00:00,41421.66796875,41686.06230366367,41245.4037861596,41465.733044911634,1655879,1d,VCB,VCB.VN
2021-10-27 00:00:00,42347.046875,42523.30718244785,41553.8638576529,41686.06296618271,3293961,1d,VCB,VCB.VN
2021-10-28 00:00:00,43140.2265625,43140.2265625,42347.047413019485,42567.37280012853,4186336,1d,VCB,VCB.VN
2021-10-29 00:00:00,43184.2890625,43360.553239611014,42699.569361846254,42875.82966101352,2939581,1d,VCB,VCB.VN
2021-11-01 00:00:00,42743.63671875,43272.42152242774,42743.63671875,43228.356445283265,2427498,1d,VCB,VCB.VN
2021-11-02 00:00:00,43140.2265625,43184.29163992181,42875.83222002517,42919.89729744698,1821016,1d,VCB,VCB.VN
2021-11-03 00:00:00,43492.75,43536.815076348044,42875.83117523962,43052.09535857568,5309405,1d,VCB,VCB.VN
2021-11-04 00:00:00,43360.5546875,43536.81499255293,42831.76601645346,43492.7499162897,2229016,1d,VCB,VCB.VN
2021-11-05 00:00:00,42963.9609375,43624.94871054558,42743.63555776199,42963.9609375,3550568,1d,VCB,VCB.VN
2021-11-08 00:00:00,43272.421875,43360.55590795101,42963.96245453142,43228.35679749649,2717446,1d,VCB,VCB.VN
2021-11-09 00:00:00,42787.69921875,43448.68309199345,42743.6341442596,43184.288767107326,3233810,1d,VCB,VCB.VN
2021-11-10 00:00:00,43008.03125,43272.42171403761,42655.50675333921,42787.70198535802,1975340,1d,VCB,VCB.VN
2021-11-11 00:00:00,43316.48828125,43757.142908296366,42743.63455152909,43096.15902875493,2513332,1d,VCB,VCB.VN
2021-11-12 00:00:00,43272.421875,43316.490830447496,42963.96245453142,43316.490830447496,1524759,1d,VCB,VCB.VN
2021-11-15 00:00:00,43052.09375,43624.947477008536,42831.76449854816,43316.48807615346,1880493,1d,VCB,VCB.VN
2021-11-16 00:00:00,42831.765625,43404.61936707427,42743.635473278984,43052.094882246376,1590093,1d,VCB,VCB.VN
2021-11-17 00:00:00,43184.2890625,43228.35413729182,42831.7645862217,42831.7645862217,1915637,1d,VCB,VCB.VN
2021-11-18 00:00:00,42743.63671875,43316.490477516185,42743.63671875,43316.490477516185,1844447,1d,VCB,VCB.VN
2021-11-19 00:00:00,42787.69921875,43140.22369261693,42787.69921875,42831.764293240405,928868,1d,VCB,VCB.VN
2021-11-22 00:00:00,43536.81640625,43580.88148394408,42787.70232956259,42875.832484950755,2431551,1d,VCB,VCB.VN
2021-11-23 00:00:00,43669.015625,43669.015625,43272.42216888692,43624.950547197215,1482857,1d,VCB,VCB.VN
2021-11-24 00:00:00,46180.75,46533.278361475255,43713.078615279956,43713.078615279956,4241306,1d,VCB,VCB.VN
2021-11-25 00:00:00,47194.26171875,47590.851273491746,46092.61932698052,46268.8835057234,3508889,1d,VCB,VCB.VN
2021-11-26 00:00:00,46268.8828125,47678.9807095411,45828.22431121686,47017.99683556012,2168639,1d,VCB,VCB.VN
2021-11-29 00:00:00,44550.32421875,46224.820415925366,44506.25914165759,45519.767548614924,1917216,1d,VCB,VCB.VN
2021-11-30 00:00:00,43580.87890625,45828.22488133165,43580.87890625,45828.22488133165,3010998,1d,VCB,VCB.VN
2021-12-01 00:00:00,43624.94921875,44726.587764105025,43316.48980557957,43801.20952459374,1429463,1d,VCB,VCB.VN
2021-12-02 00:00:00,43669.015625,44418.12970353534,43536.81651364764,44197.80043657741,1774608,1d,VCB,VCB.VN
2021-12-03 00:00:00,43184.2890625,44418.12666844589,42963.95981059716,43713.07771588931,1793080,1d,VCB,VCB.VN
2021-12-06 00:00:00,42038.5859375,44065.60266744904,42038.5859375,43184.2895282758,2459263,1d,VCB,VCB.VN
2021-12-07 00:00:00,43272.421875,43801.21056093013,42347.04749153825,42347.04749153825,1966780,1d,VCB,VCB.VN
2021-12-08 00:00:00,43492.75,43801.209412380194,43184.29058761981,43184.29058761981,1143346,1d,VCB,VCB.VN
2021-12-09 00:00:00,43713.078125,43801.20827540845,42875.83006228841,42919.89513749264,2162782,1d,VCB,VCB.VN
2021-12-10 00:00:00,44065.6015625,45299.43915081519,44021.53648833784,44506.25618206527,4356430,1d,VCB,VCB.VN
2021-12-13 00:00:00,43889.33984375,44946.91719459364,43713.079537238664,44946.91719459364,2473682,1d,VCB,VCB.VN
2021-12-14 00:00:00,43757.14453125,44285.93320567343,43669.014378160726,43889.33976088391,1942673,1d,VCB,VCB.VN
2021-12-15 00:00:00,44021.5390625,44374.06355435484,43624.949493906286,43845.27487760062,1880717,1d,VCB,VCB.VN
2021-12-16 00:00:00,43669.015625,44418.12970353534,43228.357091084144,44418.12970353534,2359008,1d,VCB,VCB.VN
2021-12-17 00:00:00,42523.3046875,44065.60167689792,42523.3046875,44065.60167689792,7830400,1d,VCB,VCB.VN
2021-12-20 00:00:00,43845.2734375,43845.2734375,43228.354627530774,43404.61880664075,1896713,1d,VCB,VCB.VN
2021-12-21 00:00:00,43580.87890625,43977.47233792729,43404.618605899006,43624.94785928152,1743966,1d,VCB,VCB.VN
2021-12-22 00:00:00,43239.109375,43745.15778615207,43070.426571282645,43295.335683591155,3381114,1d,VCB,VCB.VN
2021-12-23 00:00:00,43014.1953125,44363.661586543574,43014.1953125,43576.47389617077,2628263,1d,VCB,VCB.VN
2021-12-24 00:00:00,44138.75390625,44138.75390625,43182.88338547437,43182.88338547437,1499695,1d,VCB,VCB.VN
2021-12-27 00:00:00,44869.7109375,45150.85023530294,43801.38781055905,44363.662528221044,1649242,1d,VCB,VCB.VN
2021-12-28 00:00:00,44982.16796875,45544.44657106265,43857.614642068635,44982.16796875,4182340,1d,VCB,VCB.VN
2021-12-29 00:00:00,44701.02734375,44869.71014385938,44476.11823625209,44701.02734375,776861,1d,VCB,VCB.VN
2021-12-30 00:00:00,44082.5234375,44925.941334870855,43688.93152108206,44869.71114827979,1782014,1d,VCB,VCB.VN
2021-12-31 00:00:00,44307.4375,44532.34661797425,44082.524504081746,44419.89399795912,743844,1d,VCB,VCB.VN
2022-01-04 00:00:00,44419.890625,44644.79972589611,43857.61205584416,44419.890625,2001830,1d,VCB,VCB.VN
2022-01-05 00:00:00,43857.61328125,45207.079558162615,43857.61328125,44419.89186611621,2987563,1d,VCB,VCB.VN
2022-01-06 00:00:00,44476.1171875,44925.939269832765,43801.386002972715,44194.977901299055,2146256,1d,VCB,VCB.VN
2022-01-07 00:00:00,44869.7109375,44925.941123826924,43970.07061365203,44757.258320733934,1705917,1d,VCB,VCB.VN
2022-01-10 00:00:00,44701.02734375,44925.94032919172,44138.75263603333,44813.483836470856,2041027,1d,VCB,VCB.VN
2022-01-11 00:00:00,44644.80078125,44982.16637954097,44138.75238381354,44982.16637954097,1909843,1d,VCB,VCB.VN
2022-01-12 00:00:00,44982.16796875,44982.16796875,43857.614642068635,44644.802358539986,4062456,1d,VCB,VCB.VN
2022-01-13 00:00:00,46050.4921875,47456.18472990187,45094.62172401997,45263.3045188727,4540579,1d,VCB,VCB.VN
2022-01-14 00:00:00,46893.90625,46893.90625,45544.443888639,46050.49227414937,2740379,1d,VCB,VCB.VN
2022-01-17 00:00:00,48468.2890625,49480.38590857641,46275.40480677979,46669.00060999439,4708364,1d,VCB,VCB.VN
2022-01-18 00:00:00,49255.4765625,49255.4765625,47231.27900179299,48074.69303627759,3064365,1d,VCB,VCB.VN
2022-01-19 00:00:00,48805.65234375,49199.244250197255,47793.551668132866,49199.244250197255,2497962,1d,VCB,VCB.VN
2022-01-20 00:00:00,48974.3359375,49199.24504798201,46725.22544296051,47906.00893733672,4933601,1d,VCB,VCB.VN
2022-01-21 00:00:00,50155.1171875,50604.939301058745,48412.05892117486,48861.881034733604,4610497,1d,VCB,VCB.VN
2022-01-24 00:00:00,52291.76953125,52572.90882768672,49592.84081693403,50267.57202602706,4816719,1d,VCB,VCB.VN
2022-01-25 00:00:00,53866.14453125,53978.60102456478,50042.6625379858,52010.62984230337,4230894,1d,VCB,VCB.VN
2022-01-26 00:00:00,53135.1875,53866.14501829564,52066.8604987096,53866.14501829564,4647928,1d,VCB,VCB.VN
2022-01-27 00:00:00,51167.21484375,53135.18598779784,50829.84924830037,52291.768121230016,3059598,1d,VCB,VCB.VN
2022-01-28 00:00:00,50042.6640625,51729.49212389056,50042.6640625,51167.21739607502,3779608,1d,VCB,VCB.VN
2022-02-07 00:00:00,51954.40234375,52235.54163162093,50323.79680086487,50942.30168300341,3046709,1d,VCB,VCB.VN
2022-02-08 00:00:00,51729.4921875,51954.40518125794,50661.16903995363,51954.40518125794,2163559,1d,VCB,VCB.VN
2022-02-09 00:00:00,51054.7578125,51673.26269026228,50773.61852661829,51279.67079238286,2846668,1d,VCB,VCB.VN
2022-02-10 00:00:00,51335.8984375,52516.68191782693,51167.215637159556,51223.44194462509,3226094,1d,VCB,VCB.VN
2022-02-11 00:00:00,50604.9375,51504.581695098634,50604.9375,51335.89889326062,30470814,1d,VCB,VCB.VN
2022-02-14 00:00:00,48355.83203125,49930.20747085123,48355.83203125,49536.61167197895,6548834,1d,VCB,VCB.VN
2022-02-15 00:00:00,48918.10546875,49649.066859994484,47118.82096145938,48355.83075682211,4331886,1d,VCB,VCB.VN
2022-02-16 00:00:00,48918.10546875,49424.1577508121,48580.7398660045,49199.24476368586,2410037,1d,VCB,VCB.VN
2022-02-17 00:00:00,49199.24609375,49311.70259035329,48805.6541725544,48918.106791213744,2632854,1d,VCB,VCB.VN
2022-02-18 00:00:00,49030.5625,49199.24530322259,48580.74039875847,48580.74039875847,1882477,1d,VCB,VCB.VN
2022-02-21 00:00:00,49143.01953125,49255.476027273944,48693.19742509814,48693.19742509814,1936679,1d,VCB,VCB.VN
2022-02-22 00:00:00,48805.65234375,48918.10495819561,47793.551668132866,48918.10495819561,2825304,1d,VCB,VCB.VN
2022-02-23 00:00:00,48861.87890625,48918.105213766554,48243.374011792555,48918.105213766554,1741405,1d,VCB,VCB.VN
2022-02-24 00:00:00,47962.234375,48805.65224937398,47793.55157571396,48749.42206431611,3809623,1d,VCB,VCB.VN
2022-02-25 00:00:00,47849.78125,48299.59945799866,47793.55106554235,47962.23386302779,2960019,1d,VCB,VCB.VN
2022-02-28 00:00:00,47512.4140625,47849.78355164258,47456.18775328154,47849.78355164258,2334293,1d,VCB,VCB.VN
2022-03-01 00:00:00,47793.55078125,48018.46376185523,47287.50239180384,47512.411494465334,2426633,1d,VCB,VCB.VN
2022-03-02 00:00:00,47793.55078125,48130.91637421411,47343.728697983286,48130.91637421411,3029053,1d,VCB,VCB.VN
2022-03-03 00:00:00,48074.69140625,48074.69140625,47624.86931046195,47793.55211163949,1857758,1d,VCB,VCB.VN
2022-03-04 00:00:00,47737.32421875,48074.68980990266,47681.09403492875,47906.00701432633,2007657,1d,VCB,VCB.VN
2022-03-07 00:00:00,47737.32421875,47737.32421875,47175.04564819977,47399.95862759734,3147701,1d,VCB,VCB.VN
2022-03-08 00:00:00,45825.5859375,47512.413990953064,45825.5859375,47118.822071128656,5237284,1d,VCB,VCB.VN
2022-03-09 00:00:00,46669.0,46725.22630917689,45938.03859098074,45994.26877810157,2479071,1d,VCB,VCB.VN
2022-03-10 00:00:00,46950.13671875,47062.58933091706,46612.77112636139,46668.997432444914,2090640,1d,VCB,VCB.VN
2022-03-11 00:00:00,47118.8203125,47175.04661953524,46668.998222386705,47062.59012752097,1598921,1d,VCB,VCB.VN
2022-03-14 00:00:00,47343.73046875,47343.73046875,46781.45575209401,46837.68206037644,2671698,1d,VCB,VCB.VN
2022-03-15 00:00:00,45600.671875,47287.503766813374,45544.445567185634,47231.27745899901,4255083,1d,VCB,VCB.VN
2022-03-16 00:00:00,46387.859375,46781.455161842605,45713.128172348486,45713.128172348486,1819621,1d,VCB,VCB.VN
2022-03-17 00:00:00,46669.0,46950.139301772324,46500.31719452539,46669.0,2297744,1d,VCB,VCB.VN
2022-03-18 00:00:00,47343.73046875,47906.00906334987,46612.772949302824,46725.225565867695,2536452,1d,VCB,VCB.VN
2022-03-21 00:00:00,47737.32421875,48074.68980990266,47231.27583202102,47343.7284437761,1701855,1d,VCB,VCB.VN
2022-03-22 00:00:00,47737.32421875,48074.68980990266,47737.32421875,47737.32421875,1818739,1d,VCB,VCB.VN
2022-03-23 00:00:00,47737.32421875,48130.916115780194,47737.32421875,47737.32421875,1801965,1d,VCB,VCB.VN
2022-03-24 00:00:00,46950.13671875,47737.324393638,46950.13671875,47737.324393638,1059709,1d,VCB,VCB.VN
2022-03-25 00:00:00,46387.859375,47231.27725625823,46106.72008124726,47231.27725625823,2106000,1d,VCB,VCB.VN
2022-03-28 00:00:00,46331.6328125,46668.9984119695,46106.71982755779,46668.9984119695,1376104,1d,VCB,VCB.VN
2022-03-29 00:00:00,46050.4921875,46668.997061274575,45881.80939264727,46331.63147156911,1851402,1d,VCB,VCB.VN
2022-03-30 00:00:00,46106.71875,46950.13660690608,45825.58334230836,45994.26613810083,1710683,1d,VCB,VCB.VN
2022-03-31 00:00:00,46162.94921875,46444.088506120184,46106.71903450972,46106.71903450972,869378,1d,VCB,VCB.VN
2022-04-01 00:00:00,46556.54296875,47006.36507082831,45600.67245606256,46162.95105314642,1737874,1d,VCB,VCB.VN
2022-04-04 00:00:00,46444.08984375,47287.50385220785,46444.08984375,46781.455447133136,1398351,1d,VCB,VCB.VN
2022-04-05 00:00:00,46669.0,46781.45649629772,46444.0908853485,46556.54350370228,928879,1d,VCB,VCB.VN
2022-04-06 00:00:00,47568.64453125,47793.55364739915,45938.038896878796,46612.77400121417,3592278,1d,VCB,VCB.VN
2022-04-07 00:00:00,46669.0,47906.00982544308,46669.0,47737.32701996847,1735579,1d,VCB,VCB.VN
2022-04-08 00:00:00,46669.0,47175.04841642382,46612.77369082311,47175.04841642382,1434015,1d,VCB,VCB.VN
2022-04-12 00:00:00,46331.6328125,46781.4549044406,45881.8107205594,46668.9984119695,1556018,1d,VCB,VCB.VN
2022-04-13 00:00:00,46331.6328125,46725.22471923314,46106.71982755779,46668.9984119695,1599098,1d,VCB,VCB.VN
2022-04-14 00:00:00,45544.4453125,46612.772300605815,45544.4453125,46331.63300721842,2075279,1d,VCB,VCB.VN
2022-04-15 00:00:00,45094.625,45825.586416092956,45094.625,45656.89973104199,1650477,1d,VCB,VCB.VN
2022-04-18 00:00:00,43688.9296875,45094.62224617864,43632.69950326886,44982.1657556601,2281501,1d,VCB,VCB.VN
2022-04-19 00:00:00,43688.9296875,44138.751771630414,43632.69950326886,43745.1559937874,1849283,1d,VCB,VCB.VN
2022-04-20 00:00:00,44082.5234375,44363.66273662361,43688.93152108206,43857.61432496744,1597156,1d,VCB,VCB.VN
2022-04-21 00:00:00,44082.5234375,44532.345540509006,43970.07082020567,44082.5234375,4013550,1d,VCB,VCB.VN
2022-04-22 00:00:00,46219.17578125,46444.088763570384,44476.11761901396,44476.11761901396,8511226,1d,VCB,VCB.VN
2022-04-25 00:00:00,45994.26953125,46669.000764197044,43295.33684357383,46219.17864958435,5083324,1d,VCB,VCB.VN
2022-04-26 00:00:00,45263.3046875,45263.3046875,44419.89071009424,44419.89071009424,4426346,1d,VCB,VCB.VN
2022-04-27 00:00:00,45825.5859375,46106.72136111288,43970.071200757695,44925.941723695745,4121780,1d,VCB,VCB.VN
2022-04-28 00:00:00,45825.5859375,45881.81224663379,44701.02873127271,45825.5859375,995971,1d,VCB,VCB.VN
2022-04-29 00:00:00,45488.21484375,46275.40253356572,44982.16644557071,45769.35413538643,50944830,1d,VCB,VCB.VN
2022-05-04 00:00:00,44925.94140625,45544.44631412709,44419.89299378981,45488.216127446685,1653655,1d,VCB,VCB.VN
2022-05-05 00:00:00,45544.4453125,45825.584605887394,44757.25761778158,45263.3060191126,1799670,1d,VCB,VCB.VN
2022-05-06 00:00:00,44644.80078125,45656.897576122916,44644.80078125,44813.483580395485,2349829,1d,VCB,VCB.VN
2022-05-09 00:00:00,43801.38671875,45207.079294782015,43745.156533824695,44307.43511541501,3026229,1d,VCB,VCB.VN
2022-05-10 00:00:00,44982.16796875,44982.16796875,43351.56622675361,43351.56622675361,1634940,1d,VCB,VCB.VN
2022-05-11 00:00:00,44982.16796875,45150.85077385501,44419.89324438128,44982.16796875,1812029,1d,VCB,VCB.VN
2022-05-12 00:00:00,43295.3359375,44925.94155358912,43295.3359375,44419.893139469285,1794373,1d,VCB,VCB.VN
2022-05-13 00:00:00,41046.2265625,43857.61162475806,41046.2265625,43295.33306112898,3502346,1d,VCB,VCB.VN
2022-05-16 00:00:00,41720.9609375,42957.97077003741,41608.504440557335,42451.92235071137,2752208,1d,VCB,VCB.VN
2022-05-17 00:00:00,42733.05859375,43295.33328230785,41102.453077661754,41720.95794963597,4142615,1d,VCB,VCB.VN
2022-05-18 00:00:00,42395.69140625,43295.33560983933,42170.782294324614,43295.33560983933,1652596,1d,VCB,VCB.VN
2022-05-19 00:00:00,42733.05859375,43126.65048794613,42058.323538359415,42170.78002724846,1016628,1d,VCB,VCB.VN
2022-05-20 00:00:00,42339.46484375,43014.19605342217,42170.78204133196,42227.00834949002,1311482,1d,VCB,VCB.VN
2022-05-23 00:00:00,41833.41796875,42508.1492031359,41383.59585317806,42508.1492031359,1212256,1d,VCB,VCB.VN
2022-05-24 00:00:00,42508.1484375,42564.37862464871,41777.19090606226,42114.556517178746,1586739,1d,VCB,VCB.VN
2022-05-25 00:00:00,43295.3359375,43295.3359375,42058.326117688914,42733.061214459274,1585504,1d,VCB,VCB.VN
2022-05-26 00:00:00,43126.65234375,43351.56533120643,42733.06043261703,43295.335145370394,1825447,1d,VCB,VCB.VN
2022-05-27 00:00:00,43520.25,43520.25,42901.74507487455,43126.65419403652,1574910,1d,VCB,VCB.VN
2022-05-30 00:00:00,43857.61328125,45544.44515790482,42957.969096641595,43520.247681507804,2486663,1d,VCB,VCB.VN
2022-05-31 00:00:00,44363.66015625,44363.66015625,43857.61177402769,44363.66015625,2098761,1d,VCB,VCB.VN
2022-06-01 00:00:00,45263.3046875,45263.3046875,44419.89071009424,44419.89071009424,1410356,1d,VCB,VCB.VN
2022-06-02 00:00:00,44419.890625,45431.98739594806,44419.890625,45431.98739594806,1310923,1d,VCB,VCB.VN
2022-06-03 00:00:00,43576.47265625,44701.02591364981,42957.96778298855,44082.52104038836,1028987,1d,VCB,VCB.VN
2022-06-06 00:00:00,44813.484375,44982.16717713646,42227.00827900112,43576.47457403669,1554605,1d,VCB,VCB.VN
2022-06-07 00:00:00,45544.4453125,46106.72002133097,43913.83973761938,44419.89201689423,1790313,1d,VCB,VCB.VN
2022-06-08 00:00:00,44532.34375,45544.44441056278,44307.43464651035,45544.44441056278,2153495,1d,VCB,VCB.VN
2022-06-09 00:00:00,43745.15625,44925.93971250107,43688.929943383286,44419.891319119364,1884771,1d,VCB,VCB.VN
2022-06-10 00:00:00,43688.9296875,44419.89105895488,43520.24689069406,43745.1559937874,690169,1d,VCB,VCB.VN
2022-06-13 00:00:00,42957.96875,43295.33434701989,41664.732668775825,43295.33434701989,2155437,1d,VCB,VCB.VN
2022-06-14 00:00:00,43295.3359375,43913.84084740554,41608.50401248998,42451.92191396695,1919554,1d,VCB,VCB.VN
2022-06-15 00:00:00,43014.1953125,44026.29598751863,42339.464114450115,43520.24758898121,2195693,1d,VCB,VCB.VN
2022-06-16 00:00:00,44476.1171875,44982.16557589546,43014.19445043258,43126.650940501706,2338706,1d,VCB,VCB.VN
2022-06-17 00:00:00,42789.28515625,44026.29490762892,42789.28515625,43295.333542374916,1892010,1d,VCB,VCB.VN
2022-06-20 00:00:00,42733.05859375,44701.025820618015,42339.462821610185,44701.025820618015,1923967,1d,VCB,VCB.VN
2022-06-21 00:00:00,43688.9296875,43688.9296875,42283.23712882136,42733.059212951775,1725162,1d,VCB,VCB.VN
2022-06-22 00:00:00,42733.05859375,43857.61184880939,42170.78002724846,43801.38554333671,3822865,1d,VCB,VCB.VN
2022-06-23 00:00:00,42676.83203125,43126.65414702766,42114.55729498594,42227.00991547234,1042053,1d,VCB,VCB.VN
2022-06-24 00:00:00,42170.78125,42901.742632057656,41945.87214364431,42845.512447010886,1215787,1d,VCB,VCB.VN
2022-06-27 00:00:00,42114.5546875,42733.05957365708,42058.324502794225,42451.920283959545,1692322,1d,VCB,VCB.VN
2022-06-28 00:00:00,42901.7421875,43295.33408902993,42058.324322032284,42170.78081301673,1934737,1d,VCB,VCB.VN
2022-06-29 00:00:00,42451.921875,42676.830988421054,42339.46537931751,42620.60467955177,2449762,1d,VCB,VCB.VN
2022-06-30 00:00:00,42058.32421875,42733.05928505598,42058.32421875,42451.91999725714,1402707,1d,VCB,VCB.VN
2022-07-01 00:00:00,41608.50390625,42170.78250579896,40989.9989979237,41889.643206024484,2441817,1d,VCB,VCB.VN
2022-07-04 00:00:00,41664.734375,42283.23928751296,41552.277878740206,42114.556482095235,1388110,1d,VCB,VCB.VN
2022-07-05 00:00:00,41608.50390625,42114.55619702163,41383.59479319676,42114.55619702163,1879475,1d,VCB,VCB.VN
2022-07-06 00:00:00,40933.7734375,41552.278357133844,38740.89306387893,41439.82185957933,2902991,1d,VCB,VCB.VN
2022-07-07 00:00:00,42451.921875,42451.921875,40315.26784675231,40877.54644722083,2273026,1d,VCB,VCB.VN
2022-07-08 00:00:00,41608.50390625,42170.78250579896,41552.27759747267,42114.55619702163,1343617,1d,VCB,VCB.VN
2022-07-11 00:00:00,40483.94921875,41327.36708960783,40483.94921875,41214.910597904694,1336201,1d,VCB,VCB.VN
2022-07-12 00:00:00,40427.72265625,40821.314557806654,40315.26616525792,40540.17914724208,1483981,1d,VCB,VCB.VN
2022-07-13 00:00:00,40371.4921875,41271.13635321417,40146.58308504333,40371.4921875,2436343,1d,VCB,VCB.VN
2022-07-14 00:00:00,40708.86328125,40933.772392674284,40259.04118045755,40371.49379719775,775801,1d,VCB,VCB.VN
2022-07-15 00:00:00,40652.6328125,41327.36789797287,40540.18019654107,40540.18019654107,1106144,1d,VCB,VCB.VN
2022-07-18 00:00:00,40483.94921875,40989.99761449843,40483.94921875,40765.088509035944,691053,1d,VCB,VCB.VN
2022-07-19 00:00:00,40090.359375,40540.18148698569,39977.90287751758,40483.95129927249,1628055,1d,VCB,VCB.VN
2022-07-20 00:00:00,40765.08984375,40765.08984375,40259.041431432735,40259.041431432735,1013273,1d,VCB,VCB.VN
2022-07-21 00:00:00,40765.08984375,40989.99895657637,40540.18073092363,40765.08984375,2056211,1d,VCB,VCB.VN
2022-07-22 00:00:00,40765.08984375,40877.54633913514,40483.9505442591,40540.18073092363,1976759,1d,VCB,VCB.VN
2022-07-25 00:00:00,40990.0,41158.68668634367,40483.95157480099,40708.86457129655,1750939,1d,VCB,VCB.VN
2022-07-26 00:00:00,41552.27734375,41833.41664180782,41158.68542882417,41158.68542882417,1977112,1d,VCB,VCB.VN
2022-07-27 00:00:00,42170.78125,42170.78125,41439.819867942344,41608.50266719507,2418687,1d,VCB,VCB.VN
2022-07-28 00:00:00,42339.46484375,42508.14764616804,42058.325547071974,42395.69115190806,2107766,1d,VCB,VCB.VN
2022-07-29 00:00:00,42002.09765625,42451.91973839651,42002.09765625,42395.68955441337,4412221,1d,VCB,VCB.VN
2022-08-01 00:00:00,43295.3359375,43295.3359375,41833.41700406141,42002.09980876802,2938479,1d,VCB,VCB.VN
2022-08-02 00:00:00,44363.66015625,44532.342950324106,42733.05852088578,43295.333208484895,3138873,1d,VCB,VCB.VN
2022-08-03 00:00:00,44701.02734375,44701.02734375,43857.61334320309,44026.29614331247,3279944,1d,VCB,VCB.VN
2022-08-04 00:00:00,46387.859375,46387.859375,44644.80118285436,44701.027490427376,4145793,1d,VCB,VCB.VN
2022-08-05 00:00:00,46106.71875,46331.631729685774,45600.670362622586,46106.71875,2464416,1d,VCB,VCB.VN
2022-08-08 00:00:00,46106.71875,46387.85803563536,46050.49244405042,46106.71875,1707330,1d,VCB,VCB.VN
2022-08-09 00:00:00,45431.98828125,46106.71947503007,44925.93988591495,46106.71947503007,2303923,1d,VCB,VCB.VN
2022-08-10 00:00:00,45263.3046875,45544.443972616486,45038.39170822932,45038.39170822932,966662,1d,VCB,VCB.VN
2022-08-11 00:00:00,45825.5859375,46106.72136111288,45319.533643520146,45713.12944128848,2160204,1d,VCB,VCB.VN
2022-08-12 00:00:00,45881.8125,46050.495306276796,45488.21670005817,45825.586190555725,2469713,1d,VCB,VCB.VN
2022-08-15 00:00:00,45994.26953125,46275.40495968193,45938.03934320841,46106.722151445174,2329701,1d,VCB,VCB.VN
2022-08-16 00:00:00,45825.5859375,46106.72136111288,45600.67294507697,46106.72136111288,1795079,1d,VCB,VCB.VN
2022-08-17 00:00:00,45825.5859375,45938.03855576758,45656.89925421076,45656.89925421076,1502521,1d,VCB,VCB.VN
2022-08-18 00:00:00,45825.5859375,46106.72136111288,45656.89925421076,45713.12944128848,3025522,1d,VCB,VCB.VN
2022-08-19 00:00:00,45488.21484375,46106.71973417262,45319.5320443569,45319.5320443569,2118714,1d,VCB,VCB.VN
2022-08-22 00:00:00,44982.16796875,45825.58587221897,44982.16796875,45038.394277803694,1090783,1d,VCB,VCB.VN
2022-08-23 00:00:00,45094.625,45713.12991870697,44925.942192893,44982.16850261401,1435428,1d,VCB,VCB.VN
2022-08-24 00:00:00,46106.71875,46612.77101532114,45150.848281194754,45656.89666857217,2005185,1d,VCB,VCB.VN
2022-08-25 00:00:00,46106.71875,46219.17523984289,45713.12685246547,46219.17523984289,1113736,1d,VCB,VCB.VN
2022-08-26 00:00:00,46387.859375,47062.59057765152,46106.72008124726,46106.72008124726,2815240,1d,VCB,VCB.VN
2022-08-29 00:00:00,46387.859375,46387.859375,45488.21518616876,45769.3544799215,1877709,1d,VCB,VCB.VN
2022-08-30 00:00:00,48355.83203125,48355.83203125,46387.8607927765,46387.8607927765,4524865,1d,VCB,VCB.VN
2022-08-31 00:00:00,47231.27734375,48636.9699371738,47231.27734375,48355.83064290028,1991413,1d,VCB,VCB.VN
2022-09-05 00:00:00,46444.08984375,47399.96034598351,46387.85965789024,47231.27754429194,2794582,1d,VCB,VCB.VN
2022-09-06 00:00:00,46500.31640625,47231.27780287797,46162.950801019826,46444.09009802626,1813795,1d,VCB,VCB.VN
2022-09-07 00:00:00,44982.16796875,46387.86059658769,44869.711472698684,46106.721295431365,4176161,1d,VCB,VCB.VN
2022-09-08 00:00:00,43857.61328125,45488.21497265191,43857.61328125,45488.21497265191,2514736,1d,VCB,VCB.VN
2022-09-09 00:00:00,44307.4375,44588.57680592582,43970.071884066616,44138.75469203331,4775297,1d,VCB,VCB.VN
2022-09-12 00:00:00,44476.1171875,44813.48277976364,44307.43439136818,44757.256473700945,1811146,1d,VCB,VCB.VN
2022-09-13 00:00:00,44194.98046875,44644.80257721461,44194.98046875,44644.80257721461,3804679,1d,VCB,VCB.VN
2022-09-14 00:00:00,44026.296875,44701.0280866511,43295.33547708205,43407.79197167186,1917081,1d,VCB,VCB.VN
2022-09-15 00:00:00,44532.34375,44588.57393433022,43913.83886797378,44138.75184940718,1419891,1d,VCB,VCB.VN
2022-09-16 00:00:00,44982.16796875,44982.16796875,44138.75394322496,44588.57604948629,2682291,1d,VCB,VCB.VN
2022-09-19 00:00:00,44307.4375,45094.62522982589,43857.61538610749,44419.89399795912,1819444,1d,VCB,VCB.VN
2022-09-20 00:00:00,44532.34375,44982.16583492304,44194.97815579365,44307.43464651035,920227,1d,VCB,VCB.VN
2022-09-21 00:00:00,44363.66015625,44757.255927718696,43801.385468650886,44588.57313364459,2682291,1d,VCB,VCB.VN
2022-09-22 00:00:00,43857.61328125,44194.9788809922,43576.4739888169,43688.9304813789,2215821,1d,VCB,VCB.VN
2022-09-23 00:00:00,42676.83203125,43688.93276123573,42620.605721006796,43407.79345413169,1861113,1d,VCB,VCB.VN
2022-09-26 00:00:00,42170.78125,43295.33453766607,41664.73285224184,42227.007557102974,3063129,1d,VCB,VCB.VN
2022-09-27 00:00:00,41777.19140625,42733.061941839085,41720.961218428056,42733.061941839085,1188951,1d,VCB,VCB.VN
2022-09-28 00:00:00,42170.78125,42170.78125,41496.050052989114,41608.50266719507,1164761,1d,VCB,VCB.VN
2022-09-29 00:00:00,41608.50390625,42733.06110534793,41608.50390625,42733.06110534793,1037815,1d,VCB,VCB.VN
2022-09-30 00:00:00,41158.68359375,41777.188470723384,40708.861512501746,41158.68359375,3136402,1d,VCB,VCB.VN
2022-10-03 00:00:00,39696.76171875,41496.05008265717,39528.078919376676,41327.36728328385,1624169,1d,VCB,VCB.VN
2022-10-04 00:00:00,40090.359375,40427.72498950327,39078.258653546196,39359.39795828025,2261549,1d,VCB,VCB.VN
2022-10-05 00:00:00,40202.8125,40483.95180826876,39977.90338015141,40146.586189523856,1640237,1d,VCB,VCB.VN
2022-10-06 00:00:00,39415.62109375,40483.94803893633,39303.16848326783,40483.94803893633,1528298,1d,VCB,VCB.VN
2022-10-07 00:00:00,37503.8828125,39134.48843631858,36716.69509415639,39134.48843631858,3890840,1d,VCB,VCB.VN
2022-10-10 00:00:00,36604.23828125,38066.1610869183,36041.963560407035,37391.425992785276,2411802,1d,VCB,VCB.VN
2022-10-11 00:00:00,34861.1796875,37110.290181049866,34861.1796875,36716.69439044969,2704360,1d,VCB,VCB.VN
2022-10-12 00:00:00,35985.734375,36716.69579817183,34973.63752255656,35423.45963851276,2800939,1d,VCB,VCB.VN
2022-10-13 00:00:00,37391.42578125,37391.42578125,35254.775649424206,36041.96335650611,2942892,1d,VCB,VCB.VN
2022-10-14 00:00:00,38291.0703125,38515.983303855064,37841.248207733785,38515.983303855064,3245692,1d,VCB,VCB.VN
2022-10-17 00:00:00,37278.97265625,38234.84315339325,36829.15056148661,37841.24736624636,2297744,1d,VCB,VCB.VN
2022-10-18 00:00:00,38066.16015625,38234.842956173205,37841.24717105652,38234.842956173205,1597863,1d,VCB,VCB.VN
2022-10-19 00:00:00,38178.61328125,38234.84346727192,37841.2476768939,38178.61328125,1229559,1d,VCB,VCB.VN
2022-10-20 00:00:00,38909.57421875,39359.39631192013,37728.79461737925,38178.61283260556,2784841,1d,VCB,VCB.VN
2022-10-21 00:00:00,38234.84375,39752.99285877226,38234.84375,38909.574963701496,2568410,1d,VCB,VCB.VN
2022-10-24 00:00:00,38234.84375,39078.257767126874,36997.83393958466,39078.257767126874,1543306,1d,VCB,VCB.VN
2022-10-25 00:00:00,39303.171875,39696.76380154061,37110.29149014802,37110.29149014802,2991270,1d,VCB,VCB.VN
2022-10-26 00:00:00,39359.3984375,39696.764056110864,38515.98439097284,39696.764056110864,1150107,1d,VCB,VCB.VN
2022-10-27 00:00:00,40315.265625,40989.99680602303,38965.79938501024,39640.534443976976,2291387,1d,VCB,VCB.VN
2022-10-28 00:00:00,40259.0390625,41889.640698888645,40259.0390625,40765.08744504023,2756093,1d,VCB,VCB.VN
2022-10-31 00:00:00,41327.3671875,41327.3671875,40765.08860559624,41327.3671875,1164232,1d,VCB,VCB.VN
2022-11-01 00:00:00,42170.78125,42170.78125,41214.91076158665,41608.50266719507,1458557,1d,VCB,VCB.VN
2022-11-02 00:00:00,41383.59375,41889.64215007126,40483.94956457743,41608.50285738373,2215998,1d,VCB,VCB.VN
2022-11-03 00:00:00,41046.2265625,41271.135661185435,40483.94799887093,40483.94799887093,1332317,1d,VCB,VCB.VN
2022-11-04 00:00:00,40371.4921875,40765.08796422885,38740.89053034384,40202.80939117156,2786108,1d,VCB,VCB.VN
2022-11-07 00:00:00,40371.4921875,41046.22725075749,39977.90028871488,40371.4921875,3107447,1d,VCB,VCB.VN
2022-11-08 00:00:00,40821.31640625,42170.782725429344,40259.04168171655,40483.95079594114,3988301,1d,VCB,VCB.VN
2022-11-09 00:00:00,41608.50390625,41720.960401748576,40821.31619364779,41327.36848441943,2144843,1d,VCB,VCB.VN
2022-11-10 00:00:00,40933.7734375,41552.278357133844,40259.0422080609,41552.278357133844,2679289,1d,VCB,VCB.VN
2022-11-11 00:00:00,42451.921875,42451.921875,41046.2292517726,41046.2292517726,3410422,1d,VCB,VCB.VN
2022-11-14 00:00:00,42227.0078125,43014.195506421696,41664.73310423812,42451.92079815981,3242514,1d,VCB,VCB.VN
2022-11-15 00:00:00,42170.78125,42957.96893916063,40540.17956457577,41833.41565149456,3534366,1d,VCB,VCB.VN
2022-11-16 00:00:00,42227.0078125,43857.61338573025,39528.07913018903,39528.07913018903,5861421,1d,VCB,VCB.VN
2022-11-17 00:00:00,43014.1953125,43070.42549763336,42451.92060677303,42789.28620579797,3258757,1d,VCB,VCB.VN
2022-11-18 00:00:00,43014.1953125,43239.10829714583,41383.59362456484,42676.82971347506,2762801,1d,VCB,VCB.VN
2022-11-21 00:00:00,42170.78125,43014.1952462636,42170.78125,43014.1952462636,2162675,1d,VCB,VCB.VN
2022-11-22 00:00:00,41327.3671875,42733.0597643156,40765.08860559624,41889.64189145997,3418191,1d,VCB,VCB.VN
2022-11-23 00:00:00,41327.3671875,41327.3671875,40708.862298583386,41046.227896548124,3130399,1d,VCB,VCB.VN
2022-11-24 00:00:00,41046.2265625,41608.501248185414,40765.08728068546,41327.36584431454,2003950,1d,VCB,VCB.VN
2022-11-25 00:00:00,41102.453125,41383.59240857456,40933.770330444,41102.453125,3310667,1d,VCB,VCB.VN
2022-11-28 00:00:00,43126.65234375,43295.335145370394,41496.05063543822,41889.642546571195,4161329,1d,VCB,VCB.VN
2022-11-29 00:00:00,44869.7109375,44869.7109375,42733.060805674206,42733.060805674206,3014576,1d,VCB,VCB.VN
2022-11-30 00:00:00,45544.4453125,45544.4453125,43295.33484334464,45150.84952616887,2575295,1d,VCB,VCB.VN
2022-12-01 00:00:00,44982.16796875,45769.35568522135,44532.34586248867,45488.216384065025,2081458,1d,VCB,VCB.VN
2022-12-02 00:00:00,47793.55078125,47793.55078125,44588.57377014726,44925.93936311137,2431753,1d,VCB,VCB.VN
2022-12-05 00:00:00,47793.55078125,48918.104050444934,46387.85822527041,47287.50239180384,2937950,1d,VCB,VCB.VN
2022-12-06 00:00:00,44982.16796875,47906.00972047669,44982.16796875,47793.55322442538,2432989,1d,VCB,VCB.VN
2022-12-07 00:00:00,44138.75390625,46106.72125680784,43857.61460532918,44982.167931068514,2806941,1d,VCB,VCB.VN
2022-12-08 00:00:00,43295.3359375,45544.446463494656,43295.3359375,44419.893139469285,4378144,1d,VCB,VCB.VN
2022-12-09 00:00:00,43464.01953125,44532.34656574882,43351.56691136675,44082.52445238385,3089967,1d,VCB,VCB.VN
2022-12-12 00:00:00,43520.25,45263.30827682338,43520.25,44307.437733982944,4247490,1d,VCB,VCB.VN
2022-12-13 00:00:00,43970.0703125,44588.57521225276,43801.38751056233,43913.84012655821,3941690,1d,VCB,VCB.VN
2022-12-14 00:00:00,44307.4375,44813.48592390007,44138.75469203331,44813.48592390007,2200460,1d,VCB,VCB.VN
2022-12-15 00:00:00,44701.02734375,45375.76242213134,44194.978943421855,44307.43543614271,2207699,1d,VCB,VCB.VN
2022-12-16 00:00:00,44813.484375,46612.77276838075,44363.66227665481,44701.02788092774,6021913,1d,VCB,VCB.VN
2022-12-19 00:00:00,44532.34375,45544.44441056278,44419.891137227045,44982.16583492304,1337437,1d,VCB,VCB.VN
2022-12-20 00:00:00,44419.890625,46106.718576580104,44419.890625,44813.482521054124,2755033,1d,VCB,VCB.VN
2022-12-21 00:00:00,44251.20703125,45769.35617126071,44251.20703125,45769.35617126071,1698502,1d,VCB,VCB.VN
2022-12-22 00:00:00,44588.57421875,45600.67100782496,44588.57421875,44701.02683224026,1942683,1d,VCB,VCB.VN
2022-12-23 00:00:00,44476.1171875,45656.896760422744,44476.1171875,45094.622065964584,2445701,1d,VCB,VCB.VN
2022-12-26 00:00:00,44363.66015625,45431.987104015105,44363.66015625,44532.342950324106,2125069,1d,VCB,VCB.VN
2022-12-27 00:00:00,44476.1171875,45263.304862096404,44363.660697430874,45094.622065964584,2108120,1d,VCB,VCB.VN
2022-12-28 00:00:00,44982.16796875,46106.721295431365,44701.02866759368,45207.08096085263,2071924,1d,VCB,VCB.VN
2022-12-29 00:00:00,45375.76171875,46387.858503717514,45263.30522777236,46275.402012739876,2424867,1d,VCB,VCB.VN
2022-12-30 00:00:00,44982.16796875,46725.226206797706,44982.16796875,46612.773588690325,2667636,1d,VCB,VCB.VN
2023-01-03 00:00:00,46444.08984375,46444.08984375,45094.62355227359,45094.62355227359,1924144,1d,VCB,VCB.VN
2023-01-04 00:00:00,46556.54296875,46612.77315522472,45994.26824961004,46612.77315522472,1719511,1d,VCB,VCB.VN
2023-01-05 00:00:00,47231.27734375,47231.27734375,46387.859460929416,46556.54226190477,1904369,1d,VCB,VCB.VN
2023-01-06 00:00:00,47231.27734375,47681.095561055045,47175.04715812899,47231.27734375,2227297,1d,VCB,VCB.VN
2023-01-09 00:00:00,48861.87890625,48861.87890625,47681.09542485168,48243.374011792555,2943423,1d,VCB,VCB.VN
2023-01-10 00:00:00,49086.79296875,50548.71189773698,48468.28806072783,48468.28806072783,3881659,1d,VCB,VCB.VN
2023-01-11 00:00:00,47849.78125,49086.7910168557,47849.78125,49086.7910168557,2318226,1d,VCB,VCB.VN
2023-01-12 00:00:00,47681.09375,47906.00672805356,47118.81906075347,47906.00672805356,3469394,1d,VCB,VCB.VN
2023-01-13 00:00:00,48243.375,48636.97079450972,47906.009392102475,47906.009392102475,1451319,1d,VCB,VCB.VN
2023-01-16 00:00:00,49086.79296875,49761.52418552185,48355.83156528455,48355.83156528455,1825625,1d,VCB,VCB.VN
2023-01-17 00:00:00,50267.5703125,50267.5703125,49086.790736837764,49761.52192293047,1138101,1d,VCB,VCB.VN
2023-01-18 00:00:00,50604.9375,51167.21609142261,50267.57189632398,50604.9375,1560785,1d,VCB,VCB.VN
2023-01-19 00:00:00,52291.76953125,53978.60143192643,49199.245026333854,50323.79833413685,3137108,1d,VCB,VCB.VN
2023-01-27 00:00:00,52291.76953125,53191.41372866995,51448.35551988372,52291.76953125,2799879,1d,VCB,VCB.VN
2023-01-30 00:00:00,50548.7109375,52010.62983871598,50492.484629818406,51785.72073004577,1845046,1d,VCB,VCB.VN
2023-01-31 00:00:00,51673.265625,51673.265625,49367.92877896159,50548.71229554885,2707892,1d,VCB,VCB.VN
2023-02-01 00:00:00,50098.890625,52010.63168953013,50098.890625,51729.492385230056,2006421,1d,VCB,VCB.VN
2023-02-02 00:00:00,50942.3046875,51729.492413199434,49817.75134763566,49817.75134763566,1819621,1d,VCB,VCB.VN
2023-02-03 00:00:00,52291.76953125,52291.76953125,50098.8892237538,50773.62043284683,1648005,1d,VCB,VCB.VN
2023-02-06 00:00:00,53978.6015625,54147.284365181295,51448.355644336654,52066.86054681604,2523917,1d,VCB,VCB.VN
2023-02-07 00:00:00,51729.4921875,53697.46343213418,51729.4921875,53585.00693525521,2594011,1d,VCB,VCB.VN
2023-02-08 00:00:00,52966.5,54091.05717002829,51785.720400591636,51785.720400591636,1678726,1d,VCB,VCB.VN
2023-02-09 00:00:00,52291.76953125,53416.322839053,52291.76953125,52741.59162995997,1483629,1d,VCB,VCB.VN
2023-02-10 00:00:00,53135.1875,53135.1875,52179.31311509731,53135.1875,1260104,1d,VCB,VCB.VN
2023-02-13 00:00:00,52572.91015625,53641.23718294076,51729.492245625945,53303.87156986872,1576145,1d,VCB,VCB.VN
2023-02-14 00:00:00,52010.62890625,52572.907484760544,51279.67140771881,52572.907484760544,2080047,1d,VCB,VCB.VN
2023-02-15 00:00:00,52291.76953125,52966.50074034303,51279.67271761046,52010.63023481329,1587799,1d,VCB,VCB.VN
2023-02-16 00:00:00,51954.40234375,52854.04651375947,51841.94585301288,52291.76793801762,1487689,1d,VCB,VCB.VN
2023-02-17 00:00:00,52291.76953125,52460.45233352326,51729.49093837657,52291.76953125,1675902,1d,VCB,VCB.VN
2023-02-20 00:00:00,52741.58984375,53135.18562102019,52291.76776027425,52291.76776027425,2049855,1d,VCB,VCB.VN
2023-02-21 00:00:00,52966.5,53360.09578509867,52854.04738535222,52966.5,1227970,1d,VCB,VCB.VN
2023-02-22 00:00:00,52291.76953125,53022.73092639669,52010.63023481329,52966.50074034303,1891834,1d,VCB,VCB.VN
2023-02-23 00:00:00,52460.453125,52854.0489215384,51279.67349127265,52291.77032018181,1846281,1d,VCB,VCB.VN
2023-02-24 00:00:00,52572.91015625,52854.04945979135,50604.938909404504,52291.77085270865,1266637,1d,VCB,VCB.VN
2023-02-27 00:00:00,52179.3125,52572.90828654886,51560.8076053831,52291.768993005935,919874,1d,VCB,VCB.VN
2023-02-28 00:00:00,52572.91015625,52685.36665325533,52066.86173664195,52347.997162239335,1104908,1d,VCB,VCB.VN
2023-03-01 00:00:00,52291.76953125,52516.68251957692,51841.94743254003,51898.17761859369,1369570,1d,VCB,VCB.VN
2023-03-02 00:00:00,52404.2265625,52741.59217050415,51617.0388511757,52291.770067183985,1738580,1d,VCB,VCB.VN
2023-03-03 00:00:00,51110.98828125,52179.311368843606,51110.98828125,51617.03667189072,1526532,1d,VCB,VCB.VN
2023-03-06 00:00:00,51167.21484375,51841.946034649256,51167.21484375,51167.21484375,1256925,1d,VCB,VCB.VN
2023-03-07 00:00:00,51673.265625,52010.63123604095,51223.44351763075,51448.35651028735,1859700,1d,VCB,VCB.VN
2023-03-08 00:00:00,51841.9453125,51841.9453125,50998.53133562454,51167.21413099963,1539420,1d,VCB,VCB.VN
2023-03-09 00:00:00,52291.76953125,52516.68251957692,51560.80813610331,51729.49093837657,1974111,1d,VCB,VCB.VN
2023-03-10 00:00:00,51785.72265625,52010.63177328585,51448.35704172422,51841.94896602297,1366216,1d,VCB,VCB.VN
2023-03-13 00:00:00,51448.35546875,51729.49088696343,51054.75967854101,51729.49088696343,1340439,1d,VCB,VCB.VN
2023-03-14 00:00:00,51167.21484375,51279.67133488113,50886.07555489406,51167.21484375,1600863,1d,VCB,VCB.VN
2023-03-15 00:00:00,51392.125,51729.49060235507,51223.442198822464,51504.58149343297,1502167,1d,VCB,VCB.VN
2023-03-16 00:00:00,51167.21484375,51729.489543518124,50323.79697718217,51167.21484375,1423069,1d,VCB,VCB.VN
2023-03-17 00:00:00,50042.6640625,51223.443705473386,50042.6640625,51167.21739607502,4011784,1d,VCB,VCB.VN
2023-03-20 00:00:00,47849.78125,50323.796905767646,47849.78125,50042.661495254426,1901545,1d,VCB,VCB.VN
2023-03-21 00:00:00,48636.96875,50548.709699686406,48018.46386887278,48018.46386887278,2071748,1d,VCB,VCB.VN
2023-03-22 00:00:00,50042.6640625,50548.712480917166,48693.1977354436,48693.1977354436,1940034,1d,VCB,VCB.VN
2023-03-23 00:00:00,50998.53125,50998.53125,49086.79032032956,49930.20429578896,3434964,1d,VCB,VCB.VN
2023-03-24 00:00:00,50042.6640625,51167.21739607502,49986.43387515768,51167.21739607502,1188245,1d,VCB,VCB.VN
2023-03-27 00:00:00,51167.21484375,51167.21484375,49480.38298855811,50042.66156626999,1458557,1d,VCB,VCB.VN
2023-03-28 00:00:00,51617.0390625,52235.54397235444,50661.16854326021,51054.760461561804,1569259,1d,VCB,VCB.VN
2023-03-29 00:00:00,51898.17578125,52010.62839348845,50886.07512549785,52010.62839348845,746492,1d,VCB,VCB.VN
2023-03-30 00:00:00,52123.0859375,52404.22522966768,51729.49015287649,51898.17683053214,1069419,1d,VCB,VCB.VN
2023-03-31 00:00:00,51392.125,52404.225685009056,50886.07659646739,52179.31269814311,1824918,1d,VCB,VCB.VN
2023-04-03 00:00:00,52179.3125,52235.54268547488,51279.672189784,51560.8076053831,1434898,1d,VCB,VCB.VN
2023-04-04 00:00:00,51729.4921875,52235.54448448339,51504.58307168602,52179.31429707193,552453,1d,VCB,VCB.VN
2023-04-05 00:00:00,51785.72265625,51898.17915373992,51223.444046744386,51898.17915373992,762737,1d,VCB,VCB.VN
2023-04-06 00:00:00,51279.671875,51785.72027350455,51279.671875,51448.35467450152,740313,1d,VCB,VCB.VN
2023-04-07 00:00:00,50604.9375,51223.44239938733,50323.798204288694,51167.21609142261,1488749,1d,VCB,VCB.VN
2023-04-10 00:00:00,50042.6640625,50604.93879031554,50042.6640625,50604.93879031554,1204665,1d,VCB,VCB.VN
2023-04-11 00:00:00,49592.83984375,50604.93663752868,49592.83984375,50042.661933632895,1461205,1d,VCB,VCB.VN
2023-04-12 00:00:00,49649.06640625,49817.74920608115,49480.38360641884,49649.06640625,1026516,1d,VCB,VCB.VN
2023-04-13 00:00:00,49592.83984375,49761.52264271311,49367.926859836654,49649.066150756444,1001092,1d,VCB,VCB.VN
2023-04-14 00:00:00,49705.29296875,50098.88875567275,49592.840353581065,49649.06666116553,843600,1d,VCB,VCB.VN
2023-04-17 00:00:00,49705.29296875,49761.52315427829,49367.927367355536,49705.29296875,997383,1d,VCB,VCB.VN
2023-04-18 00:00:00,49480.3828125,49817.74840674923,49199.243524644386,49649.06560962462,1338497,1d,VCB,VCB.VN
2023-04-19 00:00:00,49761.5234375,49873.97993125282,49480.38414208988,49536.61044999436,870260,1d,VCB,VCB.VN
2023-04-20 00:00:00,49649.06640625,49930.205698616526,49480.38360641884,49930.205698616526,455169,1d,VCB,VCB.VN
2023-04-21 00:00:00,49199.24609375,49536.61170561592,49143.01978442033,49480.38539628625,1865350,1d,VCB,VCB.VN
2023-04-24 00:00:00,49424.15625,49761.52184250107,48918.10398330467,49480.38255610227,1033225,1d,VCB,VCB.VN
2023-04-25 00:00:00,49649.06640625,49761.52289878537,49199.24431405232,49592.84009895422,998972,1d,VCB,VCB.VN
2023-04-26 00:00:00,50267.5703125,50323.796618693144,49424.156329884114,49480.382636077265,7143551,1d,VCB,VCB.VN
2023-04-27 00:00:00,50604.9375,50886.076795711306,49705.293304901366,49873.97998468323,1273523,1d,VCB,VCB.VN
2023-04-28 00:00:00,50886.078125,50886.078125,49930.2075969666,50604.93882194454,1307775,1d,VCB,VCB.VN
2023-05-04 00:00:00,49761.5234375,50604.937445786505,49761.5234375,50604.937445786505,986967,1d,VCB,VCB.VN
2023-05-05 00:00:00,50492.484375,50548.71068239784,49592.84018897167,49761.522989109006,1060239,1d,VCB,VCB.VN
2023-05-08 00:00:00,52291.76953125,52404.22602541346,50492.48501435398,50604.93763057357,2759977,1d,VCB,VCB.VN
2023-05-09 00:00:00,51898.17578125,52797.816068876244,51898.17578125,52291.767679972036,1799846,1d,VCB,VCB.VN
2023-05-10 00:00:00,51729.4921875,52291.7707939509,51504.58307168602,51673.26587803249,1448493,1d,VCB,VCB.VN
2023-05-11 00:00:00,51167.21484375,51785.71972805557,51167.21484375,51729.489543518124,1203428,1d,VCB,VCB.VN
2023-05-12 00:00:00,52179.3125,52179.3125,51054.75920377213,51167.21569677807,1577558,1d,VCB,VCB.VN
2023-05-15 00:00:00,51560.80859375,52291.7699953846,51279.67317276183,51729.49139752046,1198664,1d,VCB,VCB.VN
2023-05-16 00:00:00,52066.859375,52347.99478784568,51335.89799453613,51729.48989928636,1591859,1d,VCB,VCB.VN
2023-05-17 00:00:00,52179.3125,52291.768993005935,51898.1770844009,52010.62969946301,1408766,1d,VCB,VCB.VN
2023-05-18 00:00:00,53416.32421875,53978.6028261466,51841.948771572286,52235.5445723387,3345448,1d,VCB,VCB.VN
2023-05-19 00:00:00,52966.5,53360.09578509867,52066.85969309871,53135.186677859296,1076835,1d,VCB,VCB.VN
2023-05-22 00:00:00,52347.99609375,52797.81819464593,51841.947684471044,52291.76978536697,1174649,1d,VCB,VCB.VN
2023-05-23 00:00:00,52179.3125,52629.134594079915,51785.720591394966,52291.768993005935,1004269,1d,VCB,VCB.VN
2023-05-24 00:00:00,52066.859375,52179.311988960755,51673.26359230598,52179.311988960755,680106,1d,VCB,VCB.VN
2023-05-25 00:00:00,52404.2265625,52854.04866582016,51392.12586054366,52066.86095449585,1106320,1d,VCB,VCB.VN
2023-05-26 00:00:00,51729.4921875,52572.91009717635,51729.4921875,52404.22729082987,1812735,1d,VCB,VCB.VN
2023-05-29 00:00:00,52347.99609375,53416.32309863484,51729.49118976109,51729.49118976109,1113206,1d,VCB,VCB.VN
2023-05-30 00:00:00,53135.1875,53303.87030252544,51954.404004378004,52347.99591762276,2308514,1d,VCB,VCB.VN
2023-05-31 00:00:00,52854.046875,52910.273181780976,52347.99460219612,52797.81669027525,741726,1d,VCB,VCB.VN
2023-06-01 00:00:00,52797.81640625,53191.41218543081,52404.22450501295,53191.41218543081,1255867,1d,VCB,VCB.VN
2023-06-02 00:00:00,53360.09765625,53416.323965545555,52460.453439857534,52797.81905151872,2573883,1d,VCB,VCB.VN
2023-06-05 00:00:00,55103.15625,55496.75205138787,53528.780800336455,53528.780800336455,2406153,1d,VCB,VCB.VN
2023-06-06 00:00:00,55665.43359375,55665.43359375,54259.74098291566,55103.15499823871,1376280,1d,VCB,VCB.VN
2023-06-07 00:00:00,54540.87890625,55665.432190990134,54540.87890625,55665.432190990134,1402940,1d,VCB,VCB.VN
2023-06-08 00:00:00,56227.70703125,57183.581397446746,54540.87903900585,54540.87903900585,2400149,1d,VCB,VCB.VN
2023-06-09 00:00:00,56508.84765625,57352.26555022107,55665.43364022282,56227.708358259646,1891128,1d,VCB,VCB.VN
2023-06-12 00:00:00,56789.98828125,57071.12758580973,55159.38651951394,56171.48336239619,803522,1d,VCB,VCB.VN
2023-06-13 00:00:00,57633.3984375,57914.53772313536,56059.023091474446,56227.70588726692,1648887,1d,VCB,VCB.VN
2023-06-14 00:00:00,57689.62890625,58476.8165831497,57071.124025975674,57577.17241585183,1519293,1d,VCB,VCB.VN
2023-06-15 00:00:00,58195.6796875,58308.13618251923,57127.352679677104,57633.40109034777,1866410,1d,VCB,VCB.VN
2023-06-16 00:00:00,59039.09375,59826.28533778689,58026.99692789211,58589.275525470206,2386730,1d,VCB,VCB.VN
2023-06-19 00:00:00,57183.58203125,58533.0444400023,57183.58203125,58251.90514553095,2145023,1d,VCB,VCB.VN
2023-06-20 00:00:00,56171.48046875,56846.21166257972,56115.25416191212,56846.21166257972,3442043,1d,VCB,VCB.VN
2023-06-21 00:00:00,56227.70703125,56508.84632260529,56059.024232025586,56059.024232025586,2194456,1d,VCB,VCB.VN
2023-06-22 00:00:00,56452.62109375,57352.2652920925,56171.481797024986,57352.2652920925,1582855,1d,VCB,VCB.VN
2023-06-23 00:00:00,56171.48046875,56452.61975882698,55946.57136345469,56452.61975882698,1400469,1d,VCB,VCB.VN
2023-06-26 00:00:00,56227.70703125,56733.75930686704,55721.65863357676,55721.65863357676,1425187,1d,VCB,VCB.VN
2023-06-27 00:00:00,56227.70703125,56789.98561396058,56059.024232025586,56227.70703125,1263988,1d,VCB,VCB.VN
2023-06-28 00:00:00,56846.2109375,57464.715816602744,56115.25344615584,56227.70605839726,1578796,1d,VCB,VCB.VN
2023-06-29 00:00:00,57296.03515625,57914.54005841014,56846.21305668409,57239.808848033215,1761356,1d,VCB,VCB.VN
2023-06-30 00:00:00,56227.70703125,57239.80770454029,56227.70703125,56846.21192105412,1111617,1d,VCB,VCB.VN
2023-07-03 00:00:00,56227.70703125,56677.529121829706,56115.25441706292,56227.70703125,865317,1d,VCB,VCB.VN
2023-07-04 00:00:00,56227.70703125,57296.03401163383,56171.48072415646,56621.30281473617,1387226,1d,VCB,VCB.VN
2023-07-05 00:00:00,57352.265625,57633.40104541303,56396.39123499769,56789.98702828616,4437645,1d,VCB,VCB.VN
2023-07-06 00:00:00,56621.3046875,57464.7187115182,56508.848191649595,57408.49240256496,3264585,1d,VCB,VCB.VN
2023-07-07 00:00:00,59039.09375,59039.09375,56452.621508206124,56508.84781678638,3662374,1d,VCB,VCB.VN
2023-07-10 00:00:00,57745.85546875,58982.86523478843,57520.94636489927,58982.86523478843,3077608,1d,VCB,VCB.VN
2023-07-11 00:00:00,57914.5390625,59039.09235310478,57239.807863725895,57239.807863725895,4400921,1d,VCB,VCB.VN
2023-07-12 00:00:00,58476.81640625,58757.95569242307,57745.85503778876,57745.85503778876,1537478,1d,VCB,VCB.VN
2023-07-13 00:00:00,58982.8671875,59039.09349583819,58308.135975666104,59039.09349583819,2972025,1d,VCB,VCB.VN
2023-07-14 00:00:00,59039.09375,59039.09375,58476.819030365805,58982.86744141975,2310633,1d,VCB,VCB.VN
2023-07-17 00:00:00,58926.640625,59039.09324119137,58589.27502053818,59039.09324119137,2280443,1d,VCB,VCB.VN
2023-07-18 00:00:00,58645.5,59039.09190364055,58645.5,58982.865596818694,1458381,1d,VCB,VCB.VN
2023-07-19 00:00:00,59882.51171875,60219.87732652709,58814.18470882663,58814.18470882663,4566181,1d,VCB,VCB.VN
2023-07-20 00:00:00,59039.09375,59826.28533778689,58251.90604015701,59320.23304878905,1553025,1d,VCB,VCB.VN
2023-07-21 00:00:00,59039.09375,59039.09375,58476.819030365805,59039.09375,3219433,1d,VCB,VCB.VN
2023-07-24 00:00:00,58814.18359375,59264.0056882391,58757.9572861678,59095.32288754867,1613261,1d,VCB,VCB.VN
2023-07-25 00:00:00,60893.31640625,61424.55593469964,59963.64529249121,60030.05120303338,3849337,1d,VCB,VCB.VN
2023-07-26 00:00:00,62022.203125,62022.203125,61026.12607257302,61026.12607257302,2597439,1d,VCB,VCB.VN
2023-07-27 00:00:00,61557.36328125,62221.41462434824,61424.55533939664,62221.41462434824,1431030,1d,VCB,VCB.VN
2023-07-28 00:00:00,61756.58203125,61756.58203125,60959.722733133174,61557.36429826288,1805837,1d,VCB,VCB.VN
2023-07-31 00:00:00,60826.91015625,61889.38920721987,60826.91015625,61756.581264820554,2195141,1d,VCB,VCB.VN
2023-08-01 00:00:00,60561.2890625,61623.76809011886,60561.2890625,60826.908819404714,2052062,1d,VCB,VCB.VN
2023-08-02 00:00:00,60760.50390625,60760.50390625,60428.48211313676,60561.29005479329,1578452,1d,VCB,VCB.VN
2023-08-03 00:00:00,60162.86328125,60760.50484485223,60096.45737042402,60760.50484485223,1451520,1d,VCB,VCB.VN
2023-08-04 00:00:00,59830.8359375,60494.88339342034,59830.8359375,60229.26363546345,1841267,1d,VCB,VCB.VN
2023-08-07 00:00:00,60295.671875,60295.671875,59764.43233855264,59830.83825009454,1860865,1d,VCB,VCB.VN
2023-08-08 00:00:00,60229.265625,60561.291302899765,59830.837913875395,60295.67153616873,1231014,1d,VCB,VCB.VN
2023-08-09 00:00:00,59897.2421875,60362.07579708514,59830.83627814676,60229.26397837866,1051928,1d,VCB,VCB.VN
2023-08-10 00:00:00,58768.359375,60096.458220588465,58768.359375,60096.458220588465,2133556,1d,VCB,VCB.VN
2023-08-11 00:00:00,60030.05078125,60030.05078125,58768.357879532996,58768.357879532996,1406540,1d,VCB,VCB.VN
2023-08-14 00:00:00,59100.3828125,59963.644120906145,59100.3828125,59963.644120906145,2369320,1d,VCB,VCB.VN
2023-08-15 00:00:00,59033.9765625,59764.429926144185,58768.35680499813,59764.429926144185,1746931,1d,VCB,VCB.VN
2023-08-16 00:00:00,59233.19140625,59366.003226204026,58901.16961225256,58967.57164428576,1256300,1d,VCB,VCB.VN
2023-08-17 00:00:00,59366.00390625,59631.62367125695,58834.7643762361,59233.19208477459,3236849,1d,VCB,VCB.VN
2023-08-18 00:00:00,59432.41015625,59963.64581135253,59100.38447861002,59631.62401165644,3802388,1d,VCB,VCB.VN
2023-08-21 00:00:00,59631.625,59897.24477092563,59233.193404639576,59565.21908778261,2587744,1d,VCB,VCB.VN
2023-08-22 00:00:00,58701.953125,59565.21833914444,58303.52541259112,59432.41039432278,2897345,1d,VCB,VCB.VN
2023-08-23 00:00:00,57307.453125,59033.97970159727,57174.641300215,59033.97970159727,2653342,1d,VCB,VCB.VN
2023-08-24 00:00:00,57772.28515625,58569.14444906453,57108.233806599295,57307.451538260815,1455835,1d,VCB,VCB.VN
2023-08-25 00:00:00,57241.046875,57772.28641511883,57108.23505099833,57241.046875,2192567,1d,VCB,VCB.VN
2023-08-28 00:00:00,57772.28515625,58104.31083107535,57241.045627706975,57373.85357087081,2166105,1d,VCB,VCB.VN
2023-08-29 00:00:00,58701.953125,58768.35903638278,57705.8799660339,57772.28587741668,2173584,1d,VCB,VCB.VN
2023-08-30 00:00:00,59166.7890625,59432.40882306484,58768.35748268085,58768.35748268085,2094497,1d,VCB,VCB.VN
2023-08-31 00:00:00,59166.7890625,59498.8108547482,58635.54954137033,59166.7890625,3692650,1d,VCB,VCB.VN
2023-09-05 00:00:00,59830.8359375,60229.26363546345,59166.788481579664,59166.788481579664,3009736,1d,VCB,VCB.VN
2023-09-06 00:00:00,59897.2421875,59897.2421875,59565.21651867756,59897.2421875,3076116,1d,VCB,VCB.VN
2023-09-07 00:00:00,59432.41015625,60295.67148899251,59432.41015625,59764.4319559461,2927661,1d,VCB,VCB.VN
2023-09-08 00:00:00,59432.41015625,59432.41015625,59166.7903897268,59432.41015625,2065947,1d,VCB,VCB.VN
2023-09-11 00:00:00,58768.359375,59764.43253970537,58436.333694116904,59498.812770587676,3875787,1d,VCB,VCB.VN
2023-09-12 00:00:00,59698.02734375,59764.43325631165,59033.97985196546,59100.385764527105,2410089,1d,VCB,VCB.VN
2023-09-13 00:00:00,59166.7890625,59764.43061531304,59033.97724324568,59764.43061531304,2504125,1d,VCB,VCB.VN
2023-09-14 00:00:00,59166.7890625,59432.40882306484,58502.73772211601,59100.38315287284,2321137,1d,VCB,VCB.VN
2023-09-15 00:00:00,59631.625,59631.625,58834.76568722311,59033.97954593135,3341923,1d,VCB,VCB.VN
2023-09-18 00:00:00,58967.5703125,59565.215732907636,58635.548526001294,59432.407793896906,1179707,1d,VCB,VCB.VN
2023-09-19 00:00:00,58502.73828125,59233.19166029858,57108.23355547082,58967.571897195114,1809253,1d,VCB,VCB.VN
2023-09-20 00:00:00,58436.33203125,58701.95179280921,57373.85298501318,58502.73794112576,1580255,1d,VCB,VCB.VN
2023-09-21 00:00:00,57772.28515625,58436.33262795685,57639.47333514231,58436.33262795685,2033065,1d,VCB,VCB.VN
2023-09-22 00:00:00,59299.59765625,59432.40947696557,57108.23363799383,57373.85340148113,4006016,1d,VCB,VCB.VN
2023-09-25 00:00:00,59299.59765625,59432.40947696557,58635.55018650368,59100.38380312049,3443614,1d,VCB,VCB.VN
2023-09-26 00:00:00,57772.28515625,59366.00374187906,57705.87924569616,59233.19192077138,2486506,1d,VCB,VCB.VN
2023-09-27 00:00:00,58303.5234375,59100.382713267245,57772.28392032184,58170.711619233574,2046508,1d,VCB,VCB.VN
2023-09-28 00:00:00,58436.33203125,58635.549760877264,57506.66480476469,57905.09250813159,1592327,1d,VCB,VCB.VN
2023-09-29 00:00:00,58104.3125,58635.55204380176,57838.69272809912,58635.55204380176,916907,1d,VCB,VCB.VN
2023-10-02 00:00:00,57440.2578125,57905.09141698346,57440.2578125,57838.68938630278,1144745,1d,VCB,VCB.VN
2023-10-03 00:00:00,57307.453125,57573.07289662604,56975.42744098146,57440.261071841036,1594567,1d,VCB,VCB.VN
2023-10-04 00:00:00,57307.453125,57307.453125,56643.40175696292,57307.453125,1379586,1d,VCB,VCB.VN
2023-10-05 00:00:00,56112.16015625,57108.233293838704,56112.16015625,57108.233293838704,1515930,1d,VCB,VCB.VN
2023-10-06 00:00:00,56709.8046875,56709.8046875,55448.11180810332,56112.159263280184,1197345,1d,VCB,VCB.VN
2023-10-09 00:00:00,56178.56640625,56709.805933238684,55780.13482203656,56709.805933238684,1812089,1d,VCB,VCB.VN
2023-10-10 00:00:00,57174.640625,57241.046536608264,56178.56746265166,56178.56746265166,1199140,1d,VCB,VCB.VN
2023-10-11 00:00:00,57440.2578125,57440.2578125,56909.018299392126,57241.04396457048,1219024,1d,VCB,VCB.VN
2023-10-12 00:00:00,57108.234375,57705.87982004525,56776.21257481388,57705.87982004525,1318739,1d,VCB,VCB.VN
2023-10-13 00:00:00,57506.6640625,57506.6640625,56776.21069712644,57108.232486332025,1178209,1d,VCB,VCB.VN
2023-10-16 00:00:00,57174.640625,57506.66630509742,56842.61494490258,56842.61494490258,824193,1d,VCB,VCB.VN
2023-10-17 00:00:00,57041.83203125,57440.25974048226,56776.21226578053,57174.6399750128,730158,1d,VCB,VCB.VN
2023-10-18 00:00:00,57041.83203125,57108.234064159464,56444.186589457735,56776.21226578053,1893268,1d,VCB,VCB.VN
2023-10-19 00:00:00,56112.16015625,57108.233293838704,55846.54039436342,56776.21149993835,2105857,1d,VCB,VCB.VN
2023-10-20 00:00:00,56311.375,56643.400677692196,54916.874133991776,55448.11366712173,1402908,1d,VCB,VCB.VN
2023-10-23 00:00:00,56112.16015625,56112.16015625,54784.061346817114,56112.16015625,1690247,1d,VCB,VCB.VN
2023-10-24 00:00:00,57108.234375,57440.26005313002,55713.73350715294,56112.16121855384,1486030,1d,VCB,VCB.VN
2023-10-25 00:00:00,56975.42578125,56975.42578125,56178.56648958492,56510.59216393133,1381529,1d,VCB,VCB.VN
2023-10-26 00:00:00,56112.16015625,57108.233293838704,55448.11269050547,56444.185828094174,2272848,1d,VCB,VCB.VN
2023-10-27 00:00:00,56444.1875,56444.1875,55647.32819073689,56178.56773024563,1362543,1d,VCB,VCB.VN
2023-10-30 00:00:00,57041.83203125,57108.234064159464,55448.11343843321,55448.11343843321,925255,1d,VCB,VCB.VN
2023-10-31 00:00:00,57639.47265625,57705.878566021696,56377.77976030683,57041.831102136166,2150258,1d,VCB,VCB.VN
2023-11-01 00:00:00,58303.5234375,58303.5234375,57174.63849401046,57639.47210205541,2317399,1d,VCB,VCB.VN
2023-11-02 00:00:00,59100.3828125,59100.3828125,57506.66425828957,58436.33147594043,1666177,1d,VCB,VCB.VN
2023-11-03 00:00:00,59033.9765625,59366.00222886327,58502.73704749627,59100.3824713614,1730612,1d,VCB,VCB.VN
2023-11-06 00:00:00,59432.41015625,59631.62401165644,58768.35880097004,59033.97856749325,1246531,1d,VCB,VCB.VN
2023-11-07 00:00:00,58635.55078125,59299.59825773182,58635.55078125,59100.384402581665,775755,1d,VCB,VCB.VN
2023-11-08 00:00:00,59432.41015625,59565.21810053966,58369.93109015717,58436.33312333006,1987303,1d,VCB,VCB.VN
2023-11-09 00:00:00,58369.9296875,59432.40872806095,58369.9296875,59432.40872806095,3426241,1d,VCB,VCB.VN
2023-11-10 00:00:00,57108.234375,58104.31140939005,57108.234375,57838.69164247482,2109445,1d,VCB,VCB.VN
2023-11-13 00:00:00,56776.2109375,57174.63863741104,56709.80502820023,57108.23272811127,4847965,1d,VCB,VCB.VN
2023-11-14 00:00:00,57108.234375,57440.26005313002,56709.8066635991,57108.234375,1624317,1d,VCB,VCB.VN
2023-11-15 00:00:00,58237.1171875,58237.1171875,57440.25791639684,57440.25791639684,6238336,1d,VCB,VCB.VN
2023-11-16 00:00:00,58436.33203125,58436.33203125,57573.070714640446,57772.28456632389,2008981,1d,VCB,VCB.VN
2023-11-17 00:00:00,56842.61328125,58369.92981381951,56776.211249529086,58303.52390415479,2531035,1d,VCB,VCB.VN
2023-11-20 00:00:00,57174.640625,57772.28607358657,56444.187231140815,56842.61494490258,1730313,1d,VCB,VCB.VN
2023-11-21 00:00:00,57506.6640625,57573.06997151863,56975.424546238544,57174.638395350645,1878318,1d,VCB,VCB.VN
2023-11-22 00:00:00,57573.0703125,57573.0703125,56776.21103338834,57307.45055279611,1602191,1d,VCB,VCB.VN
2023-11-23 00:00:00,56776.2109375,57639.47224662184,56776.2109375,57573.070215265856,1124539,1d,VCB,VCB.VN
2023-11-24 00:00:00,57108.234375,57108.234375,56444.18689668386,56776.21257481388,1186282,1d,VCB,VCB.VN
2023-11-27 00:00:00,56975.42578125,57108.23372422226,56510.59216393133,57108.23372422226,819260,1d,VCB,VCB.VN
2023-11-28 00:00:00,56975.42578125,57041.83169170805,56311.374432557175,56776.21192781969,1384669,1d,VCB,VCB.VN
2023-11-29 00:00:00,56510.59375,57041.83329268689,56510.59375,56709.80760902159,1252959,1d,VCB,VCB.VN
2023-11-30 00:00:00,56244.97265625,56709.80627568608,56244.97265625,56510.592421348316,1474967,1d,VCB,VCB.VN
2023-12-01 00:00:00,56444.1875,56444.1875,55846.542048566684,56377.78158807543,1179106,1d,VCB,VCB.VN
2023-12-04 00:00:00,57108.234375,57241.04619742957,56311.3750742543,56709.8066635991,1462259,1d,VCB,VCB.VN
2023-12-05 00:00:00,56709.8046875,57174.638293918186,56311.37311203887,57108.23238501737,3498092,1d,VCB,VCB.VN
2023-12-06 00:00:00,57041.83203125,57108.234064159464,56444.186589457735,56643.400444073864,1118260,1d,VCB,VCB.VN
2023-12-07 00:00:00,56576.99609375,57108.235639341794,56444.18814632404,56909.02177923086,3593172,1d,VCB,VCB.VN
2023-12-08 00:00:00,56444.1875,56776.21318167895,56444.1875,56576.99544590522,1933035,1d,VCB,VCB.VN
2023-12-11 00:00:00,55912.9453125,56643.39867524486,55846.53940372035,56444.184826849676,4138309,1d,VCB,VCB.VN
2023-12-12 00:00:00,55912.9453125,56244.97097845448,55780.1334949407,56244.97097845448,1716858,1d,VCB,VCB.VN
2023-12-13 00:00:00,55580.921875,56112.161410649125,55580.921875,55912.94755426668,3798795,1d,VCB,VCB.VN
2023-12-14 00:00:00,56045.75390625,56112.1598158047,55780.134145975,55780.134145975,1468987,1d,VCB,VCB.VN
2023-12-15 00:00:00,54584.84765625,56045.75441197294,54584.84765625,55780.13464930115,3959359,1d,VCB,VCB.VN
2023-12-18 00:00:00,54120.015625,55049.68288258809,54120.015625,54983.28084843462,2996877,1d,VCB,VCB.VN
2023-12-19 00:00:00,53920.80078125,54120.01463595768,53190.34351741537,54120.01463595768,3108703,1d,VCB,VCB.VN
2023-12-20 00:00:00,53854.39453125,53987.20247423755,53455.962946399646,53920.8004417157,3011378,1d,VCB,VCB.VN
2023-12-21 00:00:00,53721.58203125,53787.98794087629,53323.15432937983,53787.98794087629,3211858,1d,VCB,VCB.VN
2023-12-22 00:00:00,53721.58203125,53854.393850502594,53389.560239006125,53721.58203125,2574091,1d,VCB,VCB.VN
2023-12-25 00:00:00,54319.2265625,54319.2265625,53588.77320253809,53721.58114164765,2212600,1d,VCB,VCB.VN
2023-12-26 00:00:00,54983.28125,54983.28125,54452.04170522868,54452.04170522868,1664234,1d,VCB,VCB.VN
2023-12-27 00:00:00,54916.875,55248.900682928055,54784.0631756512,55049.68294640485,1521461,1d,VCB,VCB.VN
2023-12-28 00:00:00,54983.28125,55182.495109803254,54717.66147761434,54916.875337417594,1491262,1d,VCB,VCB.VN
2023-12-29 00:00:00,53323.15625,55713.73418115746,53323.15625,55448.11441102885,2832017,1d,VCB,VCB.VN
2024-01-02 00:00:00,55448.11328125,55514.51919191508,54584.84807643544,55049.68169520333,2837212,1d,VCB,VCB.VN
2024-01-03 00:00:00,56112.16015625,56112.16015625,54983.27907668991,55448.11269050547,2274044,1d,VCB,VCB.VN
2024-01-04 00:00:00,57041.83203125,57241.04588586613,55780.13523681214,56112.16091313493,4088675,1d,VCB,VCB.VN
2024-01-05 00:00:00,57241.046875,57241.046875,56909.02119293975,57041.833016941426,1985958,1d,VCB,VCB.VN
2024-01-08 00:00:00,57639.47265625,57639.47265625,57307.45086327914,57307.45086327914,2470936,1d,VCB,VCB.VN
2024-01-09 00:00:00,58303.5234375,58369.92934663322,57639.47210205541,57639.47210205541,3101377,1d,VCB,VCB.VN
2024-01-10 00:00:00,59432.41015625,59432.41015625,57905.09359028364,58303.5251790404,2751398,1d,VCB,VCB.VN
2024-01-11 00:00:00,59299.59765625,59764.431272866816,58834.76403963319,59432.40947696557,2381684,1d,VCB,VCB.VN
2024-01-12 00:00:00,58901.171875,59432.411419336575,58037.90664596707,58502.74027777558,2921977,1d,VCB,VCB.VN
2024-01-15 00:00:00,59764.4296875,59830.835596096236,59033.97632677257,59100.382235368816,3008239,1d,VCB,VCB.VN
2024-01-16 00:00:00,59764.4296875,59830.835596096236,59033.97632677257,59100.382235368816,2142634,1d,VCB,VCB.VN
2024-01-17 00:00:00,60362.078125,60428.48403691424,59100.38518834901,59100.38518834901,2505919,1d,VCB,VCB.VN
2024-01-18 00:00:00,60494.8828125,60561.28872083748,59764.4294546189,60362.07487376877,2225905,1d,VCB,VCB.VN
2024-01-19 00:00:00,61490.9609375,61756.580697803685,60030.05031685783,60428.48189628526,2394691,1d,VCB,VCB.VN
2024-01-22 00:00:00,61092.53125,62088.604412499495,61092.53125,62088.604412499495,1662888,1d,VCB,VCB.VN
2024-01-23 00:00:00,60760.50390625,61358.149338563926,60030.05053227953,61158.93548710722,2025576,1d,VCB,VCB.VN
2024-01-24 00:00:00,60494.8828125,61092.52823164987,60362.07487376877,60826.908476243676,1211996,1d,VCB,VCB.VN
2024-01-25 00:00:00,60428.484375,60826.91209282673,60229.26663814268,60494.886409341816,898943,1d,VCB,VCB.VN
2024-01-26 00:00:00,61092.53125,61092.53125,60694.10353617777,60826.91148147054,1523554,1d,VCB,VCB.VN
2024-01-29 00:00:00,60561.2890625,61092.52857630943,60362.0752143074,60959.72063682894,1202727,1d,VCB,VCB.VN
2024-01-30 00:00:00,60428.484375,60561.292321627596,59830.83892031595,60561.292321627596,1397227,1d,VCB,VCB.VN
2024-01-31 00:00:00,58768.359375,60162.864132353876,58768.359375,60162.864132353876,1524302,1d,VCB,VCB.VN
2024-02-01 00:00:00,59631.625,59897.24477092563,58436.33409186269,58436.33409186269,998809,1d,VCB,VCB.VN
2024-02-02 00:00:00,59963.64453125,60096.45635064828,59166.789126635515,59166.789126635515,1266265,1d,VCB,VCB.VN
2024-02-05 00:00:00,59764.4296875,60162.8612611337,59366.00199181004,59897.24150469248,3018405,1d,VCB,VCB.VN
2024-02-06 00:00:00,59432.41015625,60162.86354470285,59166.7903897268,59963.64581135253,2132318,1d,VCB,VCB.VN
2024-02-07 00:00:00,59764.4296875,60295.66920038244,59299.59608321379,59764.4296875,2154893,1d,VCB,VCB.VN
2024-02-15 00:00:00,59698.02734375,60229.26688835522,59166.791677088746,59764.43325631165,1705346,1d,VCB,VCB.VN
2024-02-16 00:00:00,59498.8125,59897.244090836524,59432.4104664805,59698.02635644631,1198392,1d,VCB,VCB.VN
2024-02-19 00:00:00,59897.2421875,60096.45603761595,59299.59675920837,59698.02445944027,1703253,1d,VCB,VCB.VN
2024-02-20 00:00:00,60627.6953125,60694.10122158593,59366.002429586166,59830.83603730014,2272848,1d,VCB,VCB.VN
2024-02-21 00:00:00,60561.2890625,60893.31472811683,60096.455457402684,60893.31472811683,2184793,1d,VCB,VCB.VN
2024-02-22 00:00:00,59432.41015625,60428.48331122606,59432.41015625,60162.86354470285,1934380,1d,VCB,VCB.VN
2024-02-23 00:00:00,59033.9765625,60694.10101637258,59033.9765625,59432.40813772467,2832875,1d,VCB,VCB.VN
2024-02-26 00:00:00,59432.41015625,59764.4319559461,59033.97856749325,59033.97856749325,1184040,1d,VCB,VCB.VN
2024-02-27 00:00:00,60494.8828125,60561.28872083748,59166.78791341275,59498.8096992127,2539855,1d,VCB,VCB.VN
2024-02-28 00:00:00,64678.39453125,64678.39453125,60030.05063989357,60428.48222146505,6479180,1d,VCB,VCB.VN
2024-02-29 00:00:00,64611.9921875,66736.94639316695,64611.9921875,65408.85146885402,2976545,1d,VCB,VCB.VN
2024-03-01 00:00:00,64611.9921875,65209.633740057674,63018.27362479194,65209.633740057674,3623282,1d,VCB,VCB.VN
2024-03-04 00:00:00,63748.7265625,65076.82147777029,63483.10680385718,65076.82147777029,2592928,1d,VCB,VCB.VN
2024-03-05 00:00:00,63416.703125,64147.15651747096,63217.48926849772,64147.15651747096,2145026,1d,VCB,VCB.VN
2024-03-06 00:00:00,63483.109375,64279.968683202205,63151.083693763096,63416.70346316383,3095547,1d,VCB,VCB.VN
2024-03-07 00:00:00,63615.9140625,64678.39308568575,63416.700215138604,63682.319970935045,3746918,1d,VCB,VCB.VN
2024-03-08 00:00:00,63151.08203125,64080.75313865005,63151.08203125,63682.321556066076,3480210,1d,VCB,VCB.VN
2024-03-11 00:00:00,62487.03515625,63748.72807015644,62487.03515625,63151.08262958986,2995980,1d,VCB,VCB.VN
2024-03-12 00:00:00,62686.25,63018.275680883096,62420.63023088231,62487.03614264771,1697273,1d,VCB,VCB.VN
2024-03-13 00:00:00,63748.7265625,64080.75223028946,62619.8416187821,63018.273195718204,4916307,1d,VCB,VCB.VN
2024-03-14 00:00:00,63084.6796875,63815.133061028086,62819.059926403985,63748.727151268125,3509663,1d,VCB,VCB.VN
2024-03-15 00:00:00,62420.62890625,63084.68025392432,62354.222995893804,63084.68025392432,3687417,1d,VCB,VCB.VN
2024-03-18 00:00:00,61756.58203125,62752.655184410054,61424.556354215354,62619.843362418644,2791912,1d,VCB,VCB.VN
2024-03-19 00:00:00,61424.5546875,62088.602145606914,61424.5546875,61424.5546875,1584849,1d,VCB,VCB.VN
2024-03-20 00:00:00,61889.390625,62487.03607434755,61424.55699903809,61424.55699903809,1451495,1d,VCB,VCB.VN
2024-03-21 00:00:00,63217.48828125,63416.70213464122,62420.62898974128,62420.62898974128,2532679,1d,VCB,VCB.VN
2024-03-22 00:00:00,64014.34765625,64279.96742043267,63217.48836370197,63217.48836370197,2824055,1d,VCB,VCB.VN
2024-03-25 00:00:00,63549.515625,64346.3749374425,62487.03654174333,63084.68199556119,2365987,1d,VCB,VCB.VN
2024-03-26 00:00:00,63947.94140625,64147.155258843515,63615.91573329825,63748.727553656485,1099423,1d,VCB,VCB.VN
2024-03-27 00:00:00,63615.9140625,63881.53381829644,63483.10612357365,63881.53381829644,1883700,1d,VCB,VCB.VN
2024-03-28 00:00:00,63549.515625,64014.34925443881,63483.10971281047,63881.53743005975,1843185,1d,VCB,VCB.VN
2024-03-29 00:00:00,63018.2734375,63682.32089768289,63018.2734375,63682.32089768289,1442974,1d,VCB,VCB.VN
2024-04-01 00:00:00,63217.48828125,63748.727808922486,62885.46260696874,63018.274427858785,1825395,1d,VCB,VCB.VN
2024-04-02 00:00:00,62752.65625,63217.48987897542,62354.224655203965,63151.08396685209,1693835,1d,VCB,VCB.VN
2024-04-03 00:00:00,62287.8203125,62951.86777529039,62287.8203125,62686.24801458547,2315904,1d,VCB,VCB.VN
2024-04-04 00:00:00,63748.7265625,63748.7265625,62686.24752792875,63018.273195718204,3201841,1d,VCB,VCB.VN
2024-04-05 00:00:00,63018.2734375,63483.1070474224,62553.4398275776,62951.86752809858,1232478,1d,VCB,VCB.VN
2024-04-08 00:00:00,63018.2734375,63283.89319716192,62553.4398275776,63018.2734375,1435349,1d,VCB,VCB.VN
2024-04-09 00:00:00,62619.84375,63350.30101958611,62553.441716537185,63084.68125190314,1217827,1d,VCB,VCB.VN
2024-04-10 00:00:00,62752.65625,62819.06216212333,62487.036479450624,62619.84442575334,1280318,1d,VCB,VCB.VN
2024-04-11 00:00:00,62420.62890625,62819.060490443364,62088.60323241284,62420.62890625,1230385,1d,VCB,VCB.VN
2024-04-12 00:00:00,62819.0625,63416.704078492585,62287.822956043936,62752.6565875195,1410981,1d,VCB,VCB.VN
2024-04-15 00:00:00,61092.53125,64080.7546154424,61092.53125,62819.06168441344,2938123,1d,VCB,VCB.VN
2024-04-16 00:00:00,60428.484375,62287.822773393964,60096.458691515094,62287.822773393964,2925266,1d,VCB,VCB.VN
2024-04-17 00:00:00,60096.45703125,61158.936086693786,59432.409560569555,60561.29064852069,2406501,1d,VCB,VCB.VN
2024-04-19 00:00:00,60096.45703125,60362.076795110945,59565.2175035281,59764.43135693785,2128581,1d,VCB,VCB.VN
2024-04-22 00:00:00,60162.86328125,60694.102811970115,59897.24351588994,60096.45737042402,1590829,1d,VCB,VCB.VN
2024-04-23 00:00:00,59830.8359375,60561.289302395504,59233.190512611065,60162.86160443205,2484540,1d,VCB,VCB.VN
2024-04-24 00:00:00,60162.86328125,60494.885079492175,59830.837605063956,60428.48304661006,3274349,1d,VCB,VCB.VN
2024-04-25 00:00:00,60428.484375,61690.17731870992,60096.458691515094,60162.86460380087,1995376,1d,VCB,VCB.VN
2024-04-26 00:00:00,60561.2890625,61955.793755735685,60561.2890625,60893.31472811683,2636133,1d,VCB,VCB.VN
2024-05-02 00:00:00,61026.125,61424.556589556894,60494.885465886735,61158.93682250026,1840943,1d,VCB,VCB.VN
2024-05-03 00:00:00,61424.5546875,62022.20011435686,60959.72107903078,61358.148778306175,2295871,1d,VCB,VCB.VN
2024-05-06 00:00:00,61756.58203125,61955.795886293236,61557.36429826288,61690.17612025429,1863070,1d,VCB,VCB.VN
2024-05-07 00:00:00,61690.17578125,62487.035074987856,61690.17578125,62022.20145646007,1822704,1d,VCB,VCB.VN
2024-05-08 00:00:00,61756.58203125,61889.38997529753,61158.93658817641,61557.36429826288,1980875,1d,VCB,VCB.VN
2024-05-09 00:00:00,61424.5546875,62022.20011435686,61291.74286911235,61690.17444633152,1033942,1d,VCB,VCB.VN
2024-05-10 00:00:00,61092.53125,61557.36487544057,60893.31739308888,61557.36487544057,1298323,1d,VCB,VCB.VN
2024-05-13 00:00:00,60428.484375,61358.151635225004,60096.458691515094,61158.93777631164,1969992,1d,VCB,VCB.VN
2024-05-14 00:00:00,60162.86328125,60826.91075567821,60096.45737042402,60494.885079492175,1394087,1d,VCB,VCB.VN
2024-05-15 00:00:00,60428.484375,60627.69823391337,60295.672550428455,60428.484375,1447375,1d,VCB,VCB.VN
2024-05-16 00:00:00,61490.9609375,61557.362969118076,60760.50368820702,61092.52935807258,2680418,1d,VCB,VCB.VN
2024-05-17 00:00:00,60959.72265625,61490.962187657875,60893.31674533805,61490.962187657875,1621764,1d,VCB,VCB.VN
2024-05-20 00:00:00,61026.125,61756.58226786366,60959.722966693764,61291.74476705663,1805759,1d,VCB,VCB.VN
2024-05-21 00:00:00,60494.8828125,61092.52823164987,60229.263057093805,61026.12232331239,2222342,1d,VCB,VCB.VN
2024-05-22 00:00:00,60229.265625,60893.31698079952,60229.265625,60760.50515846206,2260040,1d,VCB,VCB.VN
2024-05-23 00:00:00,60428.484375,60760.50618054096,60096.458691515094,60229.26663814268,1969764,1d,VCB,VCB.VN
2024-05-24 00:00:00,59897.2421875,60428.48170643839,59764.43036879351,60428.48170643839,3596267,1d,VCB,VCB.VN
2024-05-27 00:00:00,59897.2421875,60162.86194696919,59565.21651867756,60030.05012826271,1881636,1d,VCB,VCB.VN
2024-05-28 00:00:00,60229.265625,60229.265625,59631.62405831309,59631.62405831309,2712451,1d,VCB,VCB.VN
2024-05-29 00:00:00,59631.625,60428.48431277689,59631.625,60295.6724883421,1773724,1d,VCB,VCB.VN
2024-05-30 00:00:00,58834.765625,59565.21902478697,58768.359712852834,59432.41107843659,3589094,1d,VCB,VCB.VN
2024-05-31 00:00:00,57905.09375,59100.384641623285,57905.09375,58901.17078566737,5863050,1d,VCB,VCB.VN
2024-06-03 00:00:00,58569.14453125,59299.597914535676,58436.332709955954,58436.332709955954,3189835,1d,VCB,VCB.VN
2024-06-04 00:00:00,58901.171875,59233.19368175238,58635.55210283171,59033.97982211216,3236227,1d,VCB,VCB.VN
2024-06-05 00:00:00,58967.5703125,59432.407793896906,58834.76237348926,58901.1682819665,3413651,1d,VCB,VCB.VN
2024-06-06 00:00:00,59100.3828125,59565.21642132543,58967.57099401057,59033.97690325529,2541313,1d,VCB,VCB.VN
2024-06-07 00:00:00,58768.359375,59565.21868235308,58768.359375,59166.7909676485,1928010,1d,VCB,VCB.VN
2024-06-10 00:00:00,58436.33203125,59233.191315927616,58369.92999931806,59033.97746424417,4368107,1d,VCB,VCB.VN
2024-06-11 00:00:00,57905.09375,58701.95305176756,57838.69171664396,58635.55101841152,3606807,1d,VCB,VCB.VN
2024-06-12 00:00:00,58901.171875,59233.19368175238,57772.28687379878,58037.90664596707,3363002,1d,VCB,VCB.VN
2024-06-13 00:00:00,58701.953125,59166.79062673556,58701.953125,59033.97880397,2578725,1d,VCB,VCB.VN
2024-06-14 00:00:00,58104.3125,59166.791587603526,58104.3125,58768.35999078022,3710739,1d,VCB,VCB.VN
2024-06-17 00:00:00,57838.69140625,58303.52502696722,57838.69140625,58170.71320508008,3533731,1d,VCB,VCB.VN
2024-06-18 00:00:00,57838.69140625,58768.35864768443,57838.69140625,58104.31117208039,2109295,1d,VCB,VCB.VN
2024-06-19 00:00:00,57506.6640625,58104.30948778009,57440.25815348138,57971.49766974284,3430277,1d,VCB,VCB.VN
2024-06-20 00:00:00,57108.234375,57506.6659643448,56842.61460808477,57506.6659643448,4064821,1d,VCB,VCB.VN
2024-06-21 00:00:00,57108.234375,57573.07187555958,56776.21257481388,57174.64028621478,2766461,1d,VCB,VCB.VN
2024-06-24 00:00:00,56776.2109375,58037.903824476656,56776.2109375,57108.23272811127,3274012,1d,VCB,VCB.VN
2024-06-25 00:00:00,56776.2109375,57573.070215265856,56776.2109375,56909.01887815575,2371090,1d,VCB,VCB.VN
2024-06-26 00:00:00,56576.99609375,57307.4533773967,56576.99609375,57041.8336046008,2581951,1d,VCB,VCB.VN
2024-06-27 00:00:00,56576.99609375,57108.235639341794,56576.99609375,56576.99609375,2202407,1d,VCB,VCB.VN
2024-06-28 00:00:00,56576.99609375,57108.235639341794,56444.18814632404,57108.235639341794,1752812,1d,VCB,VCB.VN
2024-07-01 00:00:00,57174.640625,57241.046536608264,56576.99517641343,56975.42676811911,1837848,1d,VCB,VCB.VN
2024-07-02 00:00:00,58569.14453125,58967.57223924442,57241.04570802883,57573.071383320086,3790348,1d,VCB,VCB.VN
2024-07-03 00:00:00,58768.359375,58901.17119853081,58303.52574853002,58436.333694116904,3439815,1d,VCB,VCB.VN
2024-07-04 00:00:00,58436.33203125,59565.21698736258,58436.33203125,58834.76361256072,4739882,1d,VCB,VCB.VN
2024-07-05 00:00:00,58436.33203125,59233.191315927616,58436.33203125,58502.73794112576,2837151,1d,VCB,VCB.VN
2024-07-08 00:00:00,57905.09375,58901.17078566737,57905.09375,58436.333284511704,1874655,1d,VCB,VCB.VN
2024-07-09 00:00:00,58502.73828125,58701.95213409164,57573.07104935977,58104.31057556671,2390818,1d,VCB,VCB.VN
2024-07-10 00:00:00,58834.765625,59233.193341995095,58436.33403006096,58635.55176650245,47590424,1d,VCB,VCB.VN
2024-07-11 00:00:00,58502.73828125,59033.97780745694,58502.73828125,58834.76395461529,2484848,1d,VCB,VCB.VN
2024-07-12 00:00:00,58170.7109375,58834.762265162215,58170.7109375,58569.14250968608,2816952,1d,VCB,VCB.VN
2024-07-15 00:00:00,58104.3125,58635.55204380176,58104.3125,58170.71453451725,4209109,1d,VCB,VCB.VN
2024-07-16 00:00:00,58369.9296875,58834.763298259466,58170.711958936976,58170.711958936976,2488094,1d,VCB,VCB.VN
2024-07-17 00:00:00,58436.33203125,59764.43083904603,58104.31023775886,58967.57155436841,7000696,1d,VCB,VCB.VN
2024-07-18 00:00:00,58436.33203125,58967.57155436841,58369.92999931806,58635.549760877264,2634064,1d,VCB,VCB.VN
2024-07-19 00:00:00,58104.3125,58967.573850219895,58104.3125,58436.33430641813,2007959,1d,VCB,VCB.VN
2024-07-22 00:00:00,58237.1171875,58635.54876202345,57971.49743046561,58104.30924795468,2393644,1d,VCB,VCB.VN
2024-07-23 00:00:00,58104.3125,58635.55204380176,58104.3125,58303.526359439675,2407548,1d,VCB,VCB.VN
2024-07-24 00:00:00,58104.3125,58502.74021887934,58037.90658753879,58037.90658753879,3680241,1d,VCB,VCB.VN
2024-07-25 00:00:00,57971.5,58237.119768807745,57905.094088312086,58170.71385711983,1373905,1d,VCB,VCB.VN
2024-07-26 00:00:00,57971.5,58237.119768807745,57905.094088312086,57971.5,2965781,1d,VCB,VCB.VN
2024-07-29 00:00:00,57971.5,58303.52568049566,57971.5,58170.71385711983,808510,1d,VCB,VCB.VN
2024-07-30 00:00:00,58104.3125,58635.55204380176,57971.50067507758,57971.50067507758,1494701,1d,VCB,VCB.VN
2024-07-31 00:00:00,59233.19140625,59233.19140625,58104.310326359846,58104.310326359846,2860533,1d,VCB,VCB.VN
2024-08-01 00:00:00,60229.265625,60694.10312523722,59233.1924692446,59299.59838041333,7209787,1d,VCB,VCB.VN
2024-08-02 00:00:00,58901.171875,60030.05299825725,58901.171875,60030.05299825725,2379143,1d,VCB,VCB.VN
2024-08-05 00:00:00,57705.87890625,58768.35795708617,57705.87890625,58768.35795708617,4607141,1d,VCB,VCB.VN
2024-08-06 00:00:00,57971.5,58237.119768807745,57573.07228576035,57705.880231192255,6388135,1d,VCB,VCB.VN
2024-08-07 00:00:00,58237.1171875,58237.1171875,57772.28358217576,58037.90333921015,1215435,1d,VCB,VCB.VN
2024-08-08 00:00:00,57971.5,58237.119768807745,57905.094088312086,58237.119768807745,1813734,1d,VCB,VCB.VN
2024-08-09 00:00:00,58237.1171875,58635.54876202345,58037.90333921015,58037.90333921015,1699366,1d,VCB,VCB.VN
2024-08-12 00:00:00,58303.5234375,58701.951136411735,57971.49776977771,58701.951136411735,1647938,1d,VCB,VCB.VN
2024-08-13 00:00:00,59432.41015625,59432.41015625,58170.71335680685,58170.71335680685,2381385,1d,VCB,VCB.VN
2024-08-14 00:00:00,58436.33203125,59366.00313567913,58303.524089442304,59299.59722580337,2231762,1d,VCB,VCB.VN
2024-08-15 00:00:00,58170.7109375,58967.57020392842,58170.7109375,58436.330692976146,1376921,1d,VCB,VCB.VN
2024-08-16 00:00:00,58502.73828125,59033.97780745694,58436.33237098817,58436.33237098817,2123544,1d,VCB,VCB.VN
2024-08-19 00:00:00,58967.5703125,59299.59597694244,58635.548526001294,58967.5703125,2531380,1d,VCB,VCB.VN
2024-08-20 00:00:00,60295.671875,60295.671875,59033.97894542349,59033.97894542349,5059574,1d,VCB,VCB.VN
2024-08-21 00:00:00,61623.76953125,61756.58135178016,60030.050952551064,60295.670715667555,4588696,1d,VCB,VCB.VN
2024-08-22 00:00:00,61358.1484375,61889.38795221234,61158.93458896881,61690.17410368115,2113251,1d,VCB,VCB.VN
2024-08-23 00:00:00,61358.1484375,61623.76819485617,60096.455559544134,61424.55434632498,1793285,1d,VCB,VCB.VN
2024-08-26 00:00:00,61092.53125,61490.962841766144,60826.91148147054,61158.93716161834,2340909,1d,VCB,VCB.VN
2024-08-27 00:00:00,60760.50390625,61158.93548710722,60362.07620333658,61092.52957730705,1531800,1d,VCB,VCB.VN
2024-08-28 00:00:00,60494.8828125,61026.12232331239,60494.8828125,60893.31438458116,1542300,1d,VCB,VCB.VN
2024-08-29 00:00:00,60760.50390625,61358.149338563926,60428.48211313676,60428.48211313676,2422387,1d,VCB,VCB.VN
2024-08-30 00:00:00,60893.31640625,61291.7441136153,60760.50458516566,60760.50458516566,2496351,1d,VCB,VCB.VN
2024-09-04 00:00:00,60428.484375,60494.886409341816,59963.64686694354,60494.886409341816,3562643,1d,VCB,VCB.VN
2024-09-05 00:00:00,59830.8359375,60494.88339342034,59830.8359375,60162.86160443205,1770325,1d,VCB,VCB.VN
2024-09-06 00:00:00,59897.2421875,60295.6698877319,59631.62242803081,59897.2421875,2071173,1d,VCB,VCB.VN
2024-09-09 00:00:00,59897.2421875,59897.2421875,59233.19084985512,59830.83627814676,1050686,1d,VCB,VCB.VN
2024-09-10 00:00:00,59100.3828125,59897.24208960521,59100.3828125,59830.8361803605,2212922,1d,VCB,VCB.VN
2024-09-11 00:00:00,58701.953125,59100.38471535278,58436.333357412776,58834.76494776556,2941212,1d,VCB,VCB.VN
2024-09-12 00:00:00,59432.41015625,59830.83786706287,58701.952889853266,58768.35880097004,3315087,1d,VCB,VCB.VN
2024-09-13 00:00:00,59698.02734375,59897.245081434936,59166.791677088746,59631.62530913232,2533746,1d,VCB,VCB.VN
2024-09-16 00:00:00,59033.9765625,59764.429926144185,58967.57065363859,59498.81016864232,2047701,1d,VCB,VCB.VN
2024-09-17 00:00:00,60096.45703125,60096.45703125,58834.76412239646,59100.383886257405,1526139,1d,VCB,VCB.VN
2024-09-18 00:00:00,60428.484375,61026.1259517401,59565.21914911681,60162.86460380087,2743704,1d,VCB,VCB.VN
2024-09-19 00:00:00,60760.50390625,60893.31572585034,60362.07620333658,60428.48211313676,2086302,1d,VCB,VCB.VN
2024-09-20 00:00:00,60162.86328125,61092.53052103827,60162.86328125,60959.722577330176,3430141,1d,VCB,VCB.VN
2024-09-23 00:00:00,60362.078125,60826.91175251184,60362.078125,60627.69789471304,2297067,1d,VCB,VCB.VN
2024-09-24 00:00:00,60561.2890625,60760.5029106926,60362.0752143074,60362.0752143074,951422,1d,VCB,VCB.VN
2024-09-25 00:00:00,61623.76953125,61756.58135178016,60561.290478784045,60760.50433163545,3965405,1d,VCB,VCB.VN
2024-09-26 00:00:00,61424.5546875,62287.81987318838,61424.5546875,61690.17444633152,2886577,1d,VCB,VCB.VN
2024-09-27 00:00:00,61424.5546875,62155.00805480074,61424.5546875,61424.5546875,1675745,1d,VCB,VCB.VN
2024-09-30 00:00:00,61092.53125,61424.5569301478,61092.53125,61424.5569301478,2079429,1d,VCB,VCB.VN
2024-10-01 00:00:00,61092.53125,62022.202378825066,61092.53125,61291.74510691111,2652728,1d,VCB,VCB.VN
2024-10-02 00:00:00,61557.36328125,61557.36328125,60959.72172599416,61291.74351959946,2231898,1d,VCB,VCB.VN
2024-10-03 00:00:00,61490.9609375,62354.22225002913,61358.14911837626,61490.9609375,2615116,1d,VCB,VCB.VN
2024-10-04 00:00:00,61291.7421875,61623.76785183296,61291.7421875,61424.554004410675,1380931,1d,VCB,VCB.VN
2024-10-07 00:00:00,61092.53125,61424.5569301478,60959.72330470723,61291.74510691111,987746,1d,VCB,VCB.VN
2024-10-08 00:00:00,60760.50390625,61092.52957730705,60428.48211313676,61092.52957730705,1712042,1d,VCB,VCB.VN
2024-10-09 00:00:00,60428.484375,60959.723917398274,60362.07846271423,60627.69823391337,3888083,1d,VCB,VCB.VN
2024-10-10 00:00:00,61026.125,61756.58226786366,60561.29137713686,61291.74476705663,2100818,1d,VCB,VCB.VN
2024-10-11 00:00:00,60760.50390625,61026.12366750688,60561.29005479329,61026.12366750688,1709611,1d,VCB,VCB.VN
2024-10-14 00:00:00,60694.1015625,61225.341082283834,60627.69565304107,61225.341082283834,1510996,1d,VCB,VCB.VN
2024-10-15 00:00:00,60694.1015625,61158.93517282491,60627.69565304107,60627.69565304107,2138791,1d,VCB,VCB.VN
2024-10-16 00:00:00,60760.50390625,60959.721635650516,60627.69596459346,60694.10187439364,1962935,1d,VCB,VCB.VN
2024-10-17 00:00:00,61225.34375,61291.74578440841,60893.3180661821,61092.531925295254,1921698,1d,VCB,VCB.VN
2024-10-18 00:00:00,61358.1484375,61822.98204338736,61092.528680143834,61557.36228603119,2037303,1d,VCB,VCB.VN
2024-10-21 00:00:00,61092.53125,61955.79646720672,61092.53125,61424.5569301478,2127534,1d,VCB,VCB.VN
2024-10-22 00:00:00,60694.1015625,61225.341082283834,60694.1015625,61092.52926336598,1882952,1d,VCB,VCB.VN
2024-10-23 00:00:00,60760.50390625,60959.721635650516,60561.29005479329,60561.29005479329,1120203,1d,VCB,VCB.VN
2024-10-24 00:00:00,60893.31640625,61291.7441136153,60694.10255256735,61225.342081016985,1129323,1d,VCB,VCB.VN
2024-10-25 00:00:00,60959.72265625,61291.744454922016,60893.31674533805,61158.93651104199,1571694,1d,VCB,VCB.VN
2024-10-28 00:00:00,61092.53125,61291.74510691111,60760.5055698522,60760.5055698522,1689052,1d,VCB,VCB.VN
2024-10-29 00:00:00,61092.53125,61490.962841766144,61092.53125,61158.93716161834,2089412,1d,VCB,VCB.VN
2024-10-30 00:00:00,60893.31640625,61358.15002415747,60826.91049570783,61092.530259932646,972497,1d,VCB,VCB.VN
2024-10-31 00:00:00,62155.0078125,63084.678903758046,60760.50311458481,60760.50311458481,4468405,1d,VCB,VCB.VN
2024-11-01 00:00:00,62088.6015625,63018.272648651175,62088.6015625,62420.627227407116,2666040,1d,VCB,VCB.VN
2024-11-04 00:00:00,61424.5546875,63283.89299932065,61358.148778306175,62420.62781363226,2920632,1d,VCB,VCB.VN
2024-11-05 00:00:00,61490.9609375,61756.580697803685,61092.52935807258,61490.9609375,1698469,1d,VCB,VCB.VN
2024-11-06 00:00:00,61690.17578125,62022.20145646007,61623.76987061921,61623.76987061921,2267616,1d,VCB,VCB.VN
2024-11-07 00:00:00,61889.390625,62354.2242509619,61889.390625,61889.390625,2201088,1d,VCB,VCB.VN
2024-11-08 00:00:00,61225.34375,62354.22487027052,61225.34375,62088.60509880499,2212600,1d,VCB,VCB.VN
2024-11-11 00:00:00,61092.53125,61623.770787058915,61026.12533838165,61623.770787058915,3009136,1d,VCB,VCB.VN
2024-11-12 00:00:00,61026.125,61889.39021242003,61026.125,61092.530911250135,2102418,1d,VCB,VCB.VN
2024-11-13 00:00:00,61424.5546875,61690.17444633152,61026.12311028083,61026.12311028083,2070874,1d,VCB,VCB.VN
2024-11-14 00:00:00,61092.53125,61424.5569301478,61026.12533838165,61092.53125,2675601,1d,VCB,VCB.VN
2024-11-15 00:00:00,60893.31640625,61424.55593469964,60826.91049570783,61092.530259932646,2380040,1d,VCB,VCB.VN
2024-11-18 00:00:00,60428.484375,61291.74572293923,60362.07846271423,60893.3180051125,2907625,1d,VCB,VCB.VN
2024-11-19 00:00:00,59764.4296875,60826.908713264886,59764.4296875,60760.50280466865,2446418,1d,VCB,VCB.VN
2024-11-20 00:00:00,59963.64453125,60561.289962654664,59698.024770397235,59764.430680096375,2557496,1d,VCB,VCB.VN
2024-11-21 00:00:00,60096.45703125,60627.6965589719,59897.243177840246,60030.0511207988,2184344,1d,VCB,VCB.VN
2024-11-22 00:00:00,60162.86328125,60627.69690114413,60162.86328125,60428.48304661006,2830483,1d,VCB,VCB.VN
2024-11-25 00:00:00,60627.6953125,61225.340738385836,60362.07555410005,60362.07555410005,2711931,1d,VCB,VCB.VN
2024-11-26 00:00:00,61358.1484375,61690.17410368115,60694.10098308146,60694.10098308146,2875632,1d,VCB,VCB.VN
2024-11-27 00:00:00,61557.36328125,61889.38895279912,61291.74351959946,61291.74351959946,1565564,1d,VCB,VCB.VN
2024-11-28 00:00:00,61490.9609375,62088.60248972545,61424.55502793813,61822.98272942176,2076405,1d,VCB,VCB.VN
2024-11-29 00:00:00,61955.796875,61955.796875,61424.55733444446,61490.96324649989,1607274,1d,VCB,VCB.VN
2024-12-02 00:00:00,62553.44140625,63151.08297211426,62354.22367301803,63018.275027903495,2465404,1d,VCB,VCB.VN
2024-12-03 00:00:00,61756.58203125,62686.249273414345,61490.962265211056,62686.249273414345,3753048,1d,VCB,VCB.VN
2024-12-04 00:00:00,62088.6015625,62354.22131883694,61424.554110629506,61623.767958396274,1800579,1d,VCB,VCB.VN
2024-12-05 00:00:00,62420.62890625,62819.060490443364,61756.581436519526,61756.581436519526,3732417,1d,VCB,VCB.VN
2024-12-06 00:00:00,62553.44140625,63283.894794268905,62354.22367301803,62420.62958409535,2541649,1d,VCB,VCB.VN
2024-12-09 00:00:00,63283.89453125,63283.89453125,62354.223413863,62553.44114626699,3059517,1d,VCB,VCB.VN
2024-12-10 00:00:00,62752.65625,63283.89579109875,62752.65625,63283.89579109875,1461063,1d,VCB,VCB.VN
2024-12-11 00:00:00,61955.796875,62951.87004405565,61889.39096294457,62752.65618583331,2629256,1d,VCB,VCB.VN
2024-12-12 00:00:00,62088.6015625,62686.24698374406,62088.6015625,62088.6015625,1055022,1d,VCB,VCB.VN
2024-12-13 00:00:00,61822.984375,62155.01005370327,61690.17643028503,61889.390286329435,2149959,1d,VCB,VCB.VN
2024-12-16 00:00:00,61822.984375,61889.390286329435,61690.17643028503,61756.58234161446,1797887,1d,VCB,VCB.VN
2024-12-17 00:00:00,61756.58203125,61822.984064301825,61623.77020925859,61756.58203125,1759764,1d,VCB,VCB.VN
2024-12-18 00:00:00,61822.984375,61955.79619765887,61756.58234161446,61756.58234161446,844525,1d,VCB,VCB.VN
2024-12-19 00:00:00,61358.1484375,61623.76819485617,61225.34049779379,61623.76819485617,2988056,1d,VCB,VCB.VN
2024-12-20 00:00:00,61424.5546875,61690.17444633152,61291.74286911235,61358.148778306175,2790417,1d,VCB,VCB.VN
2024-12-23 00:00:00,61358.1484375,61623.76819485617,61358.1484375,61490.96025514996,2410239,1d,VCB,VCB.VN
2024-12-24 00:00:00,61158.9375,61623.77112801242,61092.531588014244,61557.365216026665,1603088,1d,VCB,VCB.VN
2024-12-25 00:00:00,61358.1484375,62287.81952721847,61225.34049779379,61225.34049779379,4091366,1d,VCB,VCB.VN
2024-12-26 00:00:00,61158.9375,61623.77112801242,61092.531588014244,61424.55726999909,3330710,1d,VCB,VCB.VN
2024-12-27 00:00:00,61225.34375,61756.583292931056,61225.34375,61424.55760911315,2451650,1d,VCB,VCB.VN
2024-12-30 00:00:00,61092.53125,61424.5569301478,61092.53125,61225.34307323668,2618791,1d,VCB,VCB.VN
2024-12-31 00:00:00,60561.2890625,61358.14833321414,60561.2890625,61225.34039373366,3779958,1d,VCB,VCB.VN
2025-01-02 00:00:00,61026.125,61424.556589556894,60760.50523294337,60826.9111441935,2437598,1d,VCB,VCB.VN
2025-01-03 00:00:00,61092.53125,61358.15101852946,61026.12533838165,61026.12533838165,2543892,1d,VCB,VCB.VN
2025-01-06 00:00:00,61690.17578125,62022.20145646007,61026.12443082985,61092.53034146064,2895516,1d,VCB,VCB.VN
2025-01-07 00:00:00,61291.7421875,61889.38760771058,61291.7421875,61889.38760771058,2267915,1d,VCB,VCB.VN
2025-01-08 00:00:00,61358.1484375,61358.1484375,60760.50301396268,61291.74252867502,1572740,1d,VCB,VCB.VN
2025-01-09 00:00:00,61026.125,61225.342733750396,60893.31705544363,61092.530911250135,1446711,1d,VCB,VCB.VN
2025-01-10 00:00:00,60694.1015625,61358.1490232579,60694.1015625,61026.12335390705,1663187,1d,VCB,VCB.VN
2025-01-13 00:00:00,61026.125,61026.125,60494.885465886735,60627.697288387,1699815,1d,VCB,VCB.VN
2025-01-14 00:00:00,60893.31640625,61026.124349390484,60561.290731483015,61026.124349390484,1012563,1d,VCB,VCB.VN
2025-01-15 00:00:00,60694.1015625,61026.12335390705,60694.1015625,61026.12335390705,793994,1d,VCB,VCB.VN
2025-01-16 00:00:00,61557.36328125,61889.38895279912,60959.72172599416,61026.12375794893,3763214,1d,VCB,VCB.VN
2025-01-17 00:00:00,61424.5546875,61756.580355525344,61225.340837862306,61557.362627943876,2861259,1d,VCB,VCB.VN
2025-01-20 00:00:00,60893.31640625,61424.55593469964,60826.91049570783,61291.7441136153,2803872,1d,VCB,VCB.VN
2025-01-21 00:00:00,60694.1015625,61158.93517282491,60627.69565304107,61158.93517282491,2542990,1d,VCB,VCB.VN
2025-01-22 00:00:00,60561.2890625,61092.52857630943,60561.2890625,61092.52857630943,1708934,1d,VCB,VCB.VN
2025-01-23 00:00:00,61424.5546875,61690.17444633152,60627.695411005436,60627.695411005436,2647495,1d,VCB,VCB.VN
2025-01-24 00:00:00,61490.9609375,61756.580697803685,61158.93526763444,61158.93526763444,1728967,1d,VCB,VCB.VN
2025-02-03 00:00:00,60826.91015625,61358.14968173493,60826.91015625,61291.743771563364,2424292,1d,VCB,VCB.VN
2025-02-04 00:00:00,61092.53125,61225.34307323668,60893.31739308888,61158.93716161834,1523704,1d,VCB,VCB.VN
2025-02-05 00:00:00,61490.9609375,61623.76887867995,61092.52935807258,61092.52935807258,2236221,1d,VCB,VCB.VN
2025-02-06 00:00:00,61690.17578125,62022.20145646007,61557.363959988426,61623.76987061921,2319343,1d,VCB,VCB.VN
2025-02-07 00:00:00,61756.58203125,61889.38997529753,61424.556354215354,61690.17612025429,3604295,1d,VCB,VCB.VN
2025-02-10 00:00:00,61225.34375,61690.17738057868,61026.126012942885,61690.17738057868,3734360,1d,VCB,VCB.VN
2025-02-11 00:00:00,61026.125,61291.74476705663,60893.31705544363,61225.342733750396,1553903,1d,VCB,VCB.VN
2025-02-12 00:00:00,60760.50390625,61424.5552483641,60760.50390625,61026.12366750688,1874580,1d,VCB,VCB.VN
2025-02-13 00:00:00,60826.91015625,61026.124008820894,60694.10221385068,61026.124008820894,1289138,1d,VCB,VCB.VN
2025-02-14 00:00:00,60826.91015625,61225.341739335614,60760.504246078424,61225.341739335614,1715662,1d,VCB,VCB.VN
2025-02-17 00:00:00,60826.91015625,61092.52991899247,60760.504246078424,60760.504246078424,1176714,1d,VCB,VCB.VN
2025-02-18 00:00:00,60826.91015625,61092.52991899247,60694.10221385068,60826.91015625,1891623,1d,VCB,VCB.VN
2025-02-19 00:00:00,60893.31640625,60893.31640625,60627.696642025185,60826.91049570783,2773972,1d,VCB,VCB.VN
2025-02-20 00:00:00,60893.31640625,61291.7441136153,60893.31640625,61225.342081016985,2745418,1d,VCB,VCB.VN
2025-02-21 00:00:00,61822.984375,61822.984375,61158.93689553734,61158.93689553734,3757533,1d,VCB,VCB.VN
2025-02-24 00:00:00,62088.6015625,62088.6015625,61557.36204982611,61955.79362330339,3128736,1d,VCB,VCB.VN
2025-02-25 00:00:00,61490.9609375,62155.00839928732,61424.55502793813,62088.60248972545,2974452,1d,VCB,VCB.VN
2025-02-26 00:00:00,61291.7421875,61690.1737602883,61225.34015698839,61490.95991286602,1354470,1d,VCB,VCB.VN
2025-02-27 00:00:00,62420.62890625,63350.30001740528,62420.62890625,63018.27434356812,7612241,1d,VCB,VCB.VN
2025-02-28 00:00:00,61955.796875,62553.44232761097,61955.796875,62553.44232761097,3300362,1d,VCB,VCB.VN
2025-03-03 00:00:00,61955.796875,62088.60482116691,61756.58301677766,62088.60482116691,1964430,1d,VCB,VCB.VN
2025-03-04 00:00:00,61756.58203125,62022.20179728894,61557.36429826288,61889.38997529753,3940371,1d,VCB,VCB.VN
2025-03-05 00:00:00,61756.58203125,62287.821563327874,61756.58203125,61756.58203125,2815384,1d,VCB,VCB.VN
2025-03-06 00:00:00,62088.6015625,62553.43904454746,61889.387714733224,62088.6015625,3675607,1d,VCB,VCB.VN
2025-03-07 00:00:00,63151.08203125,63283.893851425935,62088.60298161784,62155.00889170581,6103337,1d,VCB,VCB.VN
2025-03-10 00:00:00,64279.96875,64678.39646554317,63815.135122551656,64014.348980323244,6772051,1d,VCB,VCB.VN
2025-03-11 00:00:00,64279.96875,64279.96875,63483.109440969725,63748.72921064648,5536284,1d,VCB,VCB.VN
2025-03-12 00:00:00,66216.6640625,68102.8958723763,65124.63511994003,65521.736553598195,7661300,1d,VCB,VCB.VN
2025-03-13 00:00:00,65025.36328125,66713.04446564885,64727.537189885494,66713.04446564885,4559300,1d,VCB,VCB.VN
2025-03-14 00:00:00,65521.73828125,66315.94116950758,64926.08611505682,64926.08611505682,5021600,1d,VCB,VCB.VN
2025-03-17 00:00:00,66812.3203125,66812.3203125,65521.74057392274,65521.74057392274,5003800,1d,VCB,VCB.VN
2025-03-18 00:00:00,66315.9453125,67308.69898484282,66315.9453125,67308.69898484282,3757000,1d,VCB,VCB.VN
2025-03-19 00:00:00,66018.1171875,66713.0447368421,66018.1171875,66713.0447368421,3937000,1d,VCB,VCB.VN
2025-03-20 00:00:00,66315.9453125,66514.49604696856,65720.29310909432,66018.11921079716,1789901,1d,VCB,VCB.VN
2025-03-21 00:00:00,65521.73828125,66514.49189157198,65521.73828125,66514.49189157198,1764500,1d,VCB,VCB.VN
2025-03-24 00:00:00,66018.1171875,66018.1171875,65025.3635455827,65819.56645911654,2078600,1d,VCB,VCB.VN
2025-03-25 00:00:00,65720.2890625,66117.39050698641,65720.2890625,66018.11514586481,2091100,1d,VCB,VCB.VN
2025-03-26 00:00:00,65323.1875,66117.39038753799,65323.1875,65918.83966565349,1608400,1d,VCB,VCB.VN
2025-03-27 00:00:00,65025.36328125,65422.46473640267,65025.36328125,65323.1893726145,964500,1d,VCB,VCB.VN
2025-03-28 00:00:00,64330.43359375,65223.91183810764,64330.43359375,65025.36111713927,1751600,1d,VCB,VCB.VN
2025-03-31 00:00:00,63536.23046875,64727.53479003906,63536.23046875,64231.15798950195,1834900,1d,VCB,VCB.VN
2025-04-01 00:00:00,64032.609375,64826.812281976745,63536.23255813954,64231.160101744186,1816200,1d,VCB,VCB.VN
2025-04-02 00:00:00,64330.43359375,65521.73791956018,64131.882872781636,64528.984314718364,2393700,1d,VCB,VCB.VN
2025-04-03 00:00:00,59863.04296875,63933.332789179105,59863.04296875,63536.23134328358,10107100,1d,VCB,VCB.VN
2025-04-04 00:00:00,59565.21875,59565.21875,55792.754895833335,56289.13171875,12023700,1d,VCB,VCB.VN
2025-04-08 00:00:00,55395.65234375,59366.66684867832,55395.65234375,59366.66684867832,7255601,1d,VCB,VCB.VN
2025-04-09 00:00:00,52119.56640625,59267.39265625,51623.18958333333,51623.18958333333,8995800,1d,VCB,VCB.VN
2025-04-10 00:00:00,55693.4765625,55693.4765625,55693.4765625,55693.4765625,196200,1d,VCB,VCB.VN
2025-04-11 00:00:00,59366.66796875,59465.943333246236,57579.711407817726,59366.66796875,8059500,1d,VCB,VCB.VN
2025-04-14 00:00:00,58870.2890625,59565.216589376054,58274.636896606244,59565.216589376054,3783500,1d,VCB,VCB.VN
2025-04-15 00:00:00,59565.21875,60458.697031250005,57877.53755208333,58671.74046875,5783200,1d,VCB,VCB.VN
2025-04-16 00:00:00,58870.2890625,59863.04267232294,58572.46297955312,59267.390506429176,2789800,1d,VCB,VCB.VN
2025-04-17 00:00:00,57678.984375,58870.28869944062,57678.984375,58870.28869944062,3151800,1d,VCB,VCB.VN
2025-04-18 00:00:00,57678.984375,59168.11478055077,57678.984375,58274.63653722031,2329401,1d,VCB,VCB.VN
2025-04-21 00:00:00,57778.26171875,58473.18926519545,57678.98635497208,58076.087810083765,1290500,1d,VCB,VCB.VN
2025-04-22 00:00:00,58076.0859375,58373.91201923077,54303.62223557692,57678.98449519231,4014700,1d,VCB,VCB.VN
2025-04-23 00:00:00,57579.7109375,58969.56602909483,57579.7109375,58969.56602909483,1928700,1d,VCB,VCB.VN
2025-04-24 00:00:00,57778.26171875,58175.36317386169,57579.71099119416,57778.26171875,2025200,1d,VCB,VCB.VN
2025-04-25 00:00:00,57083.33203125,58572.462432065215,57083.33203125,57778.259551630435,3682000,1d,VCB,VCB.VN
2025-04-28 00:00:00,57083.33203125,57877.53491168479,57083.33203125,57281.882751358695,1818600,1d,VCB,VCB.VN
2025-04-29 00:00:00,56884.78125,58076.08556937173,56884.78125,57281.882689790575,2462700,1d,VCB,VCB.VN
2025-05-05 00:00:00,56686.23046875,57579.708707311736,56586.95510890981,57083.33190811077,2231718,1d,VCB,VCB.VN
2025-05-06 00:00:00,56586.95703125,57579.7106633772,56586.95703125,56884.78312088816,3508281,1d,VCB,VCB.VN
2025-05-07 00:00:00,56586.95703125,57083.3338473136,56586.95703125,56686.23239446272,2545087,1d,VCB,VCB.VN
2025-05-08 00:00:00,56686.23046875,57281.88262779116,56487.67974906961,56984.05654827058,3064860,1d,VCB,VCB.VN
2025-05-09 00:00:00,56189.85546875,57182.60909893993,56189.85546875,56884.78300988295,6055894,1d,VCB,VCB.VN
2025-05-12 00:00:00,56189.85546875,56884.78300988295,55792.75401667403,56586.95692082597,6045543,1d,VCB,VCB.VN
2025-05-13 00:00:00,56388.40625,56884.78306558098,56189.855523767605,56686.23233934859,7613543,1d,VCB,VCB.VN
2025-05-14 00:00:00,58274.63671875,58373.912079429305,56785.50630856048,56785.50630856048,8071608,1d,VCB,VCB.VN
2025-05-15 00:00:00,58274.63671875,59366.66568622232,58274.63671875,58870.288882825815,8290607,1d,VCB,VCB.VN
2025-05-16 00:00:00,57083.33203125,58572.462432065215,57083.33203125,58373.91171195652,11589970,1d,VCB,VCB.VN
2025-05-19 00:00:00,56586.95703125,57182.609210526316,56586.95703125,56984.05848410088,5002918,1d,VCB,VCB.VN
2025-05-20 00:00:00,56686.23046875,56984.05654827058,56388.40438922942,56586.95510890981,3906882,1d,VCB,VCB.VN
2025-05-21 00:00:00,56686.23046875,57480.43334747154,56586.95510890981,57083.33190811077,5375505,1d,VCB,VCB.VN
2025-05-22 00:00:00,56487.6796875,56984.05648615993,56487.6796875,56686.23040696397,4096103,1d,VCB,VCB.VN
2025-05-23 00:00:00,56388.40625,57083.33379181338,56289.1308868838,56487.6816131162,3761892,1d,VCB,VCB.VN
2025-05-26 00:00:00,56586.95703125,56586.95703125,55594.20339912281,56487.68166803729,5058429,1d,VCB,VCB.VN
2025-05-27 00:00:00,56388.40625,56785.50770246478,56289.1308868838,56388.40625,5805811,1d,VCB,VCB.VN
2025-05-28 00:00:00,56388.40625,57182.609154929574,56388.40625,56686.23233934859,7459437,1d,VCB,VCB.VN
2025-05-29 00:00:00,56289.12890625,56785.505704365074,56289.12890625,56785.505704365074,4318542,1d,VCB,VCB.VN
2025-05-30 00:00:00,55991.3046875,56487.68150210549,55991.3046875,56388.40613918439,3978554,1d,VCB,VCB.VN
2025-06-02 00:00:00,55792.75390625,56090.579994717526,55693.47854342749,56090.579994717526,3439645,1d,VCB,VCB.VN
2025-06-03 00:00:00,56388.40625,56487.6816131162,55991.30479753521,56289.1308868838,3408416,1d,VCB,VCB.VN
2025-06-04 00:00:00,56189.85546875,56586.95692082597,56090.58010573101,56487.68155780698,2902760,1d,VCB,VCB.VN
2025-06-05 00:00:00,55892.02734375,56388.40414076376,55892.02734375,56289.12878136101,2916587,1d,VCB,VCB.VN
2025-06-06 00:00:00,55693.4765625,56189.85335895722,55693.4765625,55892.02728108289,2723554,1d,VCB,VCB.VN
2025-06-09 00:00:00,55494.92578125,55991.30257714669,55494.92578125,55792.75185878802,2287030,1d,VCB,VCB.VN
2025-06-10 00:00:00,55494.92578125,55792.75185878802,55494.92578125,55594.20114042934,2422688,1d,VCB,VCB.VN
2025-06-11 00:00:00,55296.375,55792.75179533214,55296.375,55792.75179533214,2358663,1d,VCB,VCB.VN
2025-06-12 00:00:00,55594.203125,55693.478487723216,55296.37703683036,55594.203125,2647774,1d,VCB,VCB.VN
2025-06-13 00:00:00,55792.75390625,56686.23217165258,55197.10172931495,55494.927817782474,5432163,1d,VCB,VCB.VN
2025-06-16 00:00:00,56189.85546875,56289.13083176899,55792.75401667403,55792.75401667403,4620463,1d,VCB,VCB.VN
2025-06-17 00:00:00,56785.5078125,57083.3339024257,56388.40635926573,56487.6817225743,5226205,1d,VCB,VCB.VN
2025-06-18 00:00:00,56289.12890625,56884.78106398809,56090.578187003965,56785.505704365074,3615309,1d,VCB,VCB.VN
2025-06-19 00:00:00,56189.85546875,56586.95692082597,56090.58010573101,56289.13083176899,2430564,1d,VCB,VCB.VN
2025-06-20 00:00:00,56686.23046875,56785.50582859019,56090.57830970884,56289.12902938923,8079498,1d,VCB,VCB.VN
2025-06-23 00:00:00,56189.85546875,56487.68155780698,56090.58010573101,56289.13083176899,2776926,1d,VCB,VCB.VN
2025-06-24 00:00:00,56189.85546875,56686.23228384497,56189.85546875,56487.68155780698,4670030,1d,VCB,VCB.VN
2025-06-25 00:00:00,56189.85546875,56487.68155780698,56189.85546875,56388.40619478799,2833088,1d,VCB,VCB.VN
2025-06-26 00:00:00,55991.3046875,56388.40613918439,55991.3046875,56289.13077626329,3004219,1d,VCB,VCB.VN
2025-06-27 00:00:00,56289.12890625,56884.78106398809,55991.30282738095,56189.85354662698,4176599,1d,VCB,VCB.VN
2025-06-30 00:00:00,56586.95703125,56785.50775767544,56487.68166803729,56586.95703125,3991227,1d,VCB,VCB.VN
2025-07-01 00:00:00,57778.26171875,58373.91390141753,56686.23271719287,56785.508080970794,10151510,1d,VCB,VCB.VN
2025-07-02 00:00:00,57579.7109375,58175.36311961207,57281.884846443965,57877.537028556035,3038603,1d,VCB,VCB.VN
2025-07-03 00:00:00,57480.43359375,58373.911836139894,57281.882873218914,57678.984314281086,7534255,1d,VCB,VCB.VN
2025-07-04 00:00:00,57976.8125,58373.91395547945,57381.16031678082,57480.435680650684,4973776,1d,VCB,VCB.VN
2025-07-07 00:00:00,58175.36328125,58473.18937313354,57778.261825405294,58076.08791728882,8193549,1d,VCB,VCB.VN
2025-07-08 00:00:00,58572.46484375,59068.841664459746,58175.3633871822,58373.914115466105,10886490,1d,VCB,VCB.VN
2025-07-09 00:00:00,61054.34765625,61352.17374237805,58969.565053353654,58969.565053353654,16602680,1d,VCB,VCB.VN
2025-07-10 00:00:00,60955.07421875,61352.175679458465,60557.97275804153,61352.175679458465,8283436,1d,VCB,VCB.VN
2025-07-11 00:00:00,62245.65234375,62642.75379410885,61054.34799267345,61054.34799267345,12846700,1d,VCB,VCB.VN
2025-07-14 00:00:00,61947.828125,62444.20495292468,60557.97300681089,62444.20495292468,8165467,1d,VCB,VCB.VN
2025-07-15 00:00:00,60955.07421875,62146.3786008754,60955.07421875,61947.82787052117,6454627,1d,VCB,VCB.VN
2025-07-16 00:00:00,61352.17578125,61650.001877275485,60657.248223857205,60955.07431988269,62729140,1d,VCB,VCB.VN
2025-07-17 00:00:00,61749.27734375,62245.65417127211,61352.17588173231,61352.17588173231,14285620,1d,VCB,VCB.VN
2025-07-18 00:00:00,61451.44921875,62146.37675434168,61352.17385652262,61848.55066765953,7041692,1d,VCB,VCB.VN
2025-07-21 00:00:00,60855.796875,62245.65194229201,60855.796875,61749.27513254486,7125587,1d,VCB,VCB.VN
2025-07-22 00:00:00,61749.27734375,61749.27734375,60458.697592192526,60855.799054210205,5029448,1d,VCB,VCB.VN
2025-07-23 00:00:00,61650.0,62146.3768115942,61352.17391304348,62047.10144927536,5224822,1d,VCB,VCB.VN
2025-07-24 00:00:00,61650.0,63039.85507246377,61451.44927536232,61749.27536231884,8940746,1d,VCB,VCB.VN
2025-07-25 00:00:00,61550.7265625,62047.10338961693,61451.45119707661,61650.00192792339,5111588,1d,VCB,VCB.VN
2025-07-28 00:00:00,62344.92578125,62543.476500298566,61649.99826458001,61749.273624104295,10813560,1d,VCB,VCB.VN
2025-07-29 00:00:00,60557.97265625,62742.03068647541,60557.97265625,62742.03068647541,10780710,1d,VCB,VCB.VN
2025-07-30 00:00:00,60458.6953125,61451.44893011084,59962.31850369458,60557.97067426109,7399600,1d,VCB,VCB.VN
2025-07-31 00:00:00,59763.76953125,61252.900001297756,59664.494166580145,61054.34927195805,6205831,1d,VCB,VCB.VN
2025-08-01 00:00:00,59763.76953125,60160.870989929404,59267.39270790075,59863.04489591985,4931693,1d,VCB,VCB.VN
2025-08-04 00:00:00,60657.24609375,60955.072179316696,59565.21711333879,59664.492475194354,4593017,1d,VCB,VCB.VN
2025-08-05 00:00:00,61054.34765625,63238.40562118902,60756.52157012195,61054.34765625,18885850,1d,VCB,VCB.VN
2025-08-06 00:00:00,61848.55078125,62344.927593298555,61451.449331611155,61650.00005643058,4813719,1d,VCB,VCB.VN
2025-08-07 00:00:00,61252.8984375,62444.20278312399,60855.796988958675,62444.20278312399,9626430,1d,VCB,VCB.VN
2025-08-08 00:00:00,61451.44921875,62841.30428993336,61153.623132067856,61749.27530543215,10795670,1d,VCB,VCB.VN
2025-08-11 00:00:00,62047.1015625,62742.0291,61650.0001125,61650.0001125,7393190,1d,VCB,VCB.VN
2025-08-12 00:00:00,62543.4765625,64330.43303571428,62245.65048363095,62344.925843253965,12473370,1d,VCB,VCB.VN
2025-08-13 00:00:00,62047.1015625,63139.13055,61550.72475,63039.8551875,7586427,1d,VCB,VCB.VN
2025-08-14 00:00:00,64727.53515625,65819.56412361005,62841.30330353719,63238.40474621357,19173770,1d,VCB,VCB.VN
2025-08-15 00:00:00,63834.05859375,67010.8702189444,63734.78323046267,66911.59485565708,16749930,1d,VCB,VCB.VN
2025-08-18 00:00:00,64032.609375,65124.638372093024,63536.23255813954,64330.43546511628,8583087,1d,VCB,VCB.VN
2025-08-19 00:00:00,63734.78125,64926.08557242991,63734.78125,64032.607330607476,9416712,1d,VCB,VCB.VN
2025-08-20 00:00:00,62543.4765625,64131.882316468254,61749.27368551587,64032.60695684524,10760680,1d,VCB,VCB.VN
2025-08-21 00:00:00,63734.78125,64528.98413161994,62841.30300817757,62841.30300817757,9918977,1d,VCB,VCB.VN
2025-08-22 00:00:00,64131.8828125,66713.04218266254,63238.4045689822,63536.2306501548,19176940,1d,VCB,VCB.VN
2025-08-25 00:00:00,63139.12890625,65323.18682439073,62940.57818641903,65323.18682439073,7867628,1d,VCB,VCB.VN
2025-08-26 00:00:00,64131.8828125,64528.98425406347,62444.20168585527,63139.12920859133,8209194,1d,VCB,VCB.VN
2025-08-27 00:00:00,68599.2734375,68599.2734375,64528.98369663531,64528.98369663531,33254600,1d,VCB,VCB.VN
2025-08-28 00:00:00,68500.0,70088.40579710144,68202.17391304347,68996.37681159421,9359793,1d,VCB,VCB.VN
2025-08-29 00:00:00,68102.8984375,69592.02886980686,68003.62307534622,68698.55061042274,14707680,1d,VCB,VCB.VN
2025-09-03 00:00:00,66514.4921875,68301.44869402985,66514.4921875,68301.44869402985,14579980,1d,VCB,VCB.VN
2025-09-04 00:00:00,68400.7265625,68500.00192761248,66415.21926025036,67010.87145092526,9042641,1d,VCB,VCB.VN
2025-09-05 00:00:00,67010.8671875,69095.64972222222,67010.8671875,68996.37436342593,11260080,1d,VCB,VCB.VN
2025-09-08 00:00:00,64826.8125,67010.87050153139,64826.8125,66613.7690467075,11211920,1d,VCB,VCB.VN
2025-09-09 00:00:00,64429.7109375,65720.2906635208,64032.60948333975,65025.36311874037,6448308,1d,VCB,VCB.VN
2025-09-10 00:00:00,65323.1875,65521.738221884494,64330.43389057751,65124.6367781155,5013842,1d,VCB,VCB.VN
2025-09-11 00:00:00,65223.9140625,65521.74015410959,63734.78360445205,65124.63869863014,6639770,1d,VCB,VCB.VN
2025-09-12 00:00:00,65323.1875,65720.28894376899,64528.984612462,65720.28894376899,5700154,1d,VCB,VCB.VN
2025-09-15 00:00:00,65323.1875,65521.738221884494,65025.36141717325,65521.738221884494,12025590,1d,VCB,VCB.VN
2025-09-16 00:00:00,65124.63671875,66117.39032726752,65124.63671875,65521.73816215701,6829896,1d,VCB,VCB.VN
2025-09-17 00:00:00,64330.43359375,65323.18719859182,64330.43359375,65025.36111713927,6275957,1d,VCB,VCB.VN
2025-09-18 00:00:00,63436.95703125,64429.71066241197,63139.13094190141,64429.71066241197,8815058,1d,VCB,VCB.VN
2025-09-19 00:00:00,62543.4765625,64032.60695684524,62543.4765625,63734.78087797619,7148361,1d,VCB,VCB.VN
2025-09-22 00:00:00,61550.7265625,62742.03094758064,61352.17583165323,62543.48021673387,6114086,1d,VCB,VCB.VN
2025-09-23 00:00:00,61749.27734375,62642.75563328979,61749.27734375,61947.82807475884,3813363,1d,VCB,VCB.VN
2025-09-24 00:00:00,62245.65234375,62245.65234375,61352.174080442586,61947.826255980865,3924578,1d,VCB,VCB.VN
2025-09-25 00:00:00,62543.4765625,62940.57800099206,62245.65048363095,62841.302641369046,4081042,1d,VCB,VCB.VN
2025-09-26 00:00:00,62543.4765625,62940.57800099206,62444.20120287698,62742.02728174603,4027553,1d,VCB,VCB.VN
2025-09-29 00:00:00,62146.375,62444.20107827476,61947.82428115016,62444.20107827476,3225923,1d,VCB,VCB.VN
2025-09-30 00:00:00,61550.7265625,62444.20485131048,61352.17583165323,62344.9294858871,4301201,1d,VCB,VCB.VN
2025-10-01 00:00:00,61947.828125,62245.654221754805,61550.72666266025,62245.654221754805,3230888,1d,VCB,VCB.VN
2025-10-02 00:00:00,61650.0,62642.7536231884,61650.0,61947.82608695652,3764921,1d,VCB,VCB.VN
2025-10-03 00:00:00,61700.0,62000.0,61400.0,62000.0,3072042,1d,VCB,VCB.VN
2025-10-06 00:00:00,64000.0,64000.0,62800.0,62800.0,7469299,1d,VCB,VCB.VN
2025-10-07 00:00:00,63700.0,64100.0,63300.0,64100.0,4481587,1d,VCB,VCB.VN
2025-10-08 00:00:00,64600.0,64900.0,63600.0,64200.0,8316928,1d,VCB,VCB.VN
2025-10-09 00:00:00,63800.0,65200.0,63800.0,64500.0,5985726,1d,VCB,VCB.VN
2025-10-10 00:00:00,64200.0,64400.0,63600.0,63900.0,5392243,1d,VCB,VCB.VN
2025-10-13 00:00:00,63100.0,63800.0,62800.0,63400.0,8530994,1d,VCB,VCB.VN
2025-10-14 00:00:00,63100.0,64000.0,62900.0,63500.0,7019006,1d,VCB,VCB.VN
2025-10-15 00:00:00,62500.0,63400.0,62500.0,63100.0,5569622,1d,VCB,VCB.VN
2025-10-16 00:00:00,62900.0,63000.0,62500.0,62700.0,4639896,1d,VCB,VCB.VN
2025-10-17 00:00:00,61900.0,62900.0,61800.0,62900.0,5965555,1d,VCB,VCB.VN
2025-10-20 00:00:00,59400.0,62200.0,58600.0,61800.0,12127300,1d,VCB,VCB.VN
2025-10-21 00:00:00,59300.0,60700.0,59300.0,59700.0,8907885,1d,VCB,VCB.VN
2025-10-22 00:00:00,59600.0,60200.0,58500.0,60100.0,4682742,1d,VCB,VCB.VN
2025-10-23 00:00:00,59800.0,60300.0,58900.0,58900.0,4478162,1d,VCB,VCB.VN
2025-10-24 00:00:00,59500.0,59900.0,58800.0,59800.0,4379400,1d,VCB,VCB.VN
2025-10-27 00:00:00,59200.0,60000.0,59200.0,60000.0,2892739,1d,VCB,VCB.VN
2025-10-28 00:00:00,60000.0,60200.0,59100.0,59200.0,2795128,1d,VCB,VCB.VN
2025-10-29 00:00:00,60700.0,61000.0,59800.0,60000.0,4465810,1d,VCB,VCB.VN
2025-10-30 00:00:00,60600.0,61200.0,60300.0,61000.0,1951674,1d,VCB,VCB.VN
2025-10-31 00:00:00,59600.0,60800.0,59600.0,60800.0,2394883,1d,VCB,VCB.VN
2025-11-03 00:00:00,59300.0,60300.0,59300.0,60000.0,2857126,1d,VCB,VCB.VN
2025-11-04 00:00:00,60100.0,60400.0,59100.0,59200.0,5171668,1d,VCB,VCB.VN
2025-11-05 00:00:00,60800.0,61100.0,59900.0,60000.0,4607430,1d,VCB,VCB.VN
2025-11-06 00:00:00,60300.0,61300.0,60200.0,60900.0,3175128,1d,VCB,VCB.VN
2025-11-07 00:00:00,59300.0,60000.0,59000.0,60000.0,3662831,1d,VCB,VCB.VN
2025-11-10 00:00:00,58800.0,59700.0,58800.0,59400.0,2920470,1d,VCB,VCB.VN
2025-11-11 00:00:00,58900.0,59600.0,58800.0,59100.0,2586585,1d,VCB,VCB.VN
2025-11-12 00:00:00,59500.0,59700.0,59000.0,59100.0,2222657,1d,VCB,VCB.VN
2025-11-13 00:00:00,59800.0,60000.0,59200.0,59500.0,2658685,1d,VCB,VCB.VN
2025-11-14 00:00:00,60000.0,60400.0,59400.0,59800.0,2548263,1d,VCB,VCB.VN
2025-11-17 00:00:00,60200.0,60400.0,59900.0,60000.0,1860428,1d,VCB,VCB.VN
2025-11-18 00:00:00,59900.0,60400.0,59800.0,60400.0,4739359,1d,VCB,VCB.VN
2025-11-19 00:00:00,59400.0,60100.0,59300.0,59900.0,3203759,1d,VCB,VCB.VN
2025-11-20 00:00:00,59400.0,59700.0,59200.0,59600.0,2737705,1d,VCB,VCB.VN
2025-11-21 00:00:00,59000.0,59200.0,58700.0,59100.0,4127425,1d,VCB,VCB.VN
2025-11-24 00:00:00,58800.0,59300.0,58700.0,59000.0,2805872,1d,VCB,VCB.VN
2025-11-25 00:00:00,58200.0,59000.0,58200.0,58900.0,3002789,1d,VCB,VCB.VN
2025-11-26 00:00:00,58100.0,58600.0,57800.0,58500.0,7193122,1d,VCB,VCB.VN
2025-11-27 00:00:00,57900.0,58500.0,57900.0,58200.0,3192377,1d,VCB,VCB.VN
2025-11-28 00:00:00,57400.0,58100.0,57400.0,58000.0,3716235,1d,VCB,VCB.VN
2025-12-01 00:00:00,57500.0,58000.0,57500.0,57600.0,2900104,1d,VCB,VCB.VN
2025-12-02 00:00:00,57600.0,57800.0,57200.0,57500.0,3368639,1d,VCB,VCB.VN
2025-12-03 00:00:00,58900.0,59100.0,57800.0,57800.0,6238383,1d,VCB,VCB.VN
2025-12-04 00:00:00,58900.0,59400.0,58700.0,59000.0,3107612,1d,VCB,VCB.VN
2025-12-05 00:00:00,58300.0,59200.0,58200.0,59000.0,3684024,1d,VCB,VCB.VN
2025-12-08 00:00:00,57900.0,58300.0,57800.0,58200.0,2322740,1d,VCB,VCB.VN
2025-12-09 00:00:00,58000.0,58700.0,57300.0,57900.0,7236097,1d,VCB,VCB.VN
2025-12-10 00:00:00,58200.0,58600.0,57800.0,58300.0,6930029,1d,VCB,VCB.VN
2025-12-11 00:00:00,57600.0,58400.0,57600.0,58400.0,1870105,1d,VCB,VCB.VN
2025-12-12 00:00:00,56800.0,57800.0,56800.0,57800.0,4908342,1d,VCB,VCB.VN
2025-12-15 00:00:00,56800.0,57300.0,56700.0,56800.0,3749468,1d,VCB,VCB.VN
2025-12-16 00:00:00,56900.0,57400.0,56000.0,56900.0,6378752,1d,VCB,VCB.VN
2025-12-17 00:00:00,56700.0,57500.0,56700.0,57000.0,2415069,1d,VCB,VCB.VN
2025-12-18 00:00:00,56800.0,57500.0,56700.0,57200.0,3580288,1d,VCB,VCB.VN
2025-12-19 00:00:00,57500.0,57500.0,56700.0,57000.0,4339233,1d,VCB,VCB.VN
2025-12-22 00:00:00,57800.0,58000.0,57300.0,57700.0,2951460,1d,VCB,VCB.VN
2025-12-23 00:00:00,57200.0,58100.0,57000.0,57800.0,3489396,1d,VCB,VCB.VN
2025-12-24 00:00:00,57000.0,57300.0,56900.0,57300.0,4437435,1d,VCB,VCB.VN
2025-12-25 00:00:00,57100.0,57900.0,57000.0,57000.0,4241925,1d,VCB,VCB.VN
2025-12-26 00:00:00,57100.0,57400.0,56600.0,57100.0,3312105,1d,VCB,VCB.VN
2025-12-29 00:00:00,57100.0,57500.0,57100.0,57400.0,3104824,1d,VCB,VCB.VN
2025-12-30 00:00:00,57300.0,58100.0,57200.0,57300.0,2962722,1d,VCB,VCB.VN
2025-12-31 00:00:00,57500.0,57900.0,57300.0,57400.0,3535714,1d,VCB,VCB.VN
2026-01-05 00:00:00,57100.0,57600.0,57000.0,57500.0,3604135,1d,VCB,VCB.VN
2026-01-06 00:00:00,57300.0,57500.0,56600.0,57100.0,4232923,1d,VCB,VCB.VN
2026-01-07 00:00:00,59600.0,59900.0,57500.0,57600.0,13102300,1d,VCB,VCB.VN
2026-01-08 00:00:00,63700.0,63700.0,59700.0,59800.0,27415360,1d,VCB,VCB.VN
2026-01-09 00:00:00,68000.0,68000.0,65400.0,65400.0,32526260,1d,VCB,VCB.VN
2026-01-12 00:00:00,72700.0,72700.0,69600.0,69900.0,22152250,1d,VCB,VCB.VN
2026-01-13 00:00:00,74000.0,76000.0,71800.0,74300.0,28508890,1d,VCB,VCB.VN
2026-01-14 00:00:00,76000.0,78800.0,73100.0,73100.0,21667290,1d,VCB,VCB.VN
2026-01-15 00:00:00,71900.0,74900.0,71900.0,74000.0,22804880,1d,VCB,VCB.VN
2026-01-16 00:00:00,73000.0,76000.0,72000.0,73000.0,13473930,1d,VCB,VCB.VN
2026-01-19 00:00:00,72700.0,73500.0,71600.0,73000.0,8576421,1d,VCB,VCB.VN
2026-01-20 00:00:00,73500.0,75000.0,72100.0,74000.0,21194870,1d,VCB,VCB.VN
2026-01-21 00:00:00,72800.0,73600.0,71700.0,72800.0,11358900,1d,VCB,VCB.VN
2026-01-22 00:00:00,71000.0,75900.0,70600.0,73400.0,66705650,1d,VCB,VCB.VN
2026-01-23 00:00:00,68600.0,71000.0,68500.0,71000.0,20845130,1d,VCB,VCB.VN
2026-01-26 00:00:00,69600.0,71100.0,68700.0,68900.0,13166810,1d,VCB,VCB.VN
2026-01-27 00:00:00,70600.0,71500.0,68100.0,69700.0,10578240,1d,VCB,VCB.VN
2026-01-28 00:00:00,69600.0,72900.0,69400.0,71100.0,14348470,1d,VCB,VCB.VN
2026-01-29 00:00:00,69800.0,70800.0,68600.0,69300.0,8069952,1d,VCB,VCB.VN
2026-01-30 00:00:00,70500.0,71900.0,69600.0,70600.0,11495970,1d,VCB,VCB.VN
2026-02-02 00:00:00,71500.0,71500.0,69300.0,70500.0,11010380,1d,VCB,VCB.VN
2026-02-03 00:00:00,71800.0,73300.0,71300.0,72400.0,15254650,1d,VCB,VCB.VN
2026-02-04 00:00:00,70800.0,72000.0,70500.0,72000.0,8960831,1d,VCB,VCB.VN
2026-02-05 00:00:00,68400.0,70800.0,68400.0,70700.0,11735060,1d,VCB,VCB.VN
2026-02-06 00:00:00,65100.0,67900.0,64900.0,67900.0,24822610,1d,VCB,VCB.VN
2026-02-09 00:00:00,65000.0,66000.0,64200.0,65500.0,7331314,1d,VCB,VCB.VN
2026-02-10 00:00:00,63100.0,65500.0,62600.0,64500.0,16063900,1d,VCB,VCB.VN
2026-02-11 00:00:00,64700.0,66600.0,63500.0,64000.0,11139010,1d,VCB,VCB.VN
2026-02-12 00:00:00,64200.0,65500.0,64200.0,65500.0,8179530,1d,VCB,VCB.VN
2026-02-13 00:00:00,64400.0,65100.0,64000.0,64700.0,4981417,1d,VCB,VCB.VN
2026-02-23 00:00:00,66400.0,66700.0,64600.0,65000.0,10305720,1d,VCB,VCB.VN
2026-02-24 00:00:00,65000.0,66600.0,64900.0,66600.0,10340650,1d,VCB,VCB.VN
2026-02-25 00:00:00,65100.0,66500.0,64700.0,65000.0,9635655,1d,VCB,VCB.VN
2026-02-26 00:00:00,65400.0,65900.0,65000.0,65200.0,7656085,1d,VCB,VCB.VN
2026-02-27 00:00:00,64900.0,66400.0,64800.0,65500.0,8956923,1d,VCB,VCB.VN
2026-03-02 00:00:00,62900.0,63900.0,62900.0,62900.0,17366610,1d,VCB,VCB.VN
2026-03-03 00:00:00,61600.0,63700.0,61400.0,62900.0,12668730,1d,VCB,VCB.VN
2026-03-04 00:00:00,63000.0,63200.0,61700.0,61800.0,10299450,1d,VCB,VCB.VN
2026-03-05 00:00:00,62500.0,63700.0,62500.0,63700.0,6223089,1d,VCB,VCB.VN
2026-03-06 00:00:00,61600.0,63200.0,61600.0,62000.0,8906748,1d,VCB,VCB.VN
2026-03-09 00:00:00,57300.0,59700.0,57300.0,57400.0,29447220,1d,VCB,VCB.VN
2026-03-10 00:00:00,60400.0,60900.0,58800.0,59800.0,11564120,1d,VCB,VCB.VN
2026-03-11 00:00:00,60400.0,61200.0,60000.0,60500.0,8807386,1d,VCB,VCB.VN
2026-03-12 00:00:00,59800.0,60300.0,59500.0,60200.0,6303971,1d,VCB,VCB.VN
2026-03-13 00:00:00,59000.0,60100.0,58900.0,59200.0,5701270,1d,VCB,VCB.VN
2026-03-16 00:00:00,58800.0,59800.0,58600.0,59300.0,4092351,1d,VCB,VCB.VN
2026-03-17 00:00:00,60500.0,60500.0,59400.0,59500.0,7418606,1d,VCB,VCB.VN
2026-03-18 00:00:00,60500.0,62000.0,60000.0,60900.0,8300107,1d,VCB,VCB.VN
2026-03-19 00:00:00,59800.0,60000.0,59000.0,59700.0,6286972,1d,VCB,VCB.VN
2026-03-20 00:00:00,58000.0,59800.0,58000.0,59800.0,8420348,1d,VCB,VCB.VN
2026-03-23 00:00:00,57600.0,58300.0,56500.0,57800.0,9669552,1d,VCB,VCB.VN
2026-03-24 00:00:00,58200.0,59000.0,58000.0,59000.0,4346572,1d,VCB,VCB.VN
2026-03-25 00:00:00,58400.0,59100.0,58000.0,58800.0,8598580,1d,VCB,VCB.VN
2026-03-26 00:00:00,57900.0,58600.0,57500.0,58500.0,6238873,1d,VCB,VCB.VN
2026-03-27 00:00:00,58800.0,59000.0,57900.0,58000.0,6143255,1d,VCB,VCB.VN
2026-03-30 00:00:00,58000.0,58500.0,57800.0,57900.0,10737210,1d,VCB,VCB.VN
2026-03-31 00:00:00,58100.0,58900.0,58000.0,58200.0,5494725,1d,VCB,VCB.VN
2026-04-01 00:00:00,59000.0,59200.0,58500.0,58900.0,8303634,1d,VCB,VCB.VN
2026-04-02 00:00:00,58200.0,58800.0,58100.0,58700.0,5713563,1d,VCB,VCB.VN
2026-04-03 00:00:00,57700.0,58500.0,57700.0,58300.0,6057690,1d,VCB,VCB.VN
2026-04-06 00:00:00,58000.0,58200.0,57700.0,57800.0,4386428,1d,VCB,VCB.VN
2026-04-07 00:00:00,58000.0,58300.0,57700.0,58000.0,4022563,1d,VCB,VCB.VN
2026-04-08 00:00:00,60200.0,60300.0,58800.0,59200.0,13817520,1d,VCB,VCB.VN
2026-04-09 00:00:00,59400.0,60100.0,59300.0,60000.0,6293958,1d,VCB,VCB.VN
2026-04-10 00:00:00,59800.0,61000.0,59600.0,59600.0,7768306,1d,VCB,VCB.VN
2026-04-13 00:00:00,59200.0,59500.0,59000.0,59500.0,5258429,1d,VCB,VCB.VN
2026-04-14 00:00:00,59300.0,59800.0,59100.0,59700.0,11224330,1d,VCB,VCB.VN
2026-04-15 00:00:00,59900.0,60500.0,59600.0,59700.0,9155225,1d,VCB,VCB.VN
2026-04-16 00:00:00,59400.0,60100.0,59300.0,60000.0,4296138,1d,VCB,VCB.VN
2026-04-17 00:00:00,59500.0,59900.0,59400.0,59400.0,4443479,1d,VCB,VCB.VN
2026-04-20 00:00:00,60100.0,60500.0,59500.0,59600.0,6596430,1d,VCB,VCB.VN
2026-04-21 00:00:00,59600.0,60600.0,59600.0,60400.0,6529484,1d,VCB,VCB.VN
2026-04-22 00:00:00,59400.0,59800.0,59200.0,59600.0,3062915,1d,VCB,VCB.VN
2026-04-23 00:00:00,62800.0,63500.0,59600.0,59700.0,35349220,1d,VCB,VCB.VN
2026-04-24 00:00:00,60600.0,63000.0,60600.0,63000.0,11991380,1d,VCB,VCB.VN
2026-04-28 00:00:00,59800.0,61500.0,59800.0,60800.0,7675204,1d,VCB,VCB.VN
2026-04-29 00:00:00,59800.0,60500.0,59500.0,59900.0,6508320,1d,VCB,VCB.VN
2026-05-04 00:00:00,60700.0,61200.0,60000.0,60500.0,7630808,1d,VCB,VCB.VN
2026-05-05 00:00:00,59900.0,60700.0,59700.0,60600.0,6519369,1d,VCB,VCB.VN
2026-05-06 00:00:00,60500.0,60500.0,59700.0,60200.0,5938608,1d,VCB,VCB.VN
2026-05-07 00:00:00,60300.0,61100.0,60300.0,60900.0,6125759,1d,VCB,VCB.VN
2026-05-08 00:00:00,60700.0,61700.0,60300.0,60500.0,10026320,1d,VCB,VCB.VN
2026-05-11 00:00:00,60300.0,61100.0,60200.0,61000.0,5615620,1d,VCB,VCB.VN
2026-05-12 00:00:00,59900.0,60500.0,59500.0,60300.0,6604760,1d,VCB,VCB.VN
2026-05-13 00:00:00,60100.0,61300.0,59200.0,59700.0,8975074,1d,VCB,VCB.VN
2026-05-14 00:00:00,61000.0,61500.0,60000.0,60500.0,5719909,1d,VCB,VCB.VN
2026-05-15 00:00:00,60700.0,61700.0,60700.0,61300.0,8377157,1d,VCB,VCB.VN
